20250710T15:06:30Z STORRENTI LOKI: Notice: MODULE: Init MESSAGE: Starting Loki Scan VERSION: 0.51.0 SYSTEM: STORRENTI TIME: 20250710T15:06:30Z PLATFORM: 10 10.0.26100 SP0 Multiprocessor Free PROC: Intel64 Family 6 Model 183 Stepping 1, GenuineIntel ARCH: 64bit WindowsPE
20250710T15:06:30Z STORRENTI LOKI: Notice: MODULE: PESieve MESSAGE: PE-Sieve successfully initialized BINARY: C:\Users\torrs\Documents\GitHub\Dossier-Projet\cour\cour formation\SEC102\loki\tools\pe-sieve64.exe SOURCE: https://github.com/hasherezade/pe-sieve
20250710T15:06:31Z STORRENTI LOKI: Info: MODULE: Init MESSAGE: File Name Characteristics initialized with 3786 regex patterns
20250710T15:06:31Z STORRENTI LOKI: Info: MODULE: Init MESSAGE: C2 server indicators initialized with 1773 elements
20250710T15:06:31Z STORRENTI LOKI: Info: MODULE: Init MESSAGE: Malicious MD5 Hashes initialized with 6000 hashes
20250710T15:06:31Z STORRENTI LOKI: Info: MODULE: Init MESSAGE: Malicious SHA1 Hashes initialized with 1602 hashes
20250710T15:06:31Z STORRENTI LOKI: Info: MODULE: Init MESSAGE: Malicious SHA256 Hashes initialized with 2298 hashes
20250710T15:06:31Z STORRENTI LOKI: Info: MODULE: Init MESSAGE: False Positive Hashes initialized with 0 hashes
20250710T15:06:31Z STORRENTI LOKI: Info: MODULE: Init MESSAGE: Processing YARA rules folder C:\Users\torrs\Documents\GitHub\Dossier-Projet\cour\cour formation\SEC102\loki\signature-base\yara
20250710T15:06:32Z STORRENTI LOKI: Info: MODULE: Init MESSAGE: Initializing all YARA rules at once (composed string of all rule files)
20250710T15:06:33Z STORRENTI LOKI: Info: MODULE: Init MESSAGE: Initialized 1018 Yara rules
20250710T15:06:33Z STORRENTI LOKI: Info: MODULE: Init MESSAGE: Current user has admin rights - very good
20250710T15:06:33Z STORRENTI LOKI: Info: MODULE: Init MESSAGE: Setting LOKI process with PID: 25944 to priority IDLE
20250710T15:06:35Z STORRENTI LOKI: Info: MODULE: ProcessScan MESSAGE: Skipping Process PID: 0 NAME: System Idle Process OWNER: unknown CMD: N/A PATH: none
20250710T15:06:35Z STORRENTI LOKI: Info: MODULE: ProcessScan MESSAGE: Skipping Process PID: 4 NAME: System OWNER: unknown CMD: N/A PATH: none
20250710T15:06:35Z STORRENTI LOKI: Info: MODULE: ProcessScan MESSAGE: Scanning Process PID: 332 NAME: Secure System OWNER: Système CMD: N/A PATH: none
20250710T15:06:35Z STORRENTI LOKI: Info: MODULE: ProcessScan MESSAGE: PE-Sieve reported no anomalies PID: 332 NAME: Secure System OWNER: Système CMD: N/A PATH: none
20250710T15:06:35Z STORRENTI LOKI: Info: MODULE: ProcessScan MESSAGE: Scanning Process PID: 376 NAME: Registry OWNER: Système CMD: N/A PATH: none
20250710T15:06:36Z STORRENTI LOKI: Info: MODULE: ProcessScan MESSAGE: PE-Sieve reported no anomalies PID: 376 NAME: Registry OWNER: Système CMD: N/A PATH: none
20250710T15:06:36Z STORRENTI LOKI: Info: MODULE: ProcessScan MESSAGE: Scanning Process PID: 1040 NAME: smss.exe OWNER: Système CMD: N/A PATH: none
20250710T15:06:36Z STORRENTI LOKI: Info: MODULE: ProcessScan MESSAGE: PE-Sieve reported no anomalies PID: 1040 NAME: smss.exe OWNER: Système CMD: N/A PATH: none
20250710T15:06:36Z STORRENTI LOKI: Info: MODULE: ProcessScan MESSAGE: Scanning Process PID: 1492 NAME: csrss.exe OWNER: Système CMD: N/A PATH: none
20250710T15:06:36Z STORRENTI LOKI: Info: MODULE: ProcessScan MESSAGE: PE-Sieve reported no anomalies PID: 1492 NAME: csrss.exe OWNER: Système CMD: N/A PATH: none
20250710T15:06:36Z STORRENTI LOKI: Info: MODULE: ProcessScan MESSAGE: Scanning Process PID: 1596 NAME: wininit.exe OWNER: Système CMD: N/A PATH: none
20250710T15:06:36Z STORRENTI LOKI: Info: MODULE: ProcessScan MESSAGE: PE-Sieve reported no anomalies PID: 1596 NAME: wininit.exe OWNER: Système CMD: N/A PATH: none
20250710T15:06:36Z STORRENTI LOKI: Notice: MODULE: ProcessScan MESSAGE: Listening process PID: 1596 NAME: wininit.exe COMMAND: None IP: :: PORT: 49665
20250710T15:06:36Z STORRENTI LOKI: Notice: MODULE: ProcessScan MESSAGE: Listening process PID: 1596 NAME: wininit.exe COMMAND: None IP: 0.0.0.0 PORT: 49665
20250710T15:06:37Z STORRENTI LOKI: Info: MODULE: ProcessScan MESSAGE: Scanning Process PID: 1668 NAME: services.exe OWNER: Système CMD: N/A PATH: none
20250710T15:06:37Z STORRENTI LOKI: Info: MODULE: ProcessScan MESSAGE: PE-Sieve reported no anomalies PID: 1668 NAME: services.exe OWNER: Système CMD: N/A PATH: none
20250710T15:06:37Z STORRENTI LOKI: Notice: MODULE: ProcessScan MESSAGE: Listening process PID: 1668 NAME: services.exe COMMAND: None IP: 0.0.0.0 PORT: 49689
20250710T15:06:37Z STORRENTI LOKI: Notice: MODULE: ProcessScan MESSAGE: Listening process PID: 1668 NAME: services.exe COMMAND: None IP: :: PORT: 49689
20250710T15:06:37Z STORRENTI LOKI: Info: MODULE: ProcessScan MESSAGE: Scanning Process PID: 1676 NAME: LsaIso.exe OWNER: Système CMD: N/A PATH: none
20250710T15:06:37Z STORRENTI LOKI: Info: MODULE: ProcessScan MESSAGE: PE-Sieve reported no anomalies PID: 1676 NAME: LsaIso.exe OWNER: Système CMD: N/A PATH: none
20250710T15:06:37Z STORRENTI LOKI: Info: MODULE: ProcessScan MESSAGE: Scanning Process PID: 1696 NAME: lsass.exe OWNER: Système CMD: N/A PATH: none
20250710T15:06:37Z STORRENTI LOKI: Info: MODULE: ProcessScan MESSAGE: PE-Sieve reported no anomalies PID: 1696 NAME: lsass.exe OWNER: Système CMD: N/A PATH: none
20250710T15:06:37Z STORRENTI LOKI: Notice: MODULE: ProcessScan MESSAGE: Listening process PID: 1696 NAME: lsass.exe COMMAND: None IP: :: PORT: 49664
20250710T15:06:37Z STORRENTI LOKI: Notice: MODULE: ProcessScan MESSAGE: Listening process PID: 1696 NAME: lsass.exe COMMAND: None IP: 0.0.0.0 PORT: 49664
20250710T15:06:37Z STORRENTI LOKI: Info: MODULE: ProcessScan MESSAGE: Scanning Process PID: 1820 NAME: svchost.exe OWNER: Système CMD: C:\WINDOWS\system32\svchost.exe -k DcomLaunch -p PATH: C:\WINDOWS\system32\svchost.exe
20250710T15:06:38Z STORRENTI LOKI: Info: MODULE: ProcessScan MESSAGE: PE-Sieve reported no anomalies PID: 1820 NAME: svchost.exe OWNER: Système CMD: C:\WINDOWS\system32\svchost.exe -k DcomLaunch -p PATH: C:\WINDOWS\system32\svchost.exe
20250710T15:06:38Z STORRENTI LOKI: Info: MODULE: ProcessScan MESSAGE: Scanning Process PID: 1840 NAME: fontdrvhost.exe OWNER: UMFD-0 CMD: C:\WINDOWS\system32\fontdrvhost.exe PATH: C:\WINDOWS\system32\fontdrvhost.exe
20250710T15:06:38Z STORRENTI LOKI: Info: MODULE: ProcessScan MESSAGE: PE-Sieve reported no anomalies PID: 1840 NAME: fontdrvhost.exe OWNER: UMFD-0 CMD: C:\WINDOWS\system32\fontdrvhost.exe PATH: C:\WINDOWS\system32\fontdrvhost.exe
20250710T15:06:38Z STORRENTI LOKI: Info: MODULE: ProcessScan MESSAGE: Scanning Process PID: 1888 NAME: WUDFHost.exe OWNER: SERVICE LOCAL CMD: "C:\Windows\System32\WUDFHost.exe" -HostGUID:{193a1820-d9ac-4997-8c55-be817523f6aa} -IoEventPortName:\UMDFCommunicationPorts\WUDF\HostProcess-03bbfd93-ceeb-4f73-bb52-5cc9dc1b1753 -SystemEventPortName:\UMDFCommunicationPorts\WUDF\HostProcess-9d025aba-284b-4f77-96f8-8168e12e025e -IoCancelEventPortName:\UMDFCommunicationPorts\WUDF\HostProcess-59e26880-c0f2-4998-9224-43af921335b6 -NonStateChangingEventPortName:\UMDFCommunicationPorts\WUDF\HostProcess-ad6392d9-e456-46f7-a1e3-1f5e85f8f554 -LifetimeId:8e74bd43-bf77-4495-be66-972ad408662e -DeviceGroupId:WudfDefaultDevicePool -HostArg:0 PATH: C:\Windows\System32\WUDFHost.exe
20250710T15:06:38Z STORRENTI LOKI: Info: MODULE: ProcessScan MESSAGE: PE-Sieve reported no anomalies PID: 1888 NAME: WUDFHost.exe OWNER: SERVICE LOCAL CMD: "C:\Windows\System32\WUDFHost.exe" -HostGUID:{193a1820-d9ac-4997-8c55-be817523f6aa} -IoEventPortName:\UMDFCommunicationPorts\WUDF\HostProcess-03bbfd93-ceeb-4f73-bb52-5cc9dc1b1753 -SystemEventPortName:\UMDFCommunicationPorts\WUDF\HostProcess-9d025aba-284b-4f77-96f8-8168e12e025e -IoCancelEventPortName:\UMDFCommunicationPorts\WUDF\HostProcess-59e26880-c0f2-4998-9224-43af921335b6 -NonStateChangingEventPortName:\UMDFCommunicationPorts\WUDF\HostProcess-ad6392d9-e456-46f7-a1e3-1f5e85f8f554 -LifetimeId:8e74bd43-bf77-4495-be66-972ad408662e -DeviceGroupId:WudfDefaultDevicePool -HostArg:0 PATH: C:\Windows\System32\WUDFHost.exe
20250710T15:06:39Z STORRENTI LOKI: Info: MODULE: ProcessScan MESSAGE: Scanning Process PID: 1960 NAME: svchost.exe OWNER: SERVICE RÉSEAU CMD: C:\WINDOWS\system32\svchost.exe -k RPCSS -p PATH: C:\WINDOWS\system32\svchost.exe
20250710T15:06:39Z STORRENTI LOKI: Info: MODULE: ProcessScan MESSAGE: PE-Sieve reported no anomalies PID: 1960 NAME: svchost.exe OWNER: SERVICE RÉSEAU CMD: C:\WINDOWS\system32\svchost.exe -k RPCSS -p PATH: C:\WINDOWS\system32\svchost.exe
20250710T15:06:39Z STORRENTI LOKI: Notice: MODULE: ProcessScan MESSAGE: Listening process PID: 1960 NAME: svchost.exe COMMAND: C:\WINDOWS\system32\svchost.exe -k RPCSS -p IP: :: PORT: 135
20250710T15:06:39Z STORRENTI LOKI: Notice: MODULE: ProcessScan MESSAGE: Listening process PID: 1960 NAME: svchost.exe COMMAND: C:\WINDOWS\system32\svchost.exe -k RPCSS -p IP: 0.0.0.0 PORT: 135
20250710T15:06:39Z STORRENTI LOKI: Info: MODULE: ProcessScan MESSAGE: Scanning Process PID: 2000 NAME: svchost.exe OWNER: Système CMD: C:\WINDOWS\system32\svchost.exe -k DcomLaunch -p -s LSM PATH: C:\WINDOWS\system32\svchost.exe
20250710T15:06:39Z STORRENTI LOKI: Info: MODULE: ProcessScan MESSAGE: PE-Sieve reported no anomalies PID: 2000 NAME: svchost.exe OWNER: Système CMD: C:\WINDOWS\system32\svchost.exe -k DcomLaunch -p -s LSM PATH: C:\WINDOWS\system32\svchost.exe
20250710T15:06:39Z STORRENTI LOKI: Info: MODULE: ProcessScan MESSAGE: Scanning Process PID: 1076 NAME: WUDFHost.exe OWNER: SERVICE LOCAL CMD: "C:\Windows\System32\WUDFHost.exe" -HostGUID:{193a1820-d9ac-4997-8c55-be817523f6aa} -IoEventPortName:\UMDFCommunicationPorts\WUDF\HostProcess-fd94a774-dd9e-4bec-b86b-9d730a105a6d -SystemEventPortName:\UMDFCommunicationPorts\WUDF\HostProcess-f8f85eea-cd29-431f-bea1-acaa2f5ada29 -IoCancelEventPortName:\UMDFCommunicationPorts\WUDF\HostProcess-e0d9ef0c-1b58-451c-a2be-53b455ccad19 -NonStateChangingEventPortName:\UMDFCommunicationPorts\WUDF\HostProcess-68666882-814d-47ee-9fc6-159b08981e92 -LifetimeId:12a5eeba-95ab-438f-834e-ab9a7ce41e28 -DeviceGroupId: -HostArg:0 PATH: C:\Windows\System32\WUDFHost.exe
20250710T15:06:39Z STORRENTI LOKI: Info: MODULE: ProcessScan MESSAGE: PE-Sieve reported no anomalies PID: 1076 NAME: WUDFHost.exe OWNER: SERVICE LOCAL CMD: "C:\Windows\System32\WUDFHost.exe" -HostGUID:{193a1820-d9ac-4997-8c55-be817523f6aa} -IoEventPortName:\UMDFCommunicationPorts\WUDF\HostProcess-fd94a774-dd9e-4bec-b86b-9d730a105a6d -SystemEventPortName:\UMDFCommunicationPorts\WUDF\HostProcess-f8f85eea-cd29-431f-bea1-acaa2f5ada29 -IoCancelEventPortName:\UMDFCommunicationPorts\WUDF\HostProcess-e0d9ef0c-1b58-451c-a2be-53b455ccad19 -NonStateChangingEventPortName:\UMDFCommunicationPorts\WUDF\HostProcess-68666882-814d-47ee-9fc6-159b08981e92 -LifetimeId:12a5eeba-95ab-438f-834e-ab9a7ce41e28 -DeviceGroupId: -HostArg:0 PATH: C:\Windows\System32\WUDFHost.exe
20250710T15:06:39Z STORRENTI LOKI: Info: MODULE: ProcessScan MESSAGE: Scanning Process PID: 2192 NAME: svchost.exe OWNER: Système CMD: C:\WINDOWS\system32\svchost.exe -k LocalSystemNetworkRestricted -p -s HvHost PATH: C:\WINDOWS\system32\svchost.exe
20250710T15:06:40Z STORRENTI LOKI: Info: MODULE: ProcessScan MESSAGE: PE-Sieve reported no anomalies PID: 2192 NAME: svchost.exe OWNER: Système CMD: C:\WINDOWS\system32\svchost.exe -k LocalSystemNetworkRestricted -p -s HvHost PATH: C:\WINDOWS\system32\svchost.exe
20250710T15:06:40Z STORRENTI LOKI: Info: MODULE: ProcessScan MESSAGE: Scanning Process PID: 2240 NAME: svchost.exe OWNER: SERVICE LOCAL CMD: C:\WINDOWS\system32\svchost.exe -k LocalService -p -s nsi PATH: C:\WINDOWS\system32\svchost.exe
20250710T15:06:40Z STORRENTI LOKI: Info: MODULE: ProcessScan MESSAGE: PE-Sieve reported no anomalies PID: 2240 NAME: svchost.exe OWNER: SERVICE LOCAL CMD: C:\WINDOWS\system32\svchost.exe -k LocalService -p -s nsi PATH: C:\WINDOWS\system32\svchost.exe
20250710T15:06:40Z STORRENTI LOKI: Notice: MODULE: ProcessScan MESSAGE: svchost.exe priority is not 8 PID: 2240 NAME: svchost.exe OWNER: SERVICE LOCAL CMD: C:\WINDOWS\system32\svchost.exe -k LocalService -p -s nsi PATH: C:\WINDOWS\system32\svchost.exe
20250710T15:06:40Z STORRENTI LOKI: Info: MODULE: ProcessScan MESSAGE: Scanning Process PID: 2256 NAME: svchost.exe OWNER: SERVICE LOCAL CMD: C:\WINDOWS\system32\svchost.exe -k LocalServiceNetworkRestricted -s BTAGService PATH: C:\WINDOWS\system32\svchost.exe
20250710T15:06:40Z STORRENTI LOKI: Info: MODULE: ProcessScan MESSAGE: PE-Sieve reported no anomalies PID: 2256 NAME: svchost.exe OWNER: SERVICE LOCAL CMD: C:\WINDOWS\system32\svchost.exe -k LocalServiceNetworkRestricted -s BTAGService PATH: C:\WINDOWS\system32\svchost.exe
20250710T15:06:40Z STORRENTI LOKI: Info: MODULE: ProcessScan MESSAGE: Scanning Process PID: 2276 NAME: svchost.exe OWNER: SERVICE LOCAL CMD: C:\WINDOWS\system32\svchost.exe -k LocalService -p -s BthAvctpSvc PATH: C:\WINDOWS\system32\svchost.exe
20250710T15:06:40Z STORRENTI LOKI: Info: MODULE: ProcessScan MESSAGE: PE-Sieve reported no anomalies PID: 2276 NAME: svchost.exe OWNER: SERVICE LOCAL CMD: C:\WINDOWS\system32\svchost.exe -k LocalService -p -s BthAvctpSvc PATH: C:\WINDOWS\system32\svchost.exe
20250710T15:06:41Z STORRENTI LOKI: Info: MODULE: ProcessScan MESSAGE: Scanning Process PID: 2316 NAME: svchost.exe OWNER: SERVICE LOCAL CMD: C:\WINDOWS\system32\svchost.exe -k LocalService -p -s bthserv PATH: C:\WINDOWS\system32\svchost.exe
20250710T15:06:41Z STORRENTI LOKI: Info: MODULE: ProcessScan MESSAGE: PE-Sieve reported no anomalies PID: 2316 NAME: svchost.exe OWNER: SERVICE LOCAL CMD: C:\WINDOWS\system32\svchost.exe -k LocalService -p -s bthserv PATH: C:\WINDOWS\system32\svchost.exe
20250710T15:06:41Z STORRENTI LOKI: Info: MODULE: ProcessScan MESSAGE: Scanning Process PID: 2480 NAME: svchost.exe OWNER: SERVICE LOCAL CMD: C:\WINDOWS\system32\svchost.exe -k LocalServiceNetworkRestricted -p -s Dhcp PATH: C:\WINDOWS\system32\svchost.exe
20250710T15:06:41Z STORRENTI LOKI: Info: MODULE: ProcessScan MESSAGE: PE-Sieve reported no anomalies PID: 2480 NAME: svchost.exe OWNER: SERVICE LOCAL CMD: C:\WINDOWS\system32\svchost.exe -k LocalServiceNetworkRestricted -p -s Dhcp PATH: C:\WINDOWS\system32\svchost.exe
20250710T15:06:41Z STORRENTI LOKI: Info: MODULE: ProcessScan MESSAGE: Scanning Process PID: 2536 NAME: svchost.exe OWNER: Système CMD: C:\WINDOWS\system32\svchost.exe -k netsvcs -p -s Schedule PATH: C:\WINDOWS\system32\svchost.exe
20250710T15:06:41Z STORRENTI LOKI: Info: MODULE: ProcessScan MESSAGE: PE-Sieve reported no anomalies PID: 2536 NAME: svchost.exe OWNER: Système CMD: C:\WINDOWS\system32\svchost.exe -k netsvcs -p -s Schedule PATH: C:\WINDOWS\system32\svchost.exe
20250710T15:06:41Z STORRENTI LOKI: Notice: MODULE: ProcessScan MESSAGE: Listening process PID: 2536 NAME: svchost.exe COMMAND: C:\WINDOWS\system32\svchost.exe -k netsvcs -p -s Schedule IP: 0.0.0.0 PORT: 49666
20250710T15:06:41Z STORRENTI LOKI: Notice: MODULE: ProcessScan MESSAGE: Listening process PID: 2536 NAME: svchost.exe COMMAND: C:\WINDOWS\system32\svchost.exe -k netsvcs -p -s Schedule IP: :: PORT: 49666
20250710T15:06:41Z STORRENTI LOKI: Info: MODULE: ProcessScan MESSAGE: Scanning Process PID: 2544 NAME: svchost.exe OWNER: SERVICE RÉSEAU CMD: C:\WINDOWS\System32\svchost.exe -k netprofm -p -s netprofm PATH: C:\WINDOWS\System32\svchost.exe
20250710T15:06:42Z STORRENTI LOKI: Info: MODULE: ProcessScan MESSAGE: PE-Sieve reported no anomalies PID: 2544 NAME: svchost.exe OWNER: SERVICE RÉSEAU CMD: C:\WINDOWS\System32\svchost.exe -k netprofm -p -s netprofm PATH: C:\WINDOWS\System32\svchost.exe
20250710T15:06:42Z STORRENTI LOKI: Info: MODULE: ProcessScan MESSAGE: Scanning Process PID: 2564 NAME: svchost.exe OWNER: SERVICE RÉSEAU CMD: C:\WINDOWS\system32\svchost.exe -k NetworkService -p PATH: C:\WINDOWS\system32\svchost.exe
20250710T15:06:42Z STORRENTI LOKI: Info: MODULE: ProcessScan MESSAGE: PE-Sieve reported no anomalies PID: 2564 NAME: svchost.exe OWNER: SERVICE RÉSEAU CMD: C:\WINDOWS\system32\svchost.exe -k NetworkService -p PATH: C:\WINDOWS\system32\svchost.exe
20250710T15:06:42Z STORRENTI LOKI: Info: MODULE: ProcessScan MESSAGE: Scanning Process PID: 2732 NAME: svchost.exe OWNER: Système CMD: C:\WINDOWS\System32\svchost.exe -k LocalSystemNetworkRestricted -p -s NcbService PATH: C:\WINDOWS\System32\svchost.exe
20250710T15:06:42Z STORRENTI LOKI: Info: MODULE: ProcessScan MESSAGE: PE-Sieve reported no anomalies PID: 2732 NAME: svchost.exe OWNER: Système CMD: C:\WINDOWS\System32\svchost.exe -k LocalSystemNetworkRestricted -p -s NcbService PATH: C:\WINDOWS\System32\svchost.exe
20250710T15:06:42Z STORRENTI LOKI: Info: MODULE: ProcessScan MESSAGE: Scanning Process PID: 2740 NAME: svchost.exe OWNER: SERVICE LOCAL CMD: C:\WINDOWS\system32\svchost.exe -k LocalServiceNetworkRestricted -p -s TimeBrokerSvc PATH: C:\WINDOWS\system32\svchost.exe
20250710T15:06:42Z STORRENTI LOKI: Info: MODULE: ProcessScan MESSAGE: PE-Sieve reported no anomalies PID: 2740 NAME: svchost.exe OWNER: SERVICE LOCAL CMD: C:\WINDOWS\system32\svchost.exe -k LocalServiceNetworkRestricted -p -s TimeBrokerSvc PATH: C:\WINDOWS\system32\svchost.exe
20250710T15:06:43Z STORRENTI LOKI: Info: MODULE: ProcessScan MESSAGE: Scanning Process PID: 2760 NAME: svchost.exe OWNER: Système CMD: C:\WINDOWS\system32\svchost.exe -k UserProfileService -p -s ProfSvc PATH: C:\WINDOWS\system32\svchost.exe
20250710T15:06:43Z STORRENTI LOKI: Info: MODULE: ProcessScan MESSAGE: PE-Sieve reported no anomalies PID: 2760 NAME: svchost.exe OWNER: Système CMD: C:\WINDOWS\system32\svchost.exe -k UserProfileService -p -s ProfSvc PATH: C:\WINDOWS\system32\svchost.exe
20250710T15:06:43Z STORRENTI LOKI: Info: MODULE: ProcessScan MESSAGE: Scanning Process PID: 2776 NAME: svchost.exe OWNER: SERVICE LOCAL CMD: C:\WINDOWS\system32\svchost.exe -k LocalServiceNoNetwork -p PATH: C:\WINDOWS\system32\svchost.exe
20250710T15:06:43Z STORRENTI LOKI: Info: MODULE: ProcessScan MESSAGE: PE-Sieve reported no anomalies PID: 2776 NAME: svchost.exe OWNER: SERVICE LOCAL CMD: C:\WINDOWS\system32\svchost.exe -k LocalServiceNoNetwork -p PATH: C:\WINDOWS\system32\svchost.exe
20250710T15:06:43Z STORRENTI LOKI: Info: MODULE: ProcessScan MESSAGE: Scanning Process PID: 2908 NAME: svchost.exe OWNER: SERVICE LOCAL CMD: C:\WINDOWS\system32\svchost.exe -k LocalServiceHttp -p PATH: C:\WINDOWS\system32\svchost.exe
20250710T15:06:43Z STORRENTI LOKI: Info: MODULE: ProcessScan MESSAGE: PE-Sieve reported no anomalies PID: 2908 NAME: svchost.exe OWNER: SERVICE LOCAL CMD: C:\WINDOWS\system32\svchost.exe -k LocalServiceHttp -p PATH: C:\WINDOWS\system32\svchost.exe
20250710T15:06:43Z STORRENTI LOKI: Info: MODULE: ProcessScan MESSAGE: Scanning Process PID: 2988 NAME: IntelCpHDCPSvc.exe OWNER: Système CMD: C:\WINDOWS\System32\DriverStore\FileRepository\iigd_dch.inf_amd64_46f6979bb4c5b389\IntelCpHDCPSvc.exe PATH: C:\WINDOWS\System32\DriverStore\FileRepository\iigd_dch.inf_amd64_46f6979bb4c5b389\IntelCpHDCPSvc.exe
20250710T15:06:44Z STORRENTI LOKI: Info: MODULE: ProcessScan MESSAGE: PE-Sieve reported no anomalies PID: 2988 NAME: IntelCpHDCPSvc.exe OWNER: Système CMD: C:\WINDOWS\System32\DriverStore\FileRepository\iigd_dch.inf_amd64_46f6979bb4c5b389\IntelCpHDCPSvc.exe PATH: C:\WINDOWS\System32\DriverStore\FileRepository\iigd_dch.inf_amd64_46f6979bb4c5b389\IntelCpHDCPSvc.exe
20250710T15:06:44Z STORRENTI LOKI: Info: MODULE: ProcessScan MESSAGE: Scanning Process PID: 3020 NAME: svchost.exe OWNER: Système CMD: C:\WINDOWS\system32\svchost.exe -k netsvcs -p -s UserManager PATH: C:\WINDOWS\system32\svchost.exe
20250710T15:06:44Z STORRENTI LOKI: Info: MODULE: ProcessScan MESSAGE: PE-Sieve reported no anomalies PID: 3020 NAME: svchost.exe OWNER: Système CMD: C:\WINDOWS\system32\svchost.exe -k netsvcs -p -s UserManager PATH: C:\WINDOWS\system32\svchost.exe
20250710T15:06:44Z STORRENTI LOKI: Info: MODULE: ProcessScan MESSAGE: Scanning Process PID: 3052 NAME: svchost.exe OWNER: Système CMD: C:\WINDOWS\system32\svchost.exe -k LocalSystemNetworkRestricted -p -s DisplayEnhancementService PATH: C:\WINDOWS\system32\svchost.exe
20250710T15:06:44Z STORRENTI LOKI: Info: MODULE: ProcessScan MESSAGE: PE-Sieve reported no anomalies PID: 3052 NAME: svchost.exe OWNER: Système CMD: C:\WINDOWS\system32\svchost.exe -k LocalSystemNetworkRestricted -p -s DisplayEnhancementService PATH: C:\WINDOWS\system32\svchost.exe
20250710T15:06:44Z STORRENTI LOKI: Info: MODULE: ProcessScan MESSAGE: Scanning Process PID: 3084 NAME: svchost.exe OWNER: Système CMD: C:\WINDOWS\system32\svchost.exe -k LocalSystemNetworkRestricted -p -s hidserv PATH: C:\WINDOWS\system32\svchost.exe
20250710T15:06:44Z STORRENTI LOKI: Info: MODULE: ProcessScan MESSAGE: PE-Sieve reported no anomalies PID: 3084 NAME: svchost.exe OWNER: Système CMD: C:\WINDOWS\system32\svchost.exe -k LocalSystemNetworkRestricted -p -s hidserv PATH: C:\WINDOWS\system32\svchost.exe
20250710T15:06:45Z STORRENTI LOKI: Info: MODULE: ProcessScan MESSAGE: Scanning Process PID: 3184 NAME: svchost.exe OWNER: SERVICE LOCAL CMD: C:\WINDOWS\system32\svchost.exe -k LocalServiceNetworkRestricted -p -s Wcmsvc PATH: C:\WINDOWS\system32\svchost.exe
20250710T15:06:45Z STORRENTI LOKI: Info: MODULE: ProcessScan MESSAGE: PE-Sieve reported no anomalies PID: 3184 NAME: svchost.exe OWNER: SERVICE LOCAL CMD: C:\WINDOWS\system32\svchost.exe -k LocalServiceNetworkRestricted -p -s Wcmsvc PATH: C:\WINDOWS\system32\svchost.exe
20250710T15:06:45Z STORRENTI LOKI: Info: MODULE: ProcessScan MESSAGE: Scanning Process PID: 3276 NAME: svchost.exe OWNER: SERVICE LOCAL CMD: C:\WINDOWS\system32\svchost.exe -k imgsvc PATH: C:\WINDOWS\system32\svchost.exe
20250710T15:06:45Z STORRENTI LOKI: Info: MODULE: ProcessScan MESSAGE: PE-Sieve reported no anomalies PID: 3276 NAME: svchost.exe OWNER: SERVICE LOCAL CMD: C:\WINDOWS\system32\svchost.exe -k imgsvc PATH: C:\WINDOWS\system32\svchost.exe
20250710T15:06:45Z STORRENTI LOKI: Info: MODULE: ProcessScan MESSAGE: Scanning Process PID: 3292 NAME: svchost.exe OWNER: Système CMD: C:\WINDOWS\system32\svchost.exe -k LocalSystemNetworkRestricted -p -s DevQueryBroker PATH: C:\WINDOWS\system32\svchost.exe
20250710T15:06:45Z STORRENTI LOKI: Info: MODULE: ProcessScan MESSAGE: PE-Sieve reported no anomalies PID: 3292 NAME: svchost.exe OWNER: Système CMD: C:\WINDOWS\system32\svchost.exe -k LocalSystemNetworkRestricted -p -s DevQueryBroker PATH: C:\WINDOWS\system32\svchost.exe
20250710T15:06:45Z STORRENTI LOKI: Info: MODULE: ProcessScan MESSAGE: Scanning Process PID: 3316 NAME: svchost.exe OWNER: Système CMD: C:\WINDOWS\system32\svchost.exe -k LocalSystemNetworkRestricted -p -s DeviceAssociationService PATH: C:\WINDOWS\system32\svchost.exe
20250710T15:06:46Z STORRENTI LOKI: Info: MODULE: ProcessScan MESSAGE: PE-Sieve reported no anomalies PID: 3316 NAME: svchost.exe OWNER: Système CMD: C:\WINDOWS\system32\svchost.exe -k LocalSystemNetworkRestricted -p -s DeviceAssociationService PATH: C:\WINDOWS\system32\svchost.exe
20250710T15:06:46Z STORRENTI LOKI: Info: MODULE: ProcessScan MESSAGE: Scanning Process PID: 3920 NAME: svchost.exe OWNER: Système CMD: C:\WINDOWS\system32\svchost.exe -k NetSvcs -p -s hns PATH: C:\WINDOWS\system32\svchost.exe
20250710T15:06:46Z STORRENTI LOKI: Info: MODULE: ProcessScan MESSAGE: PE-Sieve reported no anomalies PID: 3920 NAME: svchost.exe OWNER: Système CMD: C:\WINDOWS\system32\svchost.exe -k NetSvcs -p -s hns PATH: C:\WINDOWS\system32\svchost.exe
20250710T15:06:46Z STORRENTI LOKI: Info: MODULE: ProcessScan MESSAGE: Scanning Process PID: 3928 NAME: svchost.exe OWNER: SERVICE LOCAL CMD: C:\WINDOWS\system32\svchost.exe -k LocalService -p -s PhoneSvc PATH: C:\WINDOWS\system32\svchost.exe
20250710T15:06:46Z STORRENTI LOKI: Info: MODULE: ProcessScan MESSAGE: PE-Sieve reported no anomalies PID: 3928 NAME: svchost.exe OWNER: SERVICE LOCAL CMD: C:\WINDOWS\system32\svchost.exe -k LocalService -p -s PhoneSvc PATH: C:\WINDOWS\system32\svchost.exe
20250710T15:06:46Z STORRENTI LOKI: Info: MODULE: ProcessScan MESSAGE: Scanning Process PID: 4004 NAME: NVDisplay.Container.exe OWNER: Système CMD: C:\WINDOWS\System32\DriverStore\FileRepository\nvgbi.inf_amd64_dd2d9d2cbcbf46e1\Display.NvContainer\NVDisplay.Container.exe -s NVDisplay.ContainerLocalSystem -f C:\ProgramData\NVIDIA\NVDisplay.ContainerLocalSystem.log -l 3 -d C:\WINDOWS\System32\DriverStore\FileRepository\nvgbi.inf_amd64_dd2d9d2cbcbf46e1\Display.NvContainer\plugins\LocalSystem -r -p 30000 -cfg NVDisplay.ContainerLocalSystem\LocalSystem /ert PATH: C:\WINDOWS\System32\DriverStore\FileRepository\nvgbi.inf_amd64_dd2d9d2cbcbf46e1\Display.NvContainer\NVDisplay.Container.exe
20250710T15:06:47Z STORRENTI LOKI: Info: MODULE: ProcessScan MESSAGE: PE-Sieve reported no anomalies PID: 4004 NAME: NVDisplay.Container.exe OWNER: Système CMD: C:\WINDOWS\System32\DriverStore\FileRepository\nvgbi.inf_amd64_dd2d9d2cbcbf46e1\Display.NvContainer\NVDisplay.Container.exe -s NVDisplay.ContainerLocalSystem -f C:\ProgramData\NVIDIA\NVDisplay.ContainerLocalSystem.log -l 3 -d C:\WINDOWS\System32\DriverStore\FileRepository\nvgbi.inf_amd64_dd2d9d2cbcbf46e1\Display.NvContainer\plugins\LocalSystem -r -p 30000 -cfg NVDisplay.ContainerLocalSystem\LocalSystem /ert PATH: C:\WINDOWS\System32\DriverStore\FileRepository\nvgbi.inf_amd64_dd2d9d2cbcbf46e1\Display.NvContainer\NVDisplay.Container.exe
20250710T15:06:47Z STORRENTI LOKI: Notice: MODULE: ProcessScan MESSAGE: Established connection PID: 4004 NAME: NVDisplay.Container.exe COMMAND: C:\WINDOWS\System32\DriverStore\FileRepository\nvgbi.inf_amd64_dd2d9d2cbcbf46e1\Display.NvContainer\NVDisplay.Container.exe -s NVDisplay.ContainerLocalSystem -f C:\ProgramData\NVIDIA\NVDisplay.ContainerLocalSystem.log -l 3 -d C:\WINDOWS\System32\DriverStore\FileRepository\nvgbi.inf_amd64_dd2d9d2cbcbf46e1\Display.NvContainer\plugins\LocalSystem -r -p 30000 -cfg NVDisplay.ContainerLocalSystem\LocalSystem /ert LIP: 127.0.0.1 LPORT: 49749 RIP: 127.0.0.1 RPORT: 49748
20250710T15:06:47Z STORRENTI LOKI: Notice: MODULE: ProcessScan MESSAGE: Established connection PID: 4004 NAME: NVDisplay.Container.exe COMMAND: C:\WINDOWS\System32\DriverStore\FileRepository\nvgbi.inf_amd64_dd2d9d2cbcbf46e1\Display.NvContainer\NVDisplay.Container.exe -s NVDisplay.ContainerLocalSystem -f C:\ProgramData\NVIDIA\NVDisplay.ContainerLocalSystem.log -l 3 -d C:\WINDOWS\System32\DriverStore\FileRepository\nvgbi.inf_amd64_dd2d9d2cbcbf46e1\Display.NvContainer\plugins\LocalSystem -r -p 30000 -cfg NVDisplay.ContainerLocalSystem\LocalSystem /ert LIP: 127.0.0.1 LPORT: 49748 RIP: 127.0.0.1 RPORT: 49749
20250710T15:06:47Z STORRENTI LOKI: Info: MODULE: ProcessScan MESSAGE: Scanning Process PID: 3836 NAME: svchost.exe OWNER: SERVICE LOCAL CMD: C:\WINDOWS\System32\svchost.exe -k LocalServiceNetworkRestricted -p -s EventLog PATH: C:\WINDOWS\System32\svchost.exe
20250710T15:06:47Z STORRENTI LOKI: Info: MODULE: ProcessScan MESSAGE: PE-Sieve reported no anomalies PID: 3836 NAME: svchost.exe OWNER: SERVICE LOCAL CMD: C:\WINDOWS\System32\svchost.exe -k LocalServiceNetworkRestricted -p -s EventLog PATH: C:\WINDOWS\System32\svchost.exe
20250710T15:06:47Z STORRENTI LOKI: Notice: MODULE: ProcessScan MESSAGE: Listening process PID: 3836 NAME: svchost.exe COMMAND: C:\WINDOWS\System32\svchost.exe -k LocalServiceNetworkRestricted -p -s EventLog IP: :: PORT: 49667
20250710T15:06:47Z STORRENTI LOKI: Notice: MODULE: ProcessScan MESSAGE: Listening process PID: 3836 NAME: svchost.exe COMMAND: C:\WINDOWS\System32\svchost.exe -k LocalServiceNetworkRestricted -p -s EventLog IP: 0.0.0.0 PORT: 49667
20250710T15:06:47Z STORRENTI LOKI: Info: MODULE: ProcessScan MESSAGE: Scanning Process PID: 4140 NAME: svchost.exe OWNER: Système CMD: C:\WINDOWS\System32\svchost.exe -k netsvcs -p -s Themes PATH: C:\WINDOWS\System32\svchost.exe
20250710T15:06:47Z STORRENTI LOKI: Info: MODULE: ProcessScan MESSAGE: PE-Sieve reported no anomalies PID: 4140 NAME: svchost.exe OWNER: Système CMD: C:\WINDOWS\System32\svchost.exe -k netsvcs -p -s Themes PATH: C:\WINDOWS\System32\svchost.exe
20250710T15:06:48Z STORRENTI LOKI: Info: MODULE: ProcessScan MESSAGE: Scanning Process PID: 4148 NAME: svchost.exe OWNER: Système CMD: C:\WINDOWS\system32\svchost.exe -k LocalSystemNetworkRestricted -p -s SysMain PATH: C:\WINDOWS\system32\svchost.exe
20250710T15:06:48Z STORRENTI LOKI: Info: MODULE: ProcessScan MESSAGE: PE-Sieve reported no anomalies PID: 4148 NAME: svchost.exe OWNER: Système CMD: C:\WINDOWS\system32\svchost.exe -k LocalSystemNetworkRestricted -p -s SysMain PATH: C:\WINDOWS\system32\svchost.exe
20250710T15:06:48Z STORRENTI LOKI: Info: MODULE: ProcessScan MESSAGE: Scanning Process PID: 4156 NAME: svchost.exe OWNER: SERVICE LOCAL CMD: C:\WINDOWS\system32\svchost.exe -k LocalService -p -s EventSystem PATH: C:\WINDOWS\system32\svchost.exe
20250710T15:06:48Z STORRENTI LOKI: Info: MODULE: ProcessScan MESSAGE: PE-Sieve reported no anomalies PID: 4156 NAME: svchost.exe OWNER: SERVICE LOCAL CMD: C:\WINDOWS\system32\svchost.exe -k LocalService -p -s EventSystem PATH: C:\WINDOWS\system32\svchost.exe
20250710T15:06:48Z STORRENTI LOKI: Info: MODULE: ProcessScan MESSAGE: Scanning Process PID: 4336 NAME: Memory Compression OWNER: Système CMD: N/A PATH: none
20250710T15:06:48Z STORRENTI LOKI: Info: MODULE: ProcessScan MESSAGE: PE-Sieve reported no anomalies PID: 4336 NAME: Memory Compression OWNER: Système CMD: N/A PATH: none
20250710T15:06:48Z STORRENTI LOKI: Info: MODULE: ProcessScan MESSAGE: Scanning Process PID: 4396 NAME: svchost.exe OWNER: Système CMD: C:\WINDOWS\system32\svchost.exe -k netsvcs -p -s SENS PATH: C:\WINDOWS\system32\svchost.exe
20250710T15:06:48Z STORRENTI LOKI: Info: MODULE: ProcessScan MESSAGE: PE-Sieve reported no anomalies PID: 4396 NAME: svchost.exe OWNER: Système CMD: C:\WINDOWS\system32\svchost.exe -k netsvcs -p -s SENS PATH: C:\WINDOWS\system32\svchost.exe
20250710T15:06:49Z STORRENTI LOKI: Info: MODULE: ProcessScan MESSAGE: Scanning Process PID: 4460 NAME: svchost.exe OWNER: Système CMD: C:\WINDOWS\System32\svchost.exe -k LocalSystemNetworkRestricted -p -s AudioEndpointBuilder PATH: C:\WINDOWS\System32\svchost.exe
20250710T15:06:49Z STORRENTI LOKI: Info: MODULE: ProcessScan MESSAGE: PE-Sieve reported no anomalies PID: 4460 NAME: svchost.exe OWNER: Système CMD: C:\WINDOWS\System32\svchost.exe -k LocalSystemNetworkRestricted -p -s AudioEndpointBuilder PATH: C:\WINDOWS\System32\svchost.exe
20250710T15:06:49Z STORRENTI LOKI: Info: MODULE: ProcessScan MESSAGE: Scanning Process PID: 4472 NAME: svchost.exe OWNER: SERVICE LOCAL CMD: C:\WINDOWS\system32\svchost.exe -k LocalService -p -s FontCache PATH: C:\WINDOWS\system32\svchost.exe
20250710T15:06:49Z STORRENTI LOKI: Info: MODULE: ProcessScan MESSAGE: PE-Sieve reported no anomalies PID: 4472 NAME: svchost.exe OWNER: SERVICE LOCAL CMD: C:\WINDOWS\system32\svchost.exe -k LocalService -p -s FontCache PATH: C:\WINDOWS\system32\svchost.exe
20250710T15:06:49Z STORRENTI LOKI: Info: MODULE: ProcessScan MESSAGE: Scanning Process PID: 4584 NAME: svchost.exe OWNER: SERVICE LOCAL CMD: C:\WINDOWS\System32\svchost.exe -k LocalServiceNetworkRestricted -p PATH: C:\WINDOWS\System32\svchost.exe
20250710T15:06:49Z STORRENTI LOKI: Info: MODULE: ProcessScan MESSAGE: PE-Sieve reported no anomalies PID: 4584 NAME: svchost.exe OWNER: SERVICE LOCAL CMD: C:\WINDOWS\System32\svchost.exe -k LocalServiceNetworkRestricted -p PATH: C:\WINDOWS\System32\svchost.exe
20250710T15:06:49Z STORRENTI LOKI: Info: MODULE: ProcessScan MESSAGE: Scanning Process PID: 4608 NAME: svchost.exe OWNER: SERVICE LOCAL CMD: C:\WINDOWS\system32\svchost.exe -k LocalService -p -s DispBrokerDesktopSvc PATH: C:\WINDOWS\system32\svchost.exe
20250710T15:06:50Z STORRENTI LOKI: Info: MODULE: ProcessScan MESSAGE: PE-Sieve reported no anomalies PID: 4608 NAME: svchost.exe OWNER: SERVICE LOCAL CMD: C:\WINDOWS\system32\svchost.exe -k LocalService -p -s DispBrokerDesktopSvc PATH: C:\WINDOWS\system32\svchost.exe
20250710T15:06:50Z STORRENTI LOKI: Info: MODULE: ProcessScan MESSAGE: Scanning Process PID: 4664 NAME: svchost.exe OWNER: Système CMD: C:\WINDOWS\System32\svchost.exe -k LocalSystemNetworkRestricted -p -s TextInputManagementService PATH: C:\WINDOWS\System32\svchost.exe
20250710T15:06:50Z STORRENTI LOKI: Info: MODULE: ProcessScan MESSAGE: PE-Sieve reported no anomalies PID: 4664 NAME: svchost.exe OWNER: Système CMD: C:\WINDOWS\System32\svchost.exe -k LocalSystemNetworkRestricted -p -s TextInputManagementService PATH: C:\WINDOWS\System32\svchost.exe
20250710T15:06:50Z STORRENTI LOKI: Info: MODULE: ProcessScan MESSAGE: Scanning Process PID: 4776 NAME: WUDFHost.exe OWNER: SERVICE LOCAL CMD: "C:\Windows\System32\WUDFHost.exe" -HostGUID:{193a1820-d9ac-4997-8c55-be817523f6aa} -IoEventPortName:\UMDFCommunicationPorts\WUDF\HostProcess-43da3958-90c8-4584-853d-ea642c358216 -SystemEventPortName:\UMDFCommunicationPorts\WUDF\HostProcess-d06d3727-52c5-438e-abe8-e626698253f4 -IoCancelEventPortName:\UMDFCommunicationPorts\WUDF\HostProcess-254b3b25-c64b-4105-951f-c937c40fe4b6 -NonStateChangingEventPortName:\UMDFCommunicationPorts\WUDF\HostProcess-e44d64bb-6efb-4da8-9b7c-87ec3f4524b1 -LifetimeId:eef4cb17-07f1-4b53-8315-6d2507ea8dc0 -DeviceGroupId: -HostArg:0 PATH: C:\Windows\System32\WUDFHost.exe
20250710T15:06:50Z STORRENTI LOKI: Info: MODULE: ProcessScan MESSAGE: PE-Sieve reported no anomalies PID: 4776 NAME: WUDFHost.exe OWNER: SERVICE LOCAL CMD: "C:\Windows\System32\WUDFHost.exe" -HostGUID:{193a1820-d9ac-4997-8c55-be817523f6aa} -IoEventPortName:\UMDFCommunicationPorts\WUDF\HostProcess-43da3958-90c8-4584-853d-ea642c358216 -SystemEventPortName:\UMDFCommunicationPorts\WUDF\HostProcess-d06d3727-52c5-438e-abe8-e626698253f4 -IoCancelEventPortName:\UMDFCommunicationPorts\WUDF\HostProcess-254b3b25-c64b-4105-951f-c937c40fe4b6 -NonStateChangingEventPortName:\UMDFCommunicationPorts\WUDF\HostProcess-e44d64bb-6efb-4da8-9b7c-87ec3f4524b1 -LifetimeId:eef4cb17-07f1-4b53-8315-6d2507ea8dc0 -DeviceGroupId: -HostArg:0 PATH: C:\Windows\System32\WUDFHost.exe
20250710T15:06:50Z STORRENTI LOKI: Notice: MODULE: ProcessScan MESSAGE: Established connection PID: 4776 NAME: WUDFHost.exe COMMAND: "C:\Windows\System32\WUDFHost.exe" -HostGUID:{193a1820-d9ac-4997-8c55-be817523f6aa} -IoEventPortName:\UMDFCommunicationPorts\WUDF\HostProcess-43da3958-90c8-4584-853d-ea642c358216 -SystemEventPortName:\UMDFCommunicationPorts\WUDF\HostProcess-d06d3727-52c5-438e-abe8-e626698253f4 -IoCancelEventPortName:\UMDFCommunicationPorts\WUDF\HostProcess-254b3b25-c64b-4105-951f-c937c40fe4b6 -NonStateChangingEventPortName:\UMDFCommunicationPorts\WUDF\HostProcess-e44d64bb-6efb-4da8-9b7c-87ec3f4524b1 -LifetimeId:eef4cb17-07f1-4b53-8315-6d2507ea8dc0 -DeviceGroupId: -HostArg:0 LIP: 127.0.0.1 LPORT: 49743 RIP: 127.0.0.1 RPORT: 49742
20250710T15:06:50Z STORRENTI LOKI: Notice: MODULE: ProcessScan MESSAGE: Established connection PID: 4776 NAME: WUDFHost.exe COMMAND: "C:\Windows\System32\WUDFHost.exe" -HostGUID:{193a1820-d9ac-4997-8c55-be817523f6aa} -IoEventPortName:\UMDFCommunicationPorts\WUDF\HostProcess-43da3958-90c8-4584-853d-ea642c358216 -SystemEventPortName:\UMDFCommunicationPorts\WUDF\HostProcess-d06d3727-52c5-438e-abe8-e626698253f4 -IoCancelEventPortName:\UMDFCommunicationPorts\WUDF\HostProcess-254b3b25-c64b-4105-951f-c937c40fe4b6 -NonStateChangingEventPortName:\UMDFCommunicationPorts\WUDF\HostProcess-e44d64bb-6efb-4da8-9b7c-87ec3f4524b1 -LifetimeId:eef4cb17-07f1-4b53-8315-6d2507ea8dc0 -DeviceGroupId: -HostArg:0 LIP: 127.0.0.1 LPORT: 49742 RIP: 127.0.0.1 RPORT: 49743
20250710T15:06:50Z STORRENTI LOKI: Info: MODULE: ProcessScan MESSAGE: Scanning Process PID: 4888 NAME: svchost.exe OWNER: Système CMD: C:\WINDOWS\system32\svchost.exe -k appmodel -p -s StateRepository PATH: C:\WINDOWS\system32\svchost.exe
20250710T15:06:50Z STORRENTI LOKI: Info: MODULE: ProcessScan MESSAGE: PE-Sieve reported no anomalies PID: 4888 NAME: svchost.exe OWNER: Système CMD: C:\WINDOWS\system32\svchost.exe -k appmodel -p -s StateRepository PATH: C:\WINDOWS\system32\svchost.exe
20250710T15:06:51Z STORRENTI LOKI: Info: MODULE: ProcessScan MESSAGE: Scanning Process PID: 4976 NAME: audiodg.exe OWNER: SERVICE LOCAL CMD: C:\WINDOWS\system32\AUDIODG.EXE 0x0000000000000490 PATH: C:\WINDOWS\system32\AUDIODG.EXE
20250710T15:06:51Z STORRENTI LOKI: Notice: MODULE: ProcessScan MESSAGE: PE-Sieve reported patched process PID: 4976 NAME: audiodg.exe OWNER: SERVICE LOCAL CMD: C:\WINDOWS\system32\AUDIODG.EXE 0x0000000000000490 PATH: C:\WINDOWS\system32\AUDIODG.EXE PATCHED: 1
20250710T15:06:51Z STORRENTI LOKI: Info: MODULE: ProcessScan MESSAGE: Scanning Process PID: 5108 NAME: svchost.exe OWNER: SERVICE LOCAL CMD: C:\WINDOWS\System32\svchost.exe -k LocalServiceNetworkRestricted -p -s DusmSvc PATH: C:\WINDOWS\System32\svchost.exe
20250710T15:06:51Z STORRENTI LOKI: Info: MODULE: ProcessScan MESSAGE: PE-Sieve reported no anomalies PID: 5108 NAME: svchost.exe OWNER: SERVICE LOCAL CMD: C:\WINDOWS\System32\svchost.exe -k LocalServiceNetworkRestricted -p -s DusmSvc PATH: C:\WINDOWS\System32\svchost.exe
20250710T15:06:51Z STORRENTI LOKI: Info: MODULE: ProcessScan MESSAGE: Scanning Process PID: 3576 NAME: WUDFHost.exe OWNER: SERVICE LOCAL CMD: "C:\Windows\System32\WUDFHost.exe" -HostGUID:{193a1820-d9ac-4997-8c55-be817523f6aa} -IoEventPortName:\UMDFCommunicationPorts\WUDF\HostProcess-d4b62d6f-0846-470f-9b05-6c13d8e6c58f -SystemEventPortName:\UMDFCommunicationPorts\WUDF\HostProcess-cafa719d-836a-4985-99ae-d03260769b8c -IoCancelEventPortName:\UMDFCommunicationPorts\WUDF\HostProcess-90713824-a180-4c70-90b6-47f32ebba31b -NonStateChangingEventPortName:\UMDFCommunicationPorts\WUDF\HostProcess-cfba6c2f-80fe-4b34-971f-7f033f459a4f -LifetimeId:bb229416-6955-46d6-86ae-f2873a3e4375 -DeviceGroupId: -HostArg:0 PATH: C:\Windows\System32\WUDFHost.exe
20250710T15:06:52Z STORRENTI LOKI: Info: MODULE: ProcessScan MESSAGE: PE-Sieve reported no anomalies PID: 3576 NAME: WUDFHost.exe OWNER: SERVICE LOCAL CMD: "C:\Windows\System32\WUDFHost.exe" -HostGUID:{193a1820-d9ac-4997-8c55-be817523f6aa} -IoEventPortName:\UMDFCommunicationPorts\WUDF\HostProcess-d4b62d6f-0846-470f-9b05-6c13d8e6c58f -SystemEventPortName:\UMDFCommunicationPorts\WUDF\HostProcess-cafa719d-836a-4985-99ae-d03260769b8c -IoCancelEventPortName:\UMDFCommunicationPorts\WUDF\HostProcess-90713824-a180-4c70-90b6-47f32ebba31b -NonStateChangingEventPortName:\UMDFCommunicationPorts\WUDF\HostProcess-cfba6c2f-80fe-4b34-971f-7f033f459a4f -LifetimeId:bb229416-6955-46d6-86ae-f2873a3e4375 -DeviceGroupId: -HostArg:0 PATH: C:\Windows\System32\WUDFHost.exe
20250710T15:06:52Z STORRENTI LOKI: Notice: MODULE: ProcessScan MESSAGE: Established connection PID: 3576 NAME: WUDFHost.exe COMMAND: "C:\Windows\System32\WUDFHost.exe" -HostGUID:{193a1820-d9ac-4997-8c55-be817523f6aa} -IoEventPortName:\UMDFCommunicationPorts\WUDF\HostProcess-d4b62d6f-0846-470f-9b05-6c13d8e6c58f -SystemEventPortName:\UMDFCommunicationPorts\WUDF\HostProcess-cafa719d-836a-4985-99ae-d03260769b8c -IoCancelEventPortName:\UMDFCommunicationPorts\WUDF\HostProcess-90713824-a180-4c70-90b6-47f32ebba31b -NonStateChangingEventPortName:\UMDFCommunicationPorts\WUDF\HostProcess-cfba6c2f-80fe-4b34-971f-7f033f459a4f -LifetimeId:bb229416-6955-46d6-86ae-f2873a3e4375 -DeviceGroupId: -HostArg:0 LIP: 127.0.0.1 LPORT: 49744 RIP: 127.0.0.1 RPORT: 49745
20250710T15:06:52Z STORRENTI LOKI: Notice: MODULE: ProcessScan MESSAGE: Established connection PID: 3576 NAME: WUDFHost.exe COMMAND: "C:\Windows\System32\WUDFHost.exe" -HostGUID:{193a1820-d9ac-4997-8c55-be817523f6aa} -IoEventPortName:\UMDFCommunicationPorts\WUDF\HostProcess-d4b62d6f-0846-470f-9b05-6c13d8e6c58f -SystemEventPortName:\UMDFCommunicationPorts\WUDF\HostProcess-cafa719d-836a-4985-99ae-d03260769b8c -IoCancelEventPortName:\UMDFCommunicationPorts\WUDF\HostProcess-90713824-a180-4c70-90b6-47f32ebba31b -NonStateChangingEventPortName:\UMDFCommunicationPorts\WUDF\HostProcess-cfba6c2f-80fe-4b34-971f-7f033f459a4f -LifetimeId:bb229416-6955-46d6-86ae-f2873a3e4375 -DeviceGroupId: -HostArg:0 LIP: 127.0.0.1 LPORT: 49745 RIP: 127.0.0.1 RPORT: 49744
20250710T15:06:52Z STORRENTI LOKI: Info: MODULE: ProcessScan MESSAGE: Scanning Process PID: 4332 NAME: svchost.exe OWNER: Système CMD: C:\WINDOWS\system32\svchost.exe -k LocalSystemNetworkRestricted -p PATH: C:\WINDOWS\system32\svchost.exe
20250710T15:06:52Z STORRENTI LOKI: Info: MODULE: ProcessScan MESSAGE: PE-Sieve reported no anomalies PID: 4332 NAME: svchost.exe OWNER: Système CMD: C:\WINDOWS\system32\svchost.exe -k LocalSystemNetworkRestricted -p PATH: C:\WINDOWS\system32\svchost.exe
20250710T15:06:52Z STORRENTI LOKI: Info: MODULE: ProcessScan MESSAGE: Scanning Process PID: 5172 NAME: svchost.exe OWNER: Système CMD: C:\WINDOWS\System32\svchost.exe -k netsvcs -p -s ShellHWDetection PATH: C:\WINDOWS\System32\svchost.exe
20250710T15:06:52Z STORRENTI LOKI: Info: MODULE: ProcessScan MESSAGE: PE-Sieve reported no anomalies PID: 5172 NAME: svchost.exe OWNER: Système CMD: C:\WINDOWS\System32\svchost.exe -k netsvcs -p -s ShellHWDetection PATH: C:\WINDOWS\System32\svchost.exe
20250710T15:06:52Z STORRENTI LOKI: Info: MODULE: ProcessScan MESSAGE: Scanning Process PID: 5332 NAME: spoolsv.exe OWNER: Système CMD: C:\WINDOWS\System32\spoolsv.exe PATH: C:\WINDOWS\System32\spoolsv.exe
20250710T15:06:53Z STORRENTI LOKI: Info: MODULE: ProcessScan MESSAGE: PE-Sieve reported no anomalies PID: 5332 NAME: spoolsv.exe OWNER: Système CMD: C:\WINDOWS\System32\spoolsv.exe PATH: C:\WINDOWS\System32\spoolsv.exe
20250710T15:06:53Z STORRENTI LOKI: Notice: MODULE: ProcessScan MESSAGE: Listening process PID: 5332 NAME: spoolsv.exe COMMAND: C:\WINDOWS\System32\spoolsv.exe IP: :: PORT: 49670
20250710T15:06:53Z STORRENTI LOKI: Notice: MODULE: ProcessScan MESSAGE: Listening process PID: 5332 NAME: spoolsv.exe COMMAND: C:\WINDOWS\System32\spoolsv.exe IP: 0.0.0.0 PORT: 49670
20250710T15:06:53Z STORRENTI LOKI: Info: MODULE: ProcessScan MESSAGE: Scanning Process PID: 5464 NAME: svchost.exe OWNER: SERVICE LOCAL CMD: C:\WINDOWS\system32\svchost.exe -k LocalServiceNoNetworkFirewall -p PATH: C:\WINDOWS\system32\svchost.exe
20250710T15:06:53Z STORRENTI LOKI: Info: MODULE: ProcessScan MESSAGE: PE-Sieve reported no anomalies PID: 5464 NAME: svchost.exe OWNER: SERVICE LOCAL CMD: C:\WINDOWS\system32\svchost.exe -k LocalServiceNoNetworkFirewall -p PATH: C:\WINDOWS\system32\svchost.exe
20250710T15:06:53Z STORRENTI LOKI: Info: MODULE: ProcessScan MESSAGE: Scanning Process PID: 5576 NAME: svchost.exe OWNER: SERVICE RÉSEAU CMD: C:\WINDOWS\System32\svchost.exe -k NetworkService -p -s LanmanWorkstation PATH: C:\WINDOWS\System32\svchost.exe
20250710T15:06:53Z STORRENTI LOKI: Info: MODULE: ProcessScan MESSAGE: PE-Sieve reported no anomalies PID: 5576 NAME: svchost.exe OWNER: SERVICE RÉSEAU CMD: C:\WINDOWS\System32\svchost.exe -k NetworkService -p -s LanmanWorkstation PATH: C:\WINDOWS\System32\svchost.exe
20250710T15:06:54Z STORRENTI LOKI: Info: MODULE: ProcessScan MESSAGE: Scanning Process PID: 5596 NAME: svchost.exe OWNER: SERVICE LOCAL CMD: C:\WINDOWS\system32\svchost.exe -k LocalServiceNetworkRestricted -p -s NgcCtnrSvc PATH: C:\WINDOWS\system32\svchost.exe
20250710T15:06:54Z STORRENTI LOKI: Info: MODULE: ProcessScan MESSAGE: PE-Sieve reported no anomalies PID: 5596 NAME: svchost.exe OWNER: SERVICE LOCAL CMD: C:\WINDOWS\system32\svchost.exe -k LocalServiceNetworkRestricted -p -s NgcCtnrSvc PATH: C:\WINDOWS\system32\svchost.exe
20250710T15:06:54Z STORRENTI LOKI: Info: MODULE: ProcessScan MESSAGE: Scanning Process PID: 5688 NAME: NgcIso.exe OWNER: SERVICE LOCAL CMD: N/A PATH: none
20250710T15:06:54Z STORRENTI LOKI: Info: MODULE: ProcessScan MESSAGE: PE-Sieve reported no anomalies PID: 5688 NAME: NgcIso.exe OWNER: SERVICE LOCAL CMD: N/A PATH: none
20250710T15:06:54Z STORRENTI LOKI: Info: MODULE: ProcessScan MESSAGE: Scanning Process PID: 5836 NAME: armsvc.exe OWNER: Système CMD: "C:\Program Files (x86)\Common Files\Adobe\ARM\1.0\armsvc.exe" PATH: C:\Program Files (x86)\Common Files\Adobe\ARM\1.0\armsvc.exe
20250710T15:07:11Z STORRENTI LOKI: Info: MODULE: ProcessScan MESSAGE: PE-Sieve reported no anomalies PID: 5836 NAME: armsvc.exe OWNER: Système CMD: "C:\Program Files (x86)\Common Files\Adobe\ARM\1.0\armsvc.exe" PATH: C:\Program Files (x86)\Common Files\Adobe\ARM\1.0\armsvc.exe
20250710T15:07:11Z STORRENTI LOKI: Info: MODULE: ProcessScan MESSAGE: Scanning Process PID: 5872 NAME: DAX3API.exe OWNER: Système CMD: C:\WINDOWS\System32\DriverStore\FileRepository\dax3_swc_aposvc.inf_amd64_a3111a6927763468\DAX3API.exe PATH: C:\WINDOWS\System32\DriverStore\FileRepository\dax3_swc_aposvc.inf_amd64_a3111a6927763468\DAX3API.exe
20250710T15:07:11Z STORRENTI LOKI: Info: MODULE: ProcessScan MESSAGE: PE-Sieve reported no anomalies PID: 5872 NAME: DAX3API.exe OWNER: Système CMD: C:\WINDOWS\System32\DriverStore\FileRepository\dax3_swc_aposvc.inf_amd64_a3111a6927763468\DAX3API.exe PATH: C:\WINDOWS\System32\DriverStore\FileRepository\dax3_swc_aposvc.inf_amd64_a3111a6927763468\DAX3API.exe
20250710T15:07:12Z STORRENTI LOKI: Info: MODULE: ProcessScan MESSAGE: Scanning Process PID: 5888 NAME: svchost.exe OWNER: Système CMD: C:\WINDOWS\System32\svchost.exe -k utcsvc -p PATH: C:\WINDOWS\System32\svchost.exe
20250710T15:07:12Z STORRENTI LOKI: Info: MODULE: ProcessScan MESSAGE: PE-Sieve reported no anomalies PID: 5888 NAME: svchost.exe OWNER: Système CMD: C:\WINDOWS\System32\svchost.exe -k utcsvc -p PATH: C:\WINDOWS\System32\svchost.exe
20250710T15:07:12Z STORRENTI LOKI: Info: MODULE: ProcessScan MESSAGE: Scanning Process PID: 5900 NAME: AdobeUpdateService.exe OWNER: Système CMD: "C:\Program Files (x86)\Common Files\Adobe\Adobe Desktop Common\ElevationManager\AdobeUpdateService.exe" PATH: C:\Program Files (x86)\Common Files\Adobe\Adobe Desktop Common\ElevationManager\AdobeUpdateService.exe
20250710T15:07:16Z STORRENTI LOKI: Info: MODULE: ProcessScan MESSAGE: PE-Sieve reported no anomalies PID: 5900 NAME: AdobeUpdateService.exe OWNER: Système CMD: "C:\Program Files (x86)\Common Files\Adobe\Adobe Desktop Common\ElevationManager\AdobeUpdateService.exe" PATH: C:\Program Files (x86)\Common Files\Adobe\Adobe Desktop Common\ElevationManager\AdobeUpdateService.exe
20250710T15:07:17Z STORRENTI LOKI: Info: MODULE: ProcessScan MESSAGE: Scanning Process PID: 5908 NAME: svchost.exe OWNER: SERVICE RÉSEAU CMD: C:\WINDOWS\system32\svchost.exe -k NetworkService -p PATH: C:\WINDOWS\system32\svchost.exe
20250710T15:07:17Z STORRENTI LOKI: Info: MODULE: ProcessScan MESSAGE: PE-Sieve reported no anomalies PID: 5908 NAME: svchost.exe OWNER: SERVICE RÉSEAU CMD: C:\WINDOWS\system32\svchost.exe -k NetworkService -p PATH: C:\WINDOWS\system32\svchost.exe
20250710T15:07:17Z STORRENTI LOKI: Info: MODULE: ProcessScan MESSAGE: Scanning Process PID: 5916 NAME: avp.exe OWNER: Système CMD: N/A PATH: none
20250710T15:07:17Z STORRENTI LOKI: Info: MODULE: ProcessScan MESSAGE: PE-Sieve reported no anomalies PID: 5916 NAME: avp.exe OWNER: Système CMD: N/A PATH: none
20250710T15:07:17Z STORRENTI LOKI: Notice: MODULE: ProcessScan MESSAGE: Established connection PID: 5916 NAME: avp.exe COMMAND: None LIP: 172.31.200.207 LPORT: 54543 RIP: 81.19.104.214 RPORT: 443
20250710T15:07:17Z STORRENTI LOKI: Notice: MODULE: ProcessScan MESSAGE: Listening process PID: 5916 NAME: avp.exe COMMAND: None IP: 127.0.0.1 PORT: 49684
20250710T15:07:17Z STORRENTI LOKI: Notice: MODULE: ProcessScan MESSAGE: Established connection PID: 5916 NAME: avp.exe COMMAND: None LIP: 127.0.0.1 LPORT: 49691 RIP: 127.0.0.1 RPORT: 49690
20250710T15:07:17Z STORRENTI LOKI: Notice: MODULE: ProcessScan MESSAGE: Established connection PID: 5916 NAME: avp.exe COMMAND: None LIP: 172.31.200.207 LPORT: 54019 RIP: 109.248.196.13 RPORT: 443
20250710T15:07:17Z STORRENTI LOKI: Notice: MODULE: ProcessScan MESSAGE: Established connection PID: 5916 NAME: avp.exe COMMAND: None LIP: 127.0.0.1 LPORT: 54001 RIP: 127.0.0.1 RPORT: 54002
20250710T15:07:17Z STORRENTI LOKI: Notice: MODULE: ProcessScan MESSAGE: Established connection PID: 5916 NAME: avp.exe COMMAND: None LIP: 172.31.200.207 LPORT: 54365 RIP: 109.248.196.62 RPORT: 443
20250710T15:07:17Z STORRENTI LOKI: Notice: MODULE: ProcessScan MESSAGE: Established connection PID: 5916 NAME: avp.exe COMMAND: None LIP: 127.0.0.1 LPORT: 49676 RIP: 127.0.0.1 RPORT: 49677
20250710T15:07:17Z STORRENTI LOKI: Notice: MODULE: ProcessScan MESSAGE: Established connection PID: 5916 NAME: avp.exe COMMAND: None LIP: 172.31.200.207 LPORT: 54538 RIP: 81.19.104.212 RPORT: 443
20250710T15:07:17Z STORRENTI LOKI: Notice: MODULE: ProcessScan MESSAGE: Established connection PID: 5916 NAME: avp.exe COMMAND: None LIP: 127.0.0.1 LPORT: 54002 RIP: 127.0.0.1 RPORT: 54001
20250710T15:07:17Z STORRENTI LOKI: Notice: MODULE: ProcessScan MESSAGE: Established connection PID: 5916 NAME: avp.exe COMMAND: None LIP: 127.0.0.1 LPORT: 49677 RIP: 127.0.0.1 RPORT: 49676
20250710T15:07:17Z STORRENTI LOKI: Notice: MODULE: ProcessScan MESSAGE: Established connection PID: 5916 NAME: avp.exe COMMAND: None LIP: 127.0.0.1 LPORT: 49690 RIP: 127.0.0.1 RPORT: 49691
20250710T15:07:17Z STORRENTI LOKI: Info: MODULE: ProcessScan MESSAGE: Scanning Process PID: 5928 NAME: OneApp.IGCC.WinService.exe OWNER: Système CMD: "C:\WINDOWS\System32\DriverStore\FileRepository\igcc_dch.inf_amd64_7af8a848f233106b\OneApp.IGCC.WinService.exe" PATH: C:\WINDOWS\System32\DriverStore\FileRepository\igcc_dch.inf_amd64_7af8a848f233106b\OneApp.IGCC.WinService.exe
20250710T15:07:18Z STORRENTI LOKI: Notice: MODULE: ProcessScan MESSAGE: PE-Sieve reported patched process PID: 5928 NAME: OneApp.IGCC.WinService.exe OWNER: Système CMD: "C:\WINDOWS\System32\DriverStore\FileRepository\igcc_dch.inf_amd64_7af8a848f233106b\OneApp.IGCC.WinService.exe" PATH: C:\WINDOWS\System32\DriverStore\FileRepository\igcc_dch.inf_amd64_7af8a848f233106b\OneApp.IGCC.WinService.exe PATCHED: 1
20250710T15:07:18Z STORRENTI LOKI: Info: MODULE: ProcessScan MESSAGE: Scanning Process PID: 5936 NAME: svchost.exe OWNER: SERVICE LOCAL CMD: C:\WINDOWS\System32\svchost.exe -k LocalServiceNoNetwork -p -s DPS PATH: C:\WINDOWS\System32\svchost.exe
20250710T15:07:18Z STORRENTI LOKI: Info: MODULE: ProcessScan MESSAGE: PE-Sieve reported no anomalies PID: 5936 NAME: svchost.exe OWNER: SERVICE LOCAL CMD: C:\WINDOWS\System32\svchost.exe -k LocalServiceNoNetwork -p -s DPS PATH: C:\WINDOWS\System32\svchost.exe
20250710T15:07:18Z STORRENTI LOKI: Info: MODULE: ProcessScan MESSAGE: Scanning Process PID: 5944 NAME: svchost.exe OWNER: Système CMD: C:\WINDOWS\system32\svchost.exe -k netsvcs -p -s IKEEXT PATH: C:\WINDOWS\system32\svchost.exe
20250710T15:07:18Z STORRENTI LOKI: Info: MODULE: ProcessScan MESSAGE: PE-Sieve reported no anomalies PID: 5944 NAME: svchost.exe OWNER: Système CMD: C:\WINDOWS\system32\svchost.exe -k netsvcs -p -s IKEEXT PATH: C:\WINDOWS\system32\svchost.exe
20250710T15:07:19Z STORRENTI LOKI: Info: MODULE: ProcessScan MESSAGE: Scanning Process PID: 5952 NAME: jhi_service.exe OWNER: Système CMD: C:\WINDOWS\System32\DriverStore\FileRepository\dal.inf_amd64_af50fdb80983f7bc\jhi_service.exe PATH: C:\WINDOWS\System32\DriverStore\FileRepository\dal.inf_amd64_af50fdb80983f7bc\jhi_service.exe
20250710T15:07:19Z STORRENTI LOKI: Info: MODULE: ProcessScan MESSAGE: PE-Sieve reported no anomalies PID: 5952 NAME: jhi_service.exe OWNER: Système CMD: C:\WINDOWS\System32\DriverStore\FileRepository\dal.inf_amd64_af50fdb80983f7bc\jhi_service.exe PATH: C:\WINDOWS\System32\DriverStore\FileRepository\dal.inf_amd64_af50fdb80983f7bc\jhi_service.exe
20250710T15:07:19Z STORRENTI LOKI: Notice: MODULE: ProcessScan MESSAGE: Listening process PID: 5952 NAME: jhi_service.exe COMMAND: C:\WINDOWS\System32\DriverStore\FileRepository\dal.inf_amd64_af50fdb80983f7bc\jhi_service.exe IP: ::1 PORT: 49671
20250710T15:07:19Z STORRENTI LOKI: Info: MODULE: ProcessScan MESSAGE: Scanning Process PID: 5960 NAME: IntelAudioService.exe OWNER: Système CMD: C:\WINDOWS\System32\DriverStore\FileRepository\intcoed.inf_amd64_7788ed722b79e114\\AS\\IAS\\IntelAudioService.exe PATH: C:\WINDOWS\System32\DriverStore\FileRepository\intcoed.inf_amd64_7788ed722b79e114\AS\IAS\IntelAudioService.exe
20250710T15:07:19Z STORRENTI LOKI: Notice: MODULE: ProcessScan MESSAGE: PE-Sieve reported patched process PID: 5960 NAME: IntelAudioService.exe OWNER: Système CMD: C:\WINDOWS\System32\DriverStore\FileRepository\intcoed.inf_amd64_7788ed722b79e114\\AS\\IAS\\IntelAudioService.exe PATH: C:\WINDOWS\System32\DriverStore\FileRepository\intcoed.inf_amd64_7788ed722b79e114\AS\IAS\IntelAudioService.exe PATCHED: 1
20250710T15:07:19Z STORRENTI LOKI: Info: MODULE: ProcessScan MESSAGE: Scanning Process PID: 5968 NAME: nvcontainer.exe OWNER: Système CMD: "C:\Program Files\NVIDIA Corporation\NvContainer\nvcontainer.exe" -s NvContainerLocalSystem -a -f "C:\ProgramData\NVIDIA Corporation\NVIDIA App\NvContainer\NvContainerLocalSystem.log" -l 3 -d "C:\Program Files\NVIDIA Corporation\NvContainer\plugins\LocalSystem" -r -p 30000  -ert PATH: C:\Program Files\NVIDIA Corporation\NvContainer\nvcontainer.exe
20250710T15:07:20Z STORRENTI LOKI: Info: MODULE: ProcessScan MESSAGE: PE-Sieve reported no anomalies PID: 5968 NAME: nvcontainer.exe OWNER: Système CMD: "C:\Program Files\NVIDIA Corporation\NvContainer\nvcontainer.exe" -s NvContainerLocalSystem -a -f "C:\ProgramData\NVIDIA Corporation\NVIDIA App\NvContainer\NvContainerLocalSystem.log" -l 3 -d "C:\Program Files\NVIDIA Corporation\NvContainer\plugins\LocalSystem" -r -p 30000  -ert PATH: C:\Program Files\NVIDIA Corporation\NvContainer\nvcontainer.exe
20250710T15:07:20Z STORRENTI LOKI: Info: MODULE: ProcessScan MESSAGE: Scanning Process PID: 5984 NAME: svchost.exe OWNER: Système CMD: C:\WINDOWS\System32\svchost.exe -k NetSvcs -p -s iphlpsvc PATH: C:\WINDOWS\System32\svchost.exe
20250710T15:07:20Z STORRENTI LOKI: Info: MODULE: ProcessScan MESSAGE: PE-Sieve reported no anomalies PID: 5984 NAME: svchost.exe OWNER: Système CMD: C:\WINDOWS\System32\svchost.exe -k NetSvcs -p -s iphlpsvc PATH: C:\WINDOWS\System32\svchost.exe
20250710T15:07:20Z STORRENTI LOKI: Info: MODULE: ProcessScan MESSAGE: Scanning Process PID: 6028 NAME: WMIRegistrationService.exe OWNER: Système CMD: C:\WINDOWS\System32\DriverStore\FileRepository\mewmiprov.inf_amd64_d51901c26227fb29\WMIRegistrationService.exe PATH: C:\WINDOWS\System32\DriverStore\FileRepository\mewmiprov.inf_amd64_d51901c26227fb29\WMIRegistrationService.exe
20250710T15:07:45Z STORRENTI LOKI: Info: MODULE: ProcessScan MESSAGE: PE-Sieve reported no anomalies PID: 6028 NAME: WMIRegistrationService.exe OWNER: Système CMD: C:\WINDOWS\System32\DriverStore\FileRepository\mewmiprov.inf_amd64_d51901c26227fb29\WMIRegistrationService.exe PATH: C:\WINDOWS\System32\DriverStore\FileRepository\mewmiprov.inf_amd64_d51901c26227fb29\WMIRegistrationService.exe
20250710T15:07:45Z STORRENTI LOKI: Info: MODULE: ProcessScan MESSAGE: Scanning Process PID: 6040 NAME: sqlwriter.exe OWNER: Système CMD: "C:\Program Files\Microsoft SQL Server\90\Shared\sqlwriter.exe" PATH: C:\Program Files\Microsoft SQL Server\90\Shared\sqlwriter.exe
20250710T15:07:45Z STORRENTI LOKI: Info: MODULE: ProcessScan MESSAGE: PE-Sieve reported no anomalies PID: 6040 NAME: sqlwriter.exe OWNER: Système CMD: "C:\Program Files\Microsoft SQL Server\90\Shared\sqlwriter.exe" PATH: C:\Program Files\Microsoft SQL Server\90\Shared\sqlwriter.exe
20250710T15:07:45Z STORRENTI LOKI: Info: MODULE: ProcessScan MESSAGE: Scanning Process PID: 6048 NAME: RtkAudUService64.exe OWNER: Système CMD: "C:\WINDOWS\System32\DriverStore\FileRepository\realtekservice.inf_amd64_4401706d277a86e0\RtkAudUService64.exe" PATH: C:\WINDOWS\System32\DriverStore\FileRepository\realtekservice.inf_amd64_4401706d277a86e0\RtkAudUService64.exe
20250710T15:07:46Z STORRENTI LOKI: Info: MODULE: ProcessScan MESSAGE: PE-Sieve reported no anomalies PID: 6048 NAME: RtkAudUService64.exe OWNER: Système CMD: "C:\WINDOWS\System32\DriverStore\FileRepository\realtekservice.inf_amd64_4401706d277a86e0\RtkAudUService64.exe" PATH: C:\WINDOWS\System32\DriverStore\FileRepository\realtekservice.inf_amd64_4401706d277a86e0\RtkAudUService64.exe
20250710T15:07:46Z STORRENTI LOKI: Info: MODULE: ProcessScan MESSAGE: Scanning Process PID: 6056 NAME: MpDefenderCoreService.exe OWNER: Système CMD: N/A PATH: none
20250710T15:07:46Z STORRENTI LOKI: Info: MODULE: ProcessScan MESSAGE: PE-Sieve reported no anomalies PID: 6056 NAME: MpDefenderCoreService.exe OWNER: Système CMD: N/A PATH: none
20250710T15:07:46Z STORRENTI LOKI: Info: MODULE: ProcessScan MESSAGE: Scanning Process PID: 6064 NAME: ThunderboltService.exe OWNER: Système CMD: C:\WINDOWS\ThunderboltService.exe PATH: C:\WINDOWS\ThunderboltService.exe
20250710T15:07:46Z STORRENTI LOKI: Notice: MODULE: ProcessScan MESSAGE: PE-Sieve reported patched process PID: 6064 NAME: ThunderboltService.exe OWNER: Système CMD: C:\WINDOWS\ThunderboltService.exe PATH: C:\WINDOWS\ThunderboltService.exe PATCHED: 1
20250710T15:07:47Z STORRENTI LOKI: Info: MODULE: ProcessScan MESSAGE: Scanning Process PID: 6072 NAME: pg_ctl.exe OWNER: SERVICE RÉSEAU CMD: "C:\Program Files\PostgreSQL\17\bin\pg_ctl.exe" runservice -N "postgresql-x64-17" -D "C:\Program Files\PostgreSQL\17\data" -w PATH: C:\Program Files\PostgreSQL\17\bin\pg_ctl.exe
20250710T15:07:47Z STORRENTI LOKI: Info: MODULE: ProcessScan MESSAGE: PE-Sieve reported no anomalies PID: 6072 NAME: pg_ctl.exe OWNER: SERVICE RÉSEAU CMD: "C:\Program Files\PostgreSQL\17\bin\pg_ctl.exe" runservice -N "postgresql-x64-17" -D "C:\Program Files\PostgreSQL\17\data" -w PATH: C:\Program Files\PostgreSQL\17\bin\pg_ctl.exe
20250710T15:07:47Z STORRENTI LOKI: Info: MODULE: ProcessScan MESSAGE: Scanning Process PID: 6080 NAME: svchost.exe OWNER: Système CMD: C:\WINDOWS\system32\svchost.exe -k netsvcs -p -s WpnService PATH: C:\WINDOWS\system32\svchost.exe
20250710T15:07:47Z STORRENTI LOKI: Info: MODULE: ProcessScan MESSAGE: PE-Sieve reported no anomalies PID: 6080 NAME: svchost.exe OWNER: Système CMD: C:\WINDOWS\system32\svchost.exe -k netsvcs -p -s WpnService PATH: C:\WINDOWS\system32\svchost.exe
20250710T15:07:47Z STORRENTI LOKI: Notice: MODULE: ProcessScan MESSAGE: Established connection PID: 6080 NAME: svchost.exe COMMAND: C:\WINDOWS\system32\svchost.exe -k netsvcs -p -s WpnService LIP: 172.31.200.207 LPORT: 49410 RIP: 98.66.133.184 RPORT: 443
20250710T15:07:47Z STORRENTI LOKI: Info: MODULE: ProcessScan MESSAGE: Scanning Process PID: 6088 NAME: OfficeClickToRun.exe OWNER: Système CMD: "C:\Program Files\Common Files\Microsoft Shared\ClickToRun\OfficeClickToRun.exe" /service PATH: C:\Program Files\Common Files\Microsoft Shared\ClickToRun\OfficeClickToRun.exe
20250710T15:07:48Z STORRENTI LOKI: Info: MODULE: ProcessScan MESSAGE: PE-Sieve reported no anomalies PID: 6088 NAME: OfficeClickToRun.exe OWNER: Système CMD: "C:\Program Files\Common Files\Microsoft Shared\ClickToRun\OfficeClickToRun.exe" /service PATH: C:\Program Files\Common Files\Microsoft Shared\ClickToRun\OfficeClickToRun.exe
20250710T15:07:48Z STORRENTI LOKI: Info: MODULE: ProcessScan MESSAGE: Scanning Process PID: 6096 NAME: svchost.exe OWNER: Système CMD: C:\WINDOWS\system32\svchost.exe -k netsvcs -p -s Winmgmt PATH: C:\WINDOWS\system32\svchost.exe
20250710T15:07:48Z STORRENTI LOKI: Info: MODULE: ProcessScan MESSAGE: PE-Sieve reported no anomalies PID: 6096 NAME: svchost.exe OWNER: Système CMD: C:\WINDOWS\system32\svchost.exe -k netsvcs -p -s Winmgmt PATH: C:\WINDOWS\system32\svchost.exe
20250710T15:07:48Z STORRENTI LOKI: Info: MODULE: ProcessScan MESSAGE: Scanning Process PID: 6104 NAME: RstMwService.exe OWNER: Système CMD: C:\WINDOWS\System32\DriverStore\FileRepository\iastorvd.inf_amd64_d0ba3dc7378fedf6\RstMwService.exe PATH: C:\WINDOWS\System32\DriverStore\FileRepository\iastorvd.inf_amd64_d0ba3dc7378fedf6\RstMwService.exe
20250710T15:07:48Z STORRENTI LOKI: Info: MODULE: ProcessScan MESSAGE: PE-Sieve reported no anomalies PID: 6104 NAME: RstMwService.exe OWNER: Système CMD: C:\WINDOWS\System32\DriverStore\FileRepository\iastorvd.inf_amd64_d0ba3dc7378fedf6\RstMwService.exe PATH: C:\WINDOWS\System32\DriverStore\FileRepository\iastorvd.inf_amd64_d0ba3dc7378fedf6\RstMwService.exe
20250710T15:07:48Z STORRENTI LOKI: Info: MODULE: ProcessScan MESSAGE: Scanning Process PID: 6112 NAME: TbtP2pShortcutService.exe OWNER: Système CMD: C:\WINDOWS\TbtP2pShortcutService.exe PATH: C:\WINDOWS\TbtP2pShortcutService.exe
20250710T15:07:48Z STORRENTI LOKI: Info: MODULE: ProcessScan MESSAGE: PE-Sieve reported no anomalies PID: 6112 NAME: TbtP2pShortcutService.exe OWNER: Système CMD: C:\WINDOWS\TbtP2pShortcutService.exe PATH: C:\WINDOWS\TbtP2pShortcutService.exe
20250710T15:07:49Z STORRENTI LOKI: Info: MODULE: ProcessScan MESSAGE: Scanning Process PID: 6124 NAME: wslservice.exe OWNER: Système CMD: "C:\Program Files\WSL\wslservice.exe" PATH: C:\Program Files\WSL\wslservice.exe
20250710T15:07:49Z STORRENTI LOKI: Info: MODULE: ProcessScan MESSAGE: PE-Sieve reported no anomalies PID: 6124 NAME: wslservice.exe OWNER: Système CMD: "C:\Program Files\WSL\wslservice.exe" PATH: C:\Program Files\WSL\wslservice.exe
20250710T15:07:49Z STORRENTI LOKI: Info: MODULE: ProcessScan MESSAGE: Scanning Process PID: 6132 NAME: ipfsvc.exe OWNER: SERVICE LOCAL CMD: "C:\WINDOWS\System32\DriverStore\FileRepository\dtt_sw.inf_amd64_583af722d28308db\ipfsvc.exe" PATH: C:\WINDOWS\System32\DriverStore\FileRepository\dtt_sw.inf_amd64_583af722d28308db\ipfsvc.exe
20250710T15:07:49Z STORRENTI LOKI: Info: MODULE: ProcessScan MESSAGE: PE-Sieve reported no anomalies PID: 6132 NAME: ipfsvc.exe OWNER: SERVICE LOCAL CMD: "C:\WINDOWS\System32\DriverStore\FileRepository\dtt_sw.inf_amd64_583af722d28308db\ipfsvc.exe" PATH: C:\WINDOWS\System32\DriverStore\FileRepository\dtt_sw.inf_amd64_583af722d28308db\ipfsvc.exe
20250710T15:07:49Z STORRENTI LOKI: Notice: MODULE: ProcessScan MESSAGE: Established connection PID: 6132 NAME: ipfsvc.exe COMMAND: "C:\WINDOWS\System32\DriverStore\FileRepository\dtt_sw.inf_amd64_583af722d28308db\ipfsvc.exe" LIP: 127.0.0.1 LPORT: 49746 RIP: 127.0.0.1 RPORT: 49747
20250710T15:07:49Z STORRENTI LOKI: Notice: MODULE: ProcessScan MESSAGE: Established connection PID: 6132 NAME: ipfsvc.exe COMMAND: "C:\WINDOWS\System32\DriverStore\FileRepository\dtt_sw.inf_amd64_583af722d28308db\ipfsvc.exe" LIP: 127.0.0.1 LPORT: 49747 RIP: 127.0.0.1 RPORT: 49746
20250710T15:07:49Z STORRENTI LOKI: Info: MODULE: ProcessScan MESSAGE: Scanning Process PID: 5168 NAME: svchost.exe OWNER: Système CMD: C:\WINDOWS\System32\svchost.exe -k LocalSystemNetworkRestricted -p -s TrkWks PATH: C:\WINDOWS\System32\svchost.exe
20250710T15:07:49Z STORRENTI LOKI: Info: MODULE: ProcessScan MESSAGE: PE-Sieve reported no anomalies PID: 5168 NAME: svchost.exe OWNER: Système CMD: C:\WINDOWS\System32\svchost.exe -k LocalSystemNetworkRestricted -p -s TrkWks PATH: C:\WINDOWS\System32\svchost.exe
20250710T15:07:50Z STORRENTI LOKI: Info: MODULE: ProcessScan MESSAGE: Scanning Process PID: 5104 NAME: svchost.exe OWNER: SERVICE LOCAL CMD: C:\WINDOWS\system32\svchost.exe -k WSAIFabricSvcGroup -p -s WSAIFabricSvc PATH: C:\WINDOWS\system32\svchost.exe
20250710T15:07:50Z STORRENTI LOKI: Info: MODULE: ProcessScan MESSAGE: PE-Sieve reported no anomalies PID: 5104 NAME: svchost.exe OWNER: SERVICE LOCAL CMD: C:\WINDOWS\system32\svchost.exe -k WSAIFabricSvcGroup -p -s WSAIFabricSvc PATH: C:\WINDOWS\system32\svchost.exe
20250710T15:07:50Z STORRENTI LOKI: Info: MODULE: ProcessScan MESSAGE: Scanning Process PID: 4712 NAME: ipf_uf.exe OWNER: Système CMD: "C:\WINDOWS\System32\DriverStore\FileRepository\ipf_cpu.inf_amd64_b25cc008923a9297\ipf_uf.exe" PATH: C:\WINDOWS\System32\DriverStore\FileRepository\ipf_cpu.inf_amd64_b25cc008923a9297\ipf_uf.exe
20250710T15:07:50Z STORRENTI LOKI: Info: MODULE: ProcessScan MESSAGE: PE-Sieve reported no anomalies PID: 4712 NAME: ipf_uf.exe OWNER: Système CMD: "C:\WINDOWS\System32\DriverStore\FileRepository\ipf_cpu.inf_amd64_b25cc008923a9297\ipf_uf.exe" PATH: C:\WINDOWS\System32\DriverStore\FileRepository\ipf_cpu.inf_amd64_b25cc008923a9297\ipf_uf.exe
20250710T15:07:50Z STORRENTI LOKI: Info: MODULE: ProcessScan MESSAGE: Scanning Process PID: 6492 NAME: svchost.exe OWNER: SERVICE RÉSEAU CMD: C:\WINDOWS\system32\svchost.exe -k NetworkServiceNetworkRestricted -p -s PolicyAgent PATH: C:\WINDOWS\system32\svchost.exe
20250710T15:07:50Z STORRENTI LOKI: Info: MODULE: ProcessScan MESSAGE: PE-Sieve reported no anomalies PID: 6492 NAME: svchost.exe OWNER: SERVICE RÉSEAU CMD: C:\WINDOWS\system32\svchost.exe -k NetworkServiceNetworkRestricted -p -s PolicyAgent PATH: C:\WINDOWS\system32\svchost.exe
20250710T15:07:50Z STORRENTI LOKI: Info: MODULE: ProcessScan MESSAGE: Scanning Process PID: 7060 NAME: svchost.exe OWNER: Système CMD: C:\WINDOWS\system32\svchost.exe -k netsvcs -p -s LanmanServer PATH: C:\WINDOWS\system32\svchost.exe
20250710T15:07:51Z STORRENTI LOKI: Info: MODULE: ProcessScan MESSAGE: PE-Sieve reported no anomalies PID: 7060 NAME: svchost.exe OWNER: Système CMD: C:\WINDOWS\system32\svchost.exe -k netsvcs -p -s LanmanServer PATH: C:\WINDOWS\system32\svchost.exe
20250710T15:07:51Z STORRENTI LOKI: Info: MODULE: ProcessScan MESSAGE: Scanning Process PID: 7296 NAME: postgres.exe OWNER: SERVICE RÉSEAU CMD: "C:\Program Files\PostgreSQL\17\bin\postgres.exe" -D "C:\Program Files\PostgreSQL\17\data"  PATH: C:\Program Files\PostgreSQL\17\bin\postgres.exe
20250710T15:07:51Z STORRENTI LOKI: Info: MODULE: ProcessScan MESSAGE: PE-Sieve reported no anomalies PID: 7296 NAME: postgres.exe OWNER: SERVICE RÉSEAU CMD: "C:\Program Files\PostgreSQL\17\bin\postgres.exe" -D "C:\Program Files\PostgreSQL\17\data"  PATH: C:\Program Files\PostgreSQL\17\bin\postgres.exe
20250710T15:07:51Z STORRENTI LOKI: Notice: MODULE: ProcessScan MESSAGE: Listening process PID: 7296 NAME: postgres.exe COMMAND: "C:\Program Files\PostgreSQL\17\bin\postgres.exe" -D "C:\Program Files\PostgreSQL\17\data"  IP: 0.0.0.0 PORT: 5432
20250710T15:07:51Z STORRENTI LOKI: Notice: MODULE: ProcessScan MESSAGE: Listening process PID: 7296 NAME: postgres.exe COMMAND: "C:\Program Files\PostgreSQL\17\bin\postgres.exe" -D "C:\Program Files\PostgreSQL\17\data"  IP: :: PORT: 5432
20250710T15:07:51Z STORRENTI LOKI: Info: MODULE: ProcessScan MESSAGE: Scanning Process PID: 7312 NAME: conhost.exe OWNER: SERVICE RÉSEAU CMD: \??\C:\WINDOWS\system32\conhost.exe 0x4 PATH: C:\WINDOWS\system32\conhost.exe
20250710T15:07:51Z STORRENTI LOKI: Info: MODULE: ProcessScan MESSAGE: PE-Sieve reported no anomalies PID: 7312 NAME: conhost.exe OWNER: SERVICE RÉSEAU CMD: \??\C:\WINDOWS\system32\conhost.exe 0x4 PATH: C:\WINDOWS\system32\conhost.exe
20250710T15:07:51Z STORRENTI LOKI: Info: MODULE: ProcessScan MESSAGE: Scanning Process PID: 7616 NAME: svchost.exe OWNER: Système CMD: C:\WINDOWS\system32\svchost.exe -k NetSvcs -s nvagent PATH: C:\WINDOWS\system32\svchost.exe
20250710T15:07:51Z STORRENTI LOKI: Info: MODULE: ProcessScan MESSAGE: PE-Sieve reported no anomalies PID: 7616 NAME: svchost.exe OWNER: Système CMD: C:\WINDOWS\system32\svchost.exe -k NetSvcs -s nvagent PATH: C:\WINDOWS\system32\svchost.exe
20250710T15:07:52Z STORRENTI LOKI: Info: MODULE: ProcessScan MESSAGE: Scanning Process PID: 7820 NAME: svchost.exe OWNER: Système CMD: C:\WINDOWS\System32\svchost.exe -k netsvcs -p -s SharedAccess PATH: C:\WINDOWS\System32\svchost.exe
20250710T15:07:52Z STORRENTI LOKI: Info: MODULE: ProcessScan MESSAGE: PE-Sieve reported no anomalies PID: 7820 NAME: svchost.exe OWNER: Système CMD: C:\WINDOWS\System32\svchost.exe -k netsvcs -p -s SharedAccess PATH: C:\WINDOWS\System32\svchost.exe
20250710T15:07:52Z STORRENTI LOKI: Info: MODULE: ProcessScan MESSAGE: Scanning Process PID: 8032 NAME: postgres.exe OWNER: SERVICE RÉSEAU CMD: C:\Program Files\PostgreSQL\17\bin\postgres.exe PATH: C:\Program Files\PostgreSQL\17\bin\postgres.exe
20250710T15:07:52Z STORRENTI LOKI: Info: MODULE: ProcessScan MESSAGE: PE-Sieve reported no anomalies PID: 8032 NAME: postgres.exe OWNER: SERVICE RÉSEAU CMD: C:\Program Files\PostgreSQL\17\bin\postgres.exe PATH: C:\Program Files\PostgreSQL\17\bin\postgres.exe
20250710T15:07:52Z STORRENTI LOKI: Info: MODULE: ProcessScan MESSAGE: Scanning Process PID: 8180 NAME: postgres.exe OWNER: SERVICE RÉSEAU CMD: C:\Program Files\PostgreSQL\17\bin\postgres.exe PATH: C:\Program Files\PostgreSQL\17\bin\postgres.exe
20250710T15:07:52Z STORRENTI LOKI: Info: MODULE: ProcessScan MESSAGE: PE-Sieve reported no anomalies PID: 8180 NAME: postgres.exe OWNER: SERVICE RÉSEAU CMD: C:\Program Files\PostgreSQL\17\bin\postgres.exe PATH: C:\Program Files\PostgreSQL\17\bin\postgres.exe
20250710T15:07:53Z STORRENTI LOKI: Info: MODULE: ProcessScan MESSAGE: Scanning Process PID: 7100 NAME: postgres.exe OWNER: SERVICE RÉSEAU CMD: C:\Program Files\PostgreSQL\17\bin\postgres.exe PATH: C:\Program Files\PostgreSQL\17\bin\postgres.exe
20250710T15:07:53Z STORRENTI LOKI: Info: MODULE: ProcessScan MESSAGE: PE-Sieve reported no anomalies PID: 7100 NAME: postgres.exe OWNER: SERVICE RÉSEAU CMD: C:\Program Files\PostgreSQL\17\bin\postgres.exe PATH: C:\Program Files\PostgreSQL\17\bin\postgres.exe
20250710T15:07:53Z STORRENTI LOKI: Info: MODULE: ProcessScan MESSAGE: Scanning Process PID: 7280 NAME: postgres.exe OWNER: SERVICE RÉSEAU CMD: C:\Program Files\PostgreSQL\17\bin\postgres.exe PATH: C:\Program Files\PostgreSQL\17\bin\postgres.exe
20250710T15:07:53Z STORRENTI LOKI: Info: MODULE: ProcessScan MESSAGE: PE-Sieve reported no anomalies PID: 7280 NAME: postgres.exe OWNER: SERVICE RÉSEAU CMD: C:\Program Files\PostgreSQL\17\bin\postgres.exe PATH: C:\Program Files\PostgreSQL\17\bin\postgres.exe
20250710T15:07:53Z STORRENTI LOKI: Info: MODULE: ProcessScan MESSAGE: Scanning Process PID: 6500 NAME: postgres.exe OWNER: SERVICE RÉSEAU CMD: C:\Program Files\PostgreSQL\17\bin\postgres.exe PATH: C:\Program Files\PostgreSQL\17\bin\postgres.exe
20250710T15:07:53Z STORRENTI LOKI: Info: MODULE: ProcessScan MESSAGE: PE-Sieve reported no anomalies PID: 6500 NAME: postgres.exe OWNER: SERVICE RÉSEAU CMD: C:\Program Files\PostgreSQL\17\bin\postgres.exe PATH: C:\Program Files\PostgreSQL\17\bin\postgres.exe
20250710T15:07:54Z STORRENTI LOKI: Info: MODULE: ProcessScan MESSAGE: Scanning Process PID: 5996 NAME: postgres.exe OWNER: SERVICE RÉSEAU CMD: C:\Program Files\PostgreSQL\17\bin\postgres.exe PATH: C:\Program Files\PostgreSQL\17\bin\postgres.exe
20250710T15:07:54Z STORRENTI LOKI: Info: MODULE: ProcessScan MESSAGE: PE-Sieve reported no anomalies PID: 5996 NAME: postgres.exe OWNER: SERVICE RÉSEAU CMD: C:\Program Files\PostgreSQL\17\bin\postgres.exe PATH: C:\Program Files\PostgreSQL\17\bin\postgres.exe
20250710T15:07:54Z STORRENTI LOKI: Info: MODULE: ProcessScan MESSAGE: Scanning Process PID: 9344 NAME: svchost.exe OWNER: Système CMD: C:\WINDOWS\system32\svchost.exe -k osprivacy -p -s camsvc PATH: C:\WINDOWS\system32\svchost.exe
20250710T15:07:54Z STORRENTI LOKI: Info: MODULE: ProcessScan MESSAGE: PE-Sieve reported no anomalies PID: 9344 NAME: svchost.exe OWNER: Système CMD: C:\WINDOWS\system32\svchost.exe -k osprivacy -p -s camsvc PATH: C:\WINDOWS\system32\svchost.exe
20250710T15:07:54Z STORRENTI LOKI: Info: MODULE: ProcessScan MESSAGE: Scanning Process PID: 9800 NAME: wlanext.exe OWNER: Système CMD: C:\WINDOWS\system32\WLANExt.exe 2630230229920 PATH: C:\WINDOWS\system32\WLANExt.exe
20250710T15:07:54Z STORRENTI LOKI: Info: MODULE: ProcessScan MESSAGE: PE-Sieve reported no anomalies PID: 9800 NAME: wlanext.exe OWNER: Système CMD: C:\WINDOWS\system32\WLANExt.exe 2630230229920 PATH: C:\WINDOWS\system32\WLANExt.exe
20250710T15:07:54Z STORRENTI LOKI: Info: MODULE: ProcessScan MESSAGE: Scanning Process PID: 9920 NAME: svchost.exe OWNER: SERVICE LOCAL CMD: C:\WINDOWS\System32\svchost.exe -k LocalService -p -s LicenseManager PATH: C:\WINDOWS\System32\svchost.exe
20250710T15:07:55Z STORRENTI LOKI: Info: MODULE: ProcessScan MESSAGE: PE-Sieve reported no anomalies PID: 9920 NAME: svchost.exe OWNER: SERVICE LOCAL CMD: C:\WINDOWS\System32\svchost.exe -k LocalService -p -s LicenseManager PATH: C:\WINDOWS\System32\svchost.exe
20250710T15:07:55Z STORRENTI LOKI: Info: MODULE: ProcessScan MESSAGE: Scanning Process PID: 9996 NAME: AggregatorHost.exe OWNER: Système CMD: C:\WINDOWS\System32\AggregatorHost.exe PATH: C:\WINDOWS\System32\AggregatorHost.exe
20250710T15:07:55Z STORRENTI LOKI: Info: MODULE: ProcessScan MESSAGE: PE-Sieve reported no anomalies PID: 9996 NAME: AggregatorHost.exe OWNER: Système CMD: C:\WINDOWS\System32\AggregatorHost.exe PATH: C:\WINDOWS\System32\AggregatorHost.exe
20250710T15:07:55Z STORRENTI LOKI: Info: MODULE: ProcessScan MESSAGE: Scanning Process PID: 10192 NAME: svchost.exe OWNER: SERVICE LOCAL CMD: C:\WINDOWS\System32\svchost.exe -k LocalServiceNetworkRestricted -s RmSvc PATH: C:\WINDOWS\System32\svchost.exe
20250710T15:07:55Z STORRENTI LOKI: Info: MODULE: ProcessScan MESSAGE: PE-Sieve reported no anomalies PID: 10192 NAME: svchost.exe OWNER: SERVICE LOCAL CMD: C:\WINDOWS\System32\svchost.exe -k LocalServiceNetworkRestricted -s RmSvc PATH: C:\WINDOWS\System32\svchost.exe
20250710T15:07:55Z STORRENTI LOKI: Info: MODULE: ProcessScan MESSAGE: Scanning Process PID: 10144 NAME: WmiPrvSE.exe OWNER: Système CMD: C:\WINDOWS\system32\wbem\wmiprvse.exe PATH: C:\WINDOWS\system32\wbem\wmiprvse.exe
20250710T15:07:56Z STORRENTI LOKI: Info: MODULE: ProcessScan MESSAGE: PE-Sieve reported no anomalies PID: 10144 NAME: WmiPrvSE.exe OWNER: Système CMD: C:\WINDOWS\system32\wbem\wmiprvse.exe PATH: C:\WINDOWS\system32\wbem\wmiprvse.exe
20250710T15:07:56Z STORRENTI LOKI: Info: MODULE: ProcessScan MESSAGE: Scanning Process PID: 10304 NAME: unsecapp.exe OWNER: Système CMD: C:\WINDOWS\system32\wbem\unsecapp.exe -Embedding PATH: C:\WINDOWS\system32\wbem\unsecapp.exe
20250710T15:07:56Z STORRENTI LOKI: Info: MODULE: ProcessScan MESSAGE: PE-Sieve reported no anomalies PID: 10304 NAME: unsecapp.exe OWNER: Système CMD: C:\WINDOWS\system32\wbem\unsecapp.exe -Embedding PATH: C:\WINDOWS\system32\wbem\unsecapp.exe
20250710T15:07:56Z STORRENTI LOKI: Info: MODULE: ProcessScan MESSAGE: Scanning Process PID: 4968 NAME: svchost.exe OWNER: Système CMD: C:\WINDOWS\system32\svchost.exe -k netsvcs -p -s TokenBroker PATH: C:\WINDOWS\system32\svchost.exe
20250710T15:07:56Z STORRENTI LOKI: Info: MODULE: ProcessScan MESSAGE: PE-Sieve reported no anomalies PID: 4968 NAME: svchost.exe OWNER: Système CMD: C:\WINDOWS\system32\svchost.exe -k netsvcs -p -s TokenBroker PATH: C:\WINDOWS\system32\svchost.exe
20250710T15:07:56Z STORRENTI LOKI: Info: MODULE: ProcessScan MESSAGE: Scanning Process PID: 11380 NAME: svchost.exe OWNER: SERVICE LOCAL CMD: C:\WINDOWS\system32\svchost.exe -k LocalService -p -s CDPSvc PATH: C:\WINDOWS\system32\svchost.exe
20250710T15:07:57Z STORRENTI LOKI: Info: MODULE: ProcessScan MESSAGE: PE-Sieve reported no anomalies PID: 11380 NAME: svchost.exe OWNER: SERVICE LOCAL CMD: C:\WINDOWS\system32\svchost.exe -k LocalService -p -s CDPSvc PATH: C:\WINDOWS\system32\svchost.exe
20250710T15:07:57Z STORRENTI LOKI: Notice: MODULE: ProcessScan MESSAGE: Listening process PID: 11380 NAME: svchost.exe COMMAND: C:\WINDOWS\system32\svchost.exe -k LocalService -p -s CDPSvc IP: 0.0.0.0 PORT: 5040
20250710T15:07:57Z STORRENTI LOKI: Info: MODULE: ProcessScan MESSAGE: Scanning Process PID: 12996 NAME: svchost.exe OWNER: Système CMD: C:\WINDOWS\system32\svchost.exe -k LocalSystemNetworkRestricted -p -s PcaSvc PATH: C:\WINDOWS\system32\svchost.exe
20250710T15:07:57Z STORRENTI LOKI: Info: MODULE: ProcessScan MESSAGE: PE-Sieve reported no anomalies PID: 12996 NAME: svchost.exe OWNER: Système CMD: C:\WINDOWS\system32\svchost.exe -k LocalSystemNetworkRestricted -p -s PcaSvc PATH: C:\WINDOWS\system32\svchost.exe
20250710T15:07:57Z STORRENTI LOKI: Info: MODULE: ProcessScan MESSAGE: Scanning Process PID: 13428 NAME: svchost.exe OWNER: Système CMD: C:\WINDOWS\system32\svchost.exe -k netsvcs -p -s Appinfo PATH: C:\WINDOWS\system32\svchost.exe
20250710T15:07:57Z STORRENTI LOKI: Info: MODULE: ProcessScan MESSAGE: PE-Sieve reported no anomalies PID: 13428 NAME: svchost.exe OWNER: Système CMD: C:\WINDOWS\system32\svchost.exe -k netsvcs -p -s Appinfo PATH: C:\WINDOWS\system32\svchost.exe
20250710T15:07:57Z STORRENTI LOKI: Info: MODULE: ProcessScan MESSAGE: Scanning Process PID: 15600 NAME: SearchIndexer.exe OWNER: Système CMD: C:\WINDOWS\system32\SearchIndexer.exe /Embedding PATH: C:\WINDOWS\system32\SearchIndexer.exe
20250710T15:07:58Z STORRENTI LOKI: Info: MODULE: ProcessScan MESSAGE: PE-Sieve reported no anomalies PID: 15600 NAME: SearchIndexer.exe OWNER: Système CMD: C:\WINDOWS\system32\SearchIndexer.exe /Embedding PATH: C:\WINDOWS\system32\SearchIndexer.exe
20250710T15:07:58Z STORRENTI LOKI: Info: MODULE: ProcessScan MESSAGE: Scanning Process PID: 5792 NAME: SecurityHealthService.exe OWNER: Système CMD: N/A PATH: none
20250710T15:07:58Z STORRENTI LOKI: Info: MODULE: ProcessScan MESSAGE: PE-Sieve reported no anomalies PID: 5792 NAME: SecurityHealthService.exe OWNER: Système CMD: N/A PATH: none
20250710T15:07:58Z STORRENTI LOKI: Info: MODULE: ProcessScan MESSAGE: Scanning Process PID: 18116 NAME: svchost.exe OWNER: SERVICE LOCAL CMD: C:\WINDOWS\system32\svchost.exe -k LocalServiceAndNoImpersonation -p -s SSDPSRV PATH: C:\WINDOWS\system32\svchost.exe
20250710T15:07:58Z STORRENTI LOKI: Info: MODULE: ProcessScan MESSAGE: PE-Sieve reported no anomalies PID: 18116 NAME: svchost.exe OWNER: SERVICE LOCAL CMD: C:\WINDOWS\system32\svchost.exe -k LocalServiceAndNoImpersonation -p -s SSDPSRV PATH: C:\WINDOWS\system32\svchost.exe
20250710T15:07:58Z STORRENTI LOKI: Info: MODULE: ProcessScan MESSAGE: Scanning Process PID: 2844 NAME: svchost.exe OWNER: Système CMD: C:\WINDOWS\System32\svchost.exe -k netsvcs -p PATH: C:\WINDOWS\System32\svchost.exe
20250710T15:07:58Z STORRENTI LOKI: Info: MODULE: ProcessScan MESSAGE: PE-Sieve reported no anomalies PID: 2844 NAME: svchost.exe OWNER: Système CMD: C:\WINDOWS\System32\svchost.exe -k netsvcs -p PATH: C:\WINDOWS\System32\svchost.exe
20250710T15:07:59Z STORRENTI LOKI: Info: MODULE: ProcessScan MESSAGE: Scanning Process PID: 21328 NAME: svchost.exe OWNER: Système CMD: C:\WINDOWS\system32\svchost.exe -k netsvcs -p -s seclogon PATH: C:\WINDOWS\system32\svchost.exe
20250710T15:07:59Z STORRENTI LOKI: Info: MODULE: ProcessScan MESSAGE: PE-Sieve reported no anomalies PID: 21328 NAME: svchost.exe OWNER: Système CMD: C:\WINDOWS\system32\svchost.exe -k netsvcs -p -s seclogon PATH: C:\WINDOWS\system32\svchost.exe
20250710T15:07:59Z STORRENTI LOKI: Info: MODULE: ProcessScan MESSAGE: Scanning Process PID: 22124 NAME: svchost.exe OWNER: Système CMD: C:\WINDOWS\system32\svchost.exe -k netsvcs -p -s lfsvc PATH: C:\WINDOWS\system32\svchost.exe
20250710T15:07:59Z STORRENTI LOKI: Info: MODULE: ProcessScan MESSAGE: PE-Sieve reported no anomalies PID: 22124 NAME: svchost.exe OWNER: Système CMD: C:\WINDOWS\system32\svchost.exe -k netsvcs -p -s lfsvc PATH: C:\WINDOWS\system32\svchost.exe
20250710T15:07:59Z STORRENTI LOKI: Info: MODULE: ProcessScan MESSAGE: Scanning Process PID: 22236 NAME: FileSyncHelper.exe OWNER: Système CMD: "C:\Program Files\Microsoft OneDrive\25.110.0608.0002\FileSyncHelper.exe" PATH: C:\Program Files\Microsoft OneDrive\25.110.0608.0002\FileSyncHelper.exe
20250710T15:08:00Z STORRENTI LOKI: Info: MODULE: ProcessScan MESSAGE: PE-Sieve reported no anomalies PID: 22236 NAME: FileSyncHelper.exe OWNER: Système CMD: "C:\Program Files\Microsoft OneDrive\25.110.0608.0002\FileSyncHelper.exe" PATH: C:\Program Files\Microsoft OneDrive\25.110.0608.0002\FileSyncHelper.exe
20250710T15:08:00Z STORRENTI LOKI: Info: MODULE: ProcessScan MESSAGE: Scanning Process PID: 15900 NAME: svchost.exe OWNER: SERVICE RÉSEAU CMD: N/A PATH: none
20250710T15:08:00Z STORRENTI LOKI: Info: MODULE: ProcessScan MESSAGE: PE-Sieve reported no anomalies PID: 15900 NAME: svchost.exe OWNER: SERVICE RÉSEAU CMD: N/A PATH: none
20250710T15:08:00Z STORRENTI LOKI: Notice: MODULE: ProcessScan MESSAGE: Listening process PID: 15900 NAME: svchost.exe COMMAND: None IP: 0.0.0.0 PORT: 7680
20250710T15:08:00Z STORRENTI LOKI: Notice: MODULE: ProcessScan MESSAGE: Listening process PID: 15900 NAME: svchost.exe COMMAND: None IP: :: PORT: 7680
20250710T15:08:00Z STORRENTI LOKI: Info: MODULE: ProcessScan MESSAGE: Scanning Process PID: 7568 NAME: ksde.exe OWNER: Système CMD: "C:\Program Files (x86)\Kaspersky Lab\Kaspersky VPN 5.21\ksde.exe" -r PATH: C:\Program Files (x86)\Kaspersky Lab\Kaspersky VPN 5.21\ksde.exe
20250710T15:08:00Z STORRENTI LOKI: Notice: MODULE: ProcessScan MESSAGE: PE-Sieve reported patched process PID: 7568 NAME: ksde.exe OWNER: Système CMD: "C:\Program Files (x86)\Kaspersky Lab\Kaspersky VPN 5.21\ksde.exe" -r PATH: C:\Program Files (x86)\Kaspersky Lab\Kaspersky VPN 5.21\ksde.exe PATCHED: 5
20250710T15:08:00Z STORRENTI LOKI: Notice: MODULE: ProcessScan MESSAGE: Established connection PID: 7568 NAME: ksde.exe COMMAND: "C:\Program Files (x86)\Kaspersky Lab\Kaspersky VPN 5.21\ksde.exe" -r LIP: 172.31.200.207 LPORT: 51452 RIP: 109.248.196.16 RPORT: 443
20250710T15:08:00Z STORRENTI LOKI: Notice: MODULE: ProcessScan MESSAGE: Established connection PID: 7568 NAME: ksde.exe COMMAND: "C:\Program Files (x86)\Kaspersky Lab\Kaspersky VPN 5.21\ksde.exe" -r LIP: 127.0.0.1 LPORT: 51443 RIP: 127.0.0.1 RPORT: 51444
20250710T15:08:01Z STORRENTI LOKI: Notice: MODULE: ProcessScan MESSAGE: Established connection PID: 7568 NAME: ksde.exe COMMAND: "C:\Program Files (x86)\Kaspersky Lab\Kaspersky VPN 5.21\ksde.exe" -r LIP: 127.0.0.1 LPORT: 51444 RIP: 127.0.0.1 RPORT: 51443
20250710T15:08:01Z STORRENTI LOKI: Info: MODULE: ProcessScan MESSAGE: Scanning Process PID: 2136 NAME: svchost.exe OWNER: Système CMD: C:\WINDOWS\System32\svchost.exe -k LocalSystemNetworkRestricted -p PATH: C:\WINDOWS\System32\svchost.exe
20250710T15:08:01Z STORRENTI LOKI: Info: MODULE: ProcessScan MESSAGE: PE-Sieve reported no anomalies PID: 2136 NAME: svchost.exe OWNER: Système CMD: C:\WINDOWS\System32\svchost.exe -k LocalSystemNetworkRestricted -p PATH: C:\WINDOWS\System32\svchost.exe
20250710T15:08:01Z STORRENTI LOKI: Info: MODULE: ProcessScan MESSAGE: Scanning Process PID: 17844 NAME: svchost.exe OWNER: Système CMD: C:\WINDOWS\system32\svchost.exe -k netsvcs -p -s UsoSvc PATH: C:\WINDOWS\system32\svchost.exe
20250710T15:08:01Z STORRENTI LOKI: Info: MODULE: ProcessScan MESSAGE: PE-Sieve reported no anomalies PID: 17844 NAME: svchost.exe OWNER: Système CMD: C:\WINDOWS\system32\svchost.exe -k netsvcs -p -s UsoSvc PATH: C:\WINDOWS\system32\svchost.exe
20250710T15:08:01Z STORRENTI LOKI: Info: MODULE: ProcessScan MESSAGE: Scanning Process PID: 10844 NAME: svchost.exe OWNER: SERVICE LOCAL CMD: C:\WINDOWS\system32\svchost.exe -k LocalService -s W32Time PATH: C:\WINDOWS\system32\svchost.exe
20250710T15:08:01Z STORRENTI LOKI: Info: MODULE: ProcessScan MESSAGE: PE-Sieve reported no anomalies PID: 10844 NAME: svchost.exe OWNER: SERVICE LOCAL CMD: C:\WINDOWS\system32\svchost.exe -k LocalService -s W32Time PATH: C:\WINDOWS\system32\svchost.exe
20250710T15:08:02Z STORRENTI LOKI: Info: MODULE: ProcessScan MESSAGE: Scanning Process PID: 22648 NAME: svchost.exe OWNER: Système CMD: C:\WINDOWS\system32\svchost.exe -k whesvc -p -s whesvc PATH: C:\WINDOWS\system32\svchost.exe
20250710T15:08:02Z STORRENTI LOKI: Info: MODULE: ProcessScan MESSAGE: PE-Sieve reported no anomalies PID: 22648 NAME: svchost.exe OWNER: Système CMD: C:\WINDOWS\system32\svchost.exe -k whesvc -p -s whesvc PATH: C:\WINDOWS\system32\svchost.exe
20250710T15:08:02Z STORRENTI LOKI: Info: MODULE: ProcessScan MESSAGE: Scanning Process PID: 26172 NAME: svchost.exe OWNER: SERVICE LOCAL CMD: N/A PATH: none
20250710T15:08:02Z STORRENTI LOKI: Info: MODULE: ProcessScan MESSAGE: PE-Sieve reported no anomalies PID: 26172 NAME: svchost.exe OWNER: SERVICE LOCAL CMD: N/A PATH: none
20250710T15:08:02Z STORRENTI LOKI: Info: MODULE: ProcessScan MESSAGE: Scanning Process PID: 13052 NAME: WmiPrvSE.exe OWNER: SERVICE RÉSEAU CMD: C:\WINDOWS\sysWOW64\wbem\wmiprvse.exe -Embedding PATH: C:\WINDOWS\sysWOW64\wbem\wmiprvse.exe
20250710T15:08:05Z STORRENTI LOKI: Notice: MODULE: ProcessScan MESSAGE: PE-Sieve reported patched process PID: 13052 NAME: WmiPrvSE.exe OWNER: SERVICE RÉSEAU CMD: C:\WINDOWS\sysWOW64\wbem\wmiprvse.exe -Embedding PATH: C:\WINDOWS\sysWOW64\wbem\wmiprvse.exe PATCHED: 2
20250710T15:08:06Z STORRENTI LOKI: Info: MODULE: ProcessScan MESSAGE: Scanning Process PID: 13684 NAME: csrss.exe OWNER: Système CMD: N/A PATH: none
20250710T15:08:06Z STORRENTI LOKI: Info: MODULE: ProcessScan MESSAGE: PE-Sieve reported no anomalies PID: 13684 NAME: csrss.exe OWNER: Système CMD: N/A PATH: none
20250710T15:08:06Z STORRENTI LOKI: Info: MODULE: ProcessScan MESSAGE: Scanning Process PID: 27196 NAME: winlogon.exe OWNER: Système CMD: C:\WINDOWS\System32\WinLogon.exe -SpecialSession PATH: C:\WINDOWS\System32\WinLogon.exe
20250710T15:08:06Z STORRENTI LOKI: Info: MODULE: ProcessScan MESSAGE: PE-Sieve reported no anomalies PID: 27196 NAME: winlogon.exe OWNER: Système CMD: C:\WINDOWS\System32\WinLogon.exe -SpecialSession PATH: C:\WINDOWS\System32\WinLogon.exe
20250710T15:08:06Z STORRENTI LOKI: Info: MODULE: ProcessScan MESSAGE: Scanning Process PID: 14700 NAME: fontdrvhost.exe OWNER: UMFD-2 CMD: C:\WINDOWS\System32\fontdrvhost.exe PATH: C:\WINDOWS\System32\fontdrvhost.exe
20250710T15:08:06Z STORRENTI LOKI: Info: MODULE: ProcessScan MESSAGE: PE-Sieve reported no anomalies PID: 14700 NAME: fontdrvhost.exe OWNER: UMFD-2 CMD: C:\WINDOWS\System32\fontdrvhost.exe PATH: C:\WINDOWS\System32\fontdrvhost.exe
20250710T15:08:06Z STORRENTI LOKI: Info: MODULE: ProcessScan MESSAGE: Scanning Process PID: 17044 NAME: dwm.exe OWNER: DWM-2 CMD: C:\WINDOWS\System32\dwm.exe PATH: C:\WINDOWS\System32\dwm.exe
20250710T15:08:07Z STORRENTI LOKI: Notice: MODULE: ProcessScan MESSAGE: PE-Sieve reported patched process PID: 17044 NAME: dwm.exe OWNER: DWM-2 CMD: C:\WINDOWS\System32\dwm.exe PATH: C:\WINDOWS\System32\dwm.exe PATCHED: 1
20250710T15:08:08Z STORRENTI LOKI: Info: MODULE: ProcessScan MESSAGE: Scanning Process PID: 3564 NAME: NVDisplay.Container.exe OWNER: Système CMD: "C:\WINDOWS\System32\DriverStore\FileRepository\nvgbi.inf_amd64_dd2d9d2cbcbf46e1\Display.NvContainer\NVDisplay.Container.exe" -f %ProgramData%\NVIDIA\DisplaySessionContainer%d.log -d C:\WINDOWS\System32\DriverStore\FileRepository\nvgbi.inf_amd64_dd2d9d2cbcbf46e1\Display.NvContainer\plugins\Session -r -l 3 -p 30000 -cfg NVDisplay.ContainerLocalSystem\Session /ert -c PATH: C:\WINDOWS\System32\DriverStore\FileRepository\nvgbi.inf_amd64_dd2d9d2cbcbf46e1\Display.NvContainer\NVDisplay.Container.exe
20250710T15:08:08Z STORRENTI LOKI: Info: MODULE: ProcessScan MESSAGE: PE-Sieve reported no anomalies PID: 3564 NAME: NVDisplay.Container.exe OWNER: Système CMD: "C:\WINDOWS\System32\DriverStore\FileRepository\nvgbi.inf_amd64_dd2d9d2cbcbf46e1\Display.NvContainer\NVDisplay.Container.exe" -f %ProgramData%\NVIDIA\DisplaySessionContainer%d.log -d C:\WINDOWS\System32\DriverStore\FileRepository\nvgbi.inf_amd64_dd2d9d2cbcbf46e1\Display.NvContainer\plugins\Session -r -l 3 -p 30000 -cfg NVDisplay.ContainerLocalSystem\Session /ert -c PATH: C:\WINDOWS\System32\DriverStore\FileRepository\nvgbi.inf_amd64_dd2d9d2cbcbf46e1\Display.NvContainer\NVDisplay.Container.exe
20250710T15:08:08Z STORRENTI LOKI: Info: MODULE: ProcessScan MESSAGE: Scanning Process PID: 13176 NAME: nvcontainer.exe OWNER: Système CMD: "C:\Program Files\NVIDIA Corporation\NvContainer\nvcontainer.exe" -f "C:\ProgramData\NVIDIA Corporation\NVIDIA App\NvContainer\NvContainerSession%d.log" -d "C:\Program Files\NVIDIA Corporation\NvContainer\plugins\Session" -r -l 3 -p 30000  -ert -c PATH: C:\Program Files\NVIDIA Corporation\NvContainer\nvcontainer.exe
20250710T15:08:08Z STORRENTI LOKI: Info: MODULE: ProcessScan MESSAGE: PE-Sieve reported no anomalies PID: 13176 NAME: nvcontainer.exe OWNER: Système CMD: "C:\Program Files\NVIDIA Corporation\NvContainer\nvcontainer.exe" -f "C:\ProgramData\NVIDIA Corporation\NVIDIA App\NvContainer\NvContainerSession%d.log" -d "C:\Program Files\NVIDIA Corporation\NvContainer\plugins\Session" -r -l 3 -p 30000  -ert -c PATH: C:\Program Files\NVIDIA Corporation\NvContainer\nvcontainer.exe
20250710T15:08:09Z STORRENTI LOKI: Info: MODULE: ProcessScan MESSAGE: Scanning Process PID: 3124 NAME: DAX3API.exe OWNER: Système CMD: "C:\WINDOWS\System32\DriverStore\FileRepository\DAX3_S~2.INF\\DAX3API.exe" -capturestream PATH: C:\WINDOWS\System32\DriverStore\FileRepository\DAX3_S~2.INF\DAX3API.exe
20250710T15:08:09Z STORRENTI LOKI: Info: MODULE: ProcessScan MESSAGE: PE-Sieve reported no anomalies PID: 3124 NAME: DAX3API.exe OWNER: Système CMD: "C:\WINDOWS\System32\DriverStore\FileRepository\DAX3_S~2.INF\\DAX3API.exe" -capturestream PATH: C:\WINDOWS\System32\DriverStore\FileRepository\DAX3_S~2.INF\DAX3API.exe
20250710T15:08:09Z STORRENTI LOKI: Info: MODULE: ProcessScan MESSAGE: Scanning Process PID: 17716 NAME: ipf_helper.exe OWNER: torrs CMD: "C:\WINDOWS\System32\DriverStore\FileRepository\ipf_cpu.inf_amd64_b25cc008923a9297\ipf_helper.exe" PATH: C:\WINDOWS\System32\DriverStore\FileRepository\ipf_cpu.inf_amd64_b25cc008923a9297\ipf_helper.exe
20250710T15:08:09Z STORRENTI LOKI: Info: MODULE: ProcessScan MESSAGE: PE-Sieve reported no anomalies PID: 17716 NAME: ipf_helper.exe OWNER: torrs CMD: "C:\WINDOWS\System32\DriverStore\FileRepository\ipf_cpu.inf_amd64_b25cc008923a9297\ipf_helper.exe" PATH: C:\WINDOWS\System32\DriverStore\FileRepository\ipf_cpu.inf_amd64_b25cc008923a9297\ipf_helper.exe
20250710T15:08:09Z STORRENTI LOKI: Info: MODULE: ProcessScan MESSAGE: Scanning Process PID: 24992 NAME: nvcontainer.exe OWNER: torrs CMD: "C:\Program Files\NVIDIA Corporation\NvContainer\nvcontainer.exe" -f "C:\ProgramData\NVIDIA Corporation\NVIDIA App\NvContainer\NvContainerUser%dSPUser.log" -d "C:\Program Files\NVIDIA Corporation\NvContainer\plugins\SPUser" -r -l 3 -p 30000 -st "C:\Program Files\NVIDIA Corporation\NvContainer\NvContainerTelemetryApi.dll" -c PATH: C:\Program Files\NVIDIA Corporation\NvContainer\nvcontainer.exe
20250710T15:08:09Z STORRENTI LOKI: Info: MODULE: ProcessScan MESSAGE: PE-Sieve reported no anomalies PID: 24992 NAME: nvcontainer.exe OWNER: torrs CMD: "C:\Program Files\NVIDIA Corporation\NvContainer\nvcontainer.exe" -f "C:\ProgramData\NVIDIA Corporation\NVIDIA App\NvContainer\NvContainerUser%dSPUser.log" -d "C:\Program Files\NVIDIA Corporation\NvContainer\plugins\SPUser" -r -l 3 -p 30000 -st "C:\Program Files\NVIDIA Corporation\NvContainer\NvContainerTelemetryApi.dll" -c PATH: C:\Program Files\NVIDIA Corporation\NvContainer\nvcontainer.exe
20250710T15:08:10Z STORRENTI LOKI: Info: MODULE: ProcessScan MESSAGE: Scanning Process PID: 25848 NAME: nvcontainer.exe OWNER: torrs CMD: "C:\Program Files\NVIDIA Corporation\NvContainer\nvcontainer.exe" -f "C:\ProgramData\NVIDIA Corporation\NVIDIA App\NvContainer\NvContainerUser%d.log" -d "C:\Program Files\NVIDIA Corporation\NvContainer\plugins\User" -r -l 3 -p 30000   -c PATH: C:\Program Files\NVIDIA Corporation\NvContainer\nvcontainer.exe
20250710T15:08:10Z STORRENTI LOKI: Info: MODULE: ProcessScan MESSAGE: PE-Sieve reported no anomalies PID: 25848 NAME: nvcontainer.exe OWNER: torrs CMD: "C:\Program Files\NVIDIA Corporation\NvContainer\nvcontainer.exe" -f "C:\ProgramData\NVIDIA Corporation\NVIDIA App\NvContainer\NvContainerUser%d.log" -d "C:\Program Files\NVIDIA Corporation\NvContainer\plugins\User" -r -l 3 -p 30000   -c PATH: C:\Program Files\NVIDIA Corporation\NvContainer\nvcontainer.exe
20250710T15:08:10Z STORRENTI LOKI: Info: MODULE: ProcessScan MESSAGE: Scanning Process PID: 24892 NAME: sihost.exe OWNER: torrs CMD: C:\WINDOWS\system32\sihost.exe PATH: C:\WINDOWS\system32\sihost.exe
20250710T15:08:11Z STORRENTI LOKI: Info: MODULE: ProcessScan MESSAGE: PE-Sieve reported no anomalies PID: 24892 NAME: sihost.exe OWNER: torrs CMD: C:\WINDOWS\system32\sihost.exe PATH: C:\WINDOWS\system32\sihost.exe
20250710T15:08:11Z STORRENTI LOKI: Info: MODULE: ProcessScan MESSAGE: Scanning Process PID: 7292 NAME: svchost.exe OWNER: torrs CMD: C:\WINDOWS\system32\svchost.exe -k BthAppGroup -p -s BluetoothUserService PATH: C:\WINDOWS\system32\svchost.exe
20250710T15:08:11Z STORRENTI LOKI: Info: MODULE: ProcessScan MESSAGE: PE-Sieve reported no anomalies PID: 7292 NAME: svchost.exe OWNER: torrs CMD: C:\WINDOWS\system32\svchost.exe -k BthAppGroup -p -s BluetoothUserService PATH: C:\WINDOWS\system32\svchost.exe
20250710T15:08:11Z STORRENTI LOKI: Info: MODULE: ProcessScan MESSAGE: Scanning Process PID: 6624 NAME: svchost.exe OWNER: torrs CMD: C:\WINDOWS\system32\svchost.exe -k UnistackSvcGroup -s CDPUserSvc PATH: C:\WINDOWS\system32\svchost.exe
20250710T15:08:11Z STORRENTI LOKI: Info: MODULE: ProcessScan MESSAGE: PE-Sieve reported no anomalies PID: 6624 NAME: svchost.exe OWNER: torrs CMD: C:\WINDOWS\system32\svchost.exe -k UnistackSvcGroup -s CDPUserSvc PATH: C:\WINDOWS\system32\svchost.exe
20250710T15:08:11Z STORRENTI LOKI: Info: MODULE: ProcessScan MESSAGE: Scanning Process PID: 24864 NAME: svchost.exe OWNER: torrs CMD: C:\WINDOWS\system32\svchost.exe -k LocalSystemNetworkRestricted -p -s webthreatdefusersvc PATH: C:\WINDOWS\system32\svchost.exe
20250710T15:08:11Z STORRENTI LOKI: Info: MODULE: ProcessScan MESSAGE: PE-Sieve reported no anomalies PID: 24864 NAME: svchost.exe OWNER: torrs CMD: C:\WINDOWS\system32\svchost.exe -k LocalSystemNetworkRestricted -p -s webthreatdefusersvc PATH: C:\WINDOWS\system32\svchost.exe
20250710T15:08:12Z STORRENTI LOKI: Info: MODULE: ProcessScan MESSAGE: Scanning Process PID: 25180 NAME: svchost.exe OWNER: SERVICE LOCAL CMD: C:\WINDOWS\System32\svchost.exe -k LocalServiceNetworkRestricted -p -s lmhosts PATH: C:\WINDOWS\System32\svchost.exe
20250710T15:08:12Z STORRENTI LOKI: Info: MODULE: ProcessScan MESSAGE: PE-Sieve reported no anomalies PID: 25180 NAME: svchost.exe OWNER: SERVICE LOCAL CMD: C:\WINDOWS\System32\svchost.exe -k LocalServiceNetworkRestricted -p -s lmhosts PATH: C:\WINDOWS\System32\svchost.exe
20250710T15:08:12Z STORRENTI LOKI: Info: MODULE: ProcessScan MESSAGE: Scanning Process PID: 23844 NAME: svchost.exe OWNER: torrs CMD: C:\WINDOWS\system32\svchost.exe -k UnistackSvcGroup -s WpnUserService PATH: C:\WINDOWS\system32\svchost.exe
20250710T15:08:12Z STORRENTI LOKI: Info: MODULE: ProcessScan MESSAGE: PE-Sieve reported no anomalies PID: 23844 NAME: svchost.exe OWNER: torrs CMD: C:\WINDOWS\system32\svchost.exe -k UnistackSvcGroup -s WpnUserService PATH: C:\WINDOWS\system32\svchost.exe
20250710T15:08:12Z STORRENTI LOKI: Info: MODULE: ProcessScan MESSAGE: Scanning Process PID: 24396 NAME: taskhostw.exe OWNER: torrs CMD: C:\WINDOWS\system32\taskhostw.exe PATH: C:\WINDOWS\system32\taskhostw.exe
20250710T15:08:12Z STORRENTI LOKI: Info: MODULE: ProcessScan MESSAGE: PE-Sieve reported no anomalies PID: 24396 NAME: taskhostw.exe OWNER: torrs CMD: C:\WINDOWS\system32\taskhostw.exe PATH: C:\WINDOWS\system32\taskhostw.exe
20250710T15:08:13Z STORRENTI LOKI: Info: MODULE: ProcessScan MESSAGE: Scanning Process PID: 23632 NAME: GCC.exe OWNER: torrs CMD: "C:\Program Files\GIGABYTE\Control Center\GCC.exe" -b PATH: C:\Program Files\GIGABYTE\Control Center\GCC.exe
20250710T15:08:14Z STORRENTI LOKI: Notice: MODULE: ProcessScan MESSAGE: PE-Sieve reported patched process PID: 23632 NAME: GCC.exe OWNER: torrs CMD: "C:\Program Files\GIGABYTE\Control Center\GCC.exe" -b PATH: C:\Program Files\GIGABYTE\Control Center\GCC.exe PATCHED: 1
20250710T15:08:14Z STORRENTI LOKI: Info: MODULE: ProcessScan MESSAGE: Scanning Process PID: 23648 NAME: explorer.exe OWNER: torrs CMD: C:\WINDOWS\Explorer.EXE PATH: C:\WINDOWS\Explorer.EXE
20250710T15:08:16Z STORRENTI LOKI: Info: MODULE: ProcessScan MESSAGE: PE-Sieve reported no anomalies PID: 23648 NAME: explorer.exe OWNER: torrs CMD: C:\WINDOWS\Explorer.EXE PATH: C:\WINDOWS\Explorer.EXE
20250710T15:08:17Z STORRENTI LOKI: Info: MODULE: ProcessScan MESSAGE: Scanning Process PID: 23792 NAME: ShellHost.exe OWNER: torrs CMD: "C:\Windows\System32\ShellHost.exe" PATH: C:\Windows\System32\ShellHost.exe
20250710T15:08:17Z STORRENTI LOKI: Info: MODULE: ProcessScan MESSAGE: PE-Sieve reported no anomalies PID: 23792 NAME: ShellHost.exe OWNER: torrs CMD: "C:\Windows\System32\ShellHost.exe" PATH: C:\Windows\System32\ShellHost.exe
20250710T15:08:17Z STORRENTI LOKI: Info: MODULE: ProcessScan MESSAGE: Scanning Process PID: 20468 NAME: svchost.exe OWNER: torrs CMD: C:\WINDOWS\system32\svchost.exe -k ClipboardSvcGroup -p -s cbdhsvc PATH: C:\WINDOWS\system32\svchost.exe
20250710T15:08:17Z STORRENTI LOKI: Info: MODULE: ProcessScan MESSAGE: PE-Sieve reported no anomalies PID: 20468 NAME: svchost.exe OWNER: torrs CMD: C:\WINDOWS\system32\svchost.exe -k ClipboardSvcGroup -p -s cbdhsvc PATH: C:\WINDOWS\system32\svchost.exe
20250710T15:08:18Z STORRENTI LOKI: Info: MODULE: ProcessScan MESSAGE: Scanning Process PID: 20848 NAME: svchost.exe OWNER: Système CMD: C:\WINDOWS\system32\svchost.exe -k LocalSystemNetworkRestricted -p -s NgcSvc PATH: C:\WINDOWS\system32\svchost.exe
20250710T15:08:18Z STORRENTI LOKI: Info: MODULE: ProcessScan MESSAGE: PE-Sieve reported no anomalies PID: 20848 NAME: svchost.exe OWNER: Système CMD: C:\WINDOWS\system32\svchost.exe -k LocalSystemNetworkRestricted -p -s NgcSvc PATH: C:\WINDOWS\system32\svchost.exe
20250710T15:08:18Z STORRENTI LOKI: Info: MODULE: ProcessScan MESSAGE: Scanning Process PID: 12364 NAME: SearchHost.exe OWNER: torrs CMD: "C:\WINDOWS\SystemApps\MicrosoftWindows.Client.CBS_cw5n1h2txyewy\SearchHost.exe" -ServerName:CortanaUI.AppXstmwaab17q5s3y22tp6apqz7a45vwv65.mca PATH: C:\WINDOWS\SystemApps\MicrosoftWindows.Client.CBS_cw5n1h2txyewy\SearchHost.exe
20250710T15:08:19Z STORRENTI LOKI: Notice: MODULE: ProcessScan MESSAGE: PE-Sieve reported patched process PID: 12364 NAME: SearchHost.exe OWNER: torrs CMD: "C:\WINDOWS\SystemApps\MicrosoftWindows.Client.CBS_cw5n1h2txyewy\SearchHost.exe" -ServerName:CortanaUI.AppXstmwaab17q5s3y22tp6apqz7a45vwv65.mca PATH: C:\WINDOWS\SystemApps\MicrosoftWindows.Client.CBS_cw5n1h2txyewy\SearchHost.exe PATCHED: 1
20250710T15:08:19Z STORRENTI LOKI: Info: MODULE: ProcessScan MESSAGE: Scanning Process PID: 12580 NAME: StartMenuExperienceHost.exe OWNER: torrs CMD: "C:\WINDOWS\SystemApps\Microsoft.Windows.StartMenuExperienceHost_cw5n1h2txyewy\StartMenuExperienceHost.exe" -ServerName:App.AppXywbrabmsek0gm3tkwpr5kwzbs55tkqay.mca PATH: C:\WINDOWS\SystemApps\Microsoft.Windows.StartMenuExperienceHost_cw5n1h2txyewy\StartMenuExperienceHost.exe
20250710T15:08:19Z STORRENTI LOKI: Info: MODULE: ProcessScan MESSAGE: PE-Sieve reported no anomalies PID: 12580 NAME: StartMenuExperienceHost.exe OWNER: torrs CMD: "C:\WINDOWS\SystemApps\Microsoft.Windows.StartMenuExperienceHost_cw5n1h2txyewy\StartMenuExperienceHost.exe" -ServerName:App.AppXywbrabmsek0gm3tkwpr5kwzbs55tkqay.mca PATH: C:\WINDOWS\SystemApps\Microsoft.Windows.StartMenuExperienceHost_cw5n1h2txyewy\StartMenuExperienceHost.exe
20250710T15:08:20Z STORRENTI LOKI: Info: MODULE: ProcessScan MESSAGE: Scanning Process PID: 13424 NAME: WidgetBoard.exe OWNER: torrs CMD: "C:\Program Files\WindowsApps\MicrosoftWindows.Client.WebExperience_525.15301.20.0_x64__cw5n1h2txyewy\WidgetBoard.exe" -RegisterProcessAsComServer -ServerName:Microsoft.Windows.WidgetBoardServer PATH: C:\Program Files\WindowsApps\MicrosoftWindows.Client.WebExperience_525.15301.20.0_x64__cw5n1h2txyewy\WidgetBoard.exe
20250710T15:08:20Z STORRENTI LOKI: Info: MODULE: ProcessScan MESSAGE: PE-Sieve reported no anomalies PID: 13424 NAME: WidgetBoard.exe OWNER: torrs CMD: "C:\Program Files\WindowsApps\MicrosoftWindows.Client.WebExperience_525.15301.20.0_x64__cw5n1h2txyewy\WidgetBoard.exe" -RegisterProcessAsComServer -ServerName:Microsoft.Windows.WidgetBoardServer PATH: C:\Program Files\WindowsApps\MicrosoftWindows.Client.WebExperience_525.15301.20.0_x64__cw5n1h2txyewy\WidgetBoard.exe
20250710T15:08:21Z STORRENTI LOKI: Info: MODULE: ProcessScan MESSAGE: Scanning Process PID: 13728 NAME: nvsphelper64.exe OWNER: torrs CMD: "C:\Program Files\NVIDIA Corporation\NVIDIA App\ShadowPlay\nvsphelper64.exe" PATH: C:\Program Files\NVIDIA Corporation\NVIDIA App\ShadowPlay\nvsphelper64.exe
20250710T15:08:21Z STORRENTI LOKI: Info: MODULE: ProcessScan MESSAGE: PE-Sieve reported no anomalies PID: 13728 NAME: nvsphelper64.exe OWNER: torrs CMD: "C:\Program Files\NVIDIA Corporation\NVIDIA App\ShadowPlay\nvsphelper64.exe" PATH: C:\Program Files\NVIDIA Corporation\NVIDIA App\ShadowPlay\nvsphelper64.exe
20250710T15:08:21Z STORRENTI LOKI: Info: MODULE: ProcessScan MESSAGE: Scanning Process PID: 23144 NAME: NVIDIA Overlay.exe OWNER: torrs CMD: "C:\Program Files\NVIDIA Corporation\NVIDIA App\CEF\NVIDIA Overlay.exe" PATH: C:\Program Files\NVIDIA Corporation\NVIDIA App\CEF\NVIDIA Overlay.exe
20250710T15:08:23Z STORRENTI LOKI: Notice: MODULE: ProcessScan MESSAGE: PE-Sieve reported patched process PID: 23144 NAME: NVIDIA Overlay.exe OWNER: torrs CMD: "C:\Program Files\NVIDIA Corporation\NVIDIA App\CEF\NVIDIA Overlay.exe" PATH: C:\Program Files\NVIDIA Corporation\NVIDIA App\CEF\NVIDIA Overlay.exe PATCHED: 1
20250710T15:08:23Z STORRENTI LOKI: Info: MODULE: ProcessScan MESSAGE: Scanning Process PID: 25312 NAME: RuntimeBroker.exe OWNER: torrs CMD: C:\Windows\System32\RuntimeBroker.exe -Embedding PATH: C:\Windows\System32\RuntimeBroker.exe
20250710T15:08:23Z STORRENTI LOKI: Info: MODULE: ProcessScan MESSAGE: PE-Sieve reported no anomalies PID: 25312 NAME: RuntimeBroker.exe OWNER: torrs CMD: C:\Windows\System32\RuntimeBroker.exe -Embedding PATH: C:\Windows\System32\RuntimeBroker.exe
20250710T15:08:24Z STORRENTI LOKI: Info: MODULE: ProcessScan MESSAGE: Scanning Process PID: 8164 NAME: svchost.exe OWNER: torrs CMD: C:\WINDOWS\system32\svchost.exe -k UdkSvcGroup -s UdkUserSvc PATH: C:\WINDOWS\system32\svchost.exe
20250710T15:08:24Z STORRENTI LOKI: Info: MODULE: ProcessScan MESSAGE: PE-Sieve reported no anomalies PID: 8164 NAME: svchost.exe OWNER: torrs CMD: C:\WINDOWS\system32\svchost.exe -k UdkSvcGroup -s UdkUserSvc PATH: C:\WINDOWS\system32\svchost.exe
20250710T15:08:24Z STORRENTI LOKI: Info: MODULE: ProcessScan MESSAGE: Scanning Process PID: 24580 NAME: RuntimeBroker.exe OWNER: torrs CMD: C:\Windows\System32\RuntimeBroker.exe -Embedding PATH: C:\Windows\System32\RuntimeBroker.exe
20250710T15:08:24Z STORRENTI LOKI: Info: MODULE: ProcessScan MESSAGE: PE-Sieve reported no anomalies PID: 24580 NAME: RuntimeBroker.exe OWNER: torrs CMD: C:\Windows\System32\RuntimeBroker.exe -Embedding PATH: C:\Windows\System32\RuntimeBroker.exe
20250710T15:08:24Z STORRENTI LOKI: Info: MODULE: ProcessScan MESSAGE: Scanning Process PID: 2344 NAME: NVIDIA Overlay.exe OWNER: torrs CMD: "C:\Program Files\NVIDIA Corporation\NVIDIA App\CEF\NVIDIA Overlay.exe" --type=gpu-process --no-sandbox --start-stack-profiler --user-data-dir="C:\Users\torrs\AppData\Local\NVIDIA Corporation\NVIDIA Overlay\CefCache" --gpu-preferences=UAAAAAAAAADgAQAMAAAAAAAAAAAAAAAAAABgAAEAAAAAAAAABAAAAAAAAAAAAAAAAAAAAAAAAAAAAAAAAAAAABAAAAAAAAAAEAAAAAAAAAAIAAAAAAAAAAgAAAAAAAAA --field-trial-handle=2508,i,10036758660360061686,3266925476361218329,262144 --variations-seed-version --enable-logging=handle --log-file=2512 --mojo-platform-channel-handle=2504 /prefetch:2 PATH: C:\Program Files\NVIDIA Corporation\NVIDIA App\CEF\NVIDIA Overlay.exe
20250710T15:08:25Z STORRENTI LOKI: Notice: MODULE: ProcessScan MESSAGE: PE-Sieve reported patched process PID: 2344 NAME: NVIDIA Overlay.exe OWNER: torrs CMD: "C:\Program Files\NVIDIA Corporation\NVIDIA App\CEF\NVIDIA Overlay.exe" --type=gpu-process --no-sandbox --start-stack-profiler --user-data-dir="C:\Users\torrs\AppData\Local\NVIDIA Corporation\NVIDIA Overlay\CefCache" --gpu-preferences=UAAAAAAAAADgAQAMAAAAAAAAAAAAAAAAAABgAAEAAAAAAAAABAAAAAAAAAAAAAAAAAAAAAAAAAAAAAAAAAAAABAAAAAAAAAAEAAAAAAAAAAIAAAAAAAAAAgAAAAAAAAA --field-trial-handle=2508,i,10036758660360061686,3266925476361218329,262144 --variations-seed-version --enable-logging=handle --log-file=2512 --mojo-platform-channel-handle=2504 /prefetch:2 PATH: C:\Program Files\NVIDIA Corporation\NVIDIA App\CEF\NVIDIA Overlay.exe PATCHED: 1
20250710T15:08:25Z STORRENTI LOKI: Info: MODULE: ProcessScan MESSAGE: Scanning Process PID: 22388 NAME: NVIDIA Overlay.exe OWNER: torrs CMD: "C:\Program Files\NVIDIA Corporation\NVIDIA App\CEF\NVIDIA Overlay.exe" --type=utility --utility-sub-type=network.mojom.NetworkService --lang=en-US --service-sandbox-type=none --no-sandbox --start-stack-profiler --user-data-dir="C:\Users\torrs\AppData\Local\NVIDIA Corporation\NVIDIA Overlay\CefCache" --field-trial-handle=2684,i,10036758660360061686,3266925476361218329,262144 --variations-seed-version --enable-logging=handle --log-file=2744 --mojo-platform-channel-handle=2732 /prefetch:11 PATH: C:\Program Files\NVIDIA Corporation\NVIDIA App\CEF\NVIDIA Overlay.exe
20250710T15:08:26Z STORRENTI LOKI: Notice: MODULE: ProcessScan MESSAGE: PE-Sieve reported patched process PID: 22388 NAME: NVIDIA Overlay.exe OWNER: torrs CMD: "C:\Program Files\NVIDIA Corporation\NVIDIA App\CEF\NVIDIA Overlay.exe" --type=utility --utility-sub-type=network.mojom.NetworkService --lang=en-US --service-sandbox-type=none --no-sandbox --start-stack-profiler --user-data-dir="C:\Users\torrs\AppData\Local\NVIDIA Corporation\NVIDIA Overlay\CefCache" --field-trial-handle=2684,i,10036758660360061686,3266925476361218329,262144 --variations-seed-version --enable-logging=handle --log-file=2744 --mojo-platform-channel-handle=2732 /prefetch:11 PATH: C:\Program Files\NVIDIA Corporation\NVIDIA App\CEF\NVIDIA Overlay.exe PATCHED: 1
20250710T15:08:26Z STORRENTI LOKI: Info: MODULE: ProcessScan MESSAGE: Scanning Process PID: 26192 NAME: NVIDIA Overlay.exe OWNER: torrs CMD: "C:\Program Files\NVIDIA Corporation\NVIDIA App\CEF\NVIDIA Overlay.exe" --type=utility --utility-sub-type=storage.mojom.StorageService --lang=en-US --service-sandbox-type=service --no-sandbox --user-data-dir="C:\Users\torrs\AppData\Local\NVIDIA Corporation\NVIDIA Overlay\CefCache" --field-trial-handle=2844,i,10036758660360061686,3266925476361218329,262144 --variations-seed-version --enable-logging=handle --log-file=2472 --mojo-platform-channel-handle=2644 /prefetch:13 PATH: C:\Program Files\NVIDIA Corporation\NVIDIA App\CEF\NVIDIA Overlay.exe
20250710T15:08:26Z STORRENTI LOKI: Notice: MODULE: ProcessScan MESSAGE: PE-Sieve reported patched process PID: 26192 NAME: NVIDIA Overlay.exe OWNER: torrs CMD: "C:\Program Files\NVIDIA Corporation\NVIDIA App\CEF\NVIDIA Overlay.exe" --type=utility --utility-sub-type=storage.mojom.StorageService --lang=en-US --service-sandbox-type=service --no-sandbox --user-data-dir="C:\Users\torrs\AppData\Local\NVIDIA Corporation\NVIDIA Overlay\CefCache" --field-trial-handle=2844,i,10036758660360061686,3266925476361218329,262144 --variations-seed-version --enable-logging=handle --log-file=2472 --mojo-platform-channel-handle=2644 /prefetch:13 PATH: C:\Program Files\NVIDIA Corporation\NVIDIA App\CEF\NVIDIA Overlay.exe PATCHED: 1
20250710T15:08:27Z STORRENTI LOKI: Info: MODULE: ProcessScan MESSAGE: Scanning Process PID: 25660 NAME: NVIDIA Overlay.exe OWNER: torrs CMD: "C:\Program Files\NVIDIA Corporation\NVIDIA App\CEF\NVIDIA Overlay.exe" --type=renderer --enable-dinosaur-easter-egg-alt-images --user-data-dir="C:\Users\torrs\AppData\Local\NVIDIA Corporation\NVIDIA Overlay\CefCache" --no-sandbox --video-capture-use-gpu-memory-buffer --lang=en-US --device-scale-factor=1.5 --num-raster-threads=4 --enable-main-frame-before-activation --renderer-client-id=5 --time-ticks-at-unix-epoch=-1752121957592562 --launch-time-ticks=20807123302 --field-trial-handle=4084,i,10036758660360061686,3266925476361218329,262144 --variations-seed-version --enable-logging=handle --log-file=3372 --mojo-platform-channel-handle=3344 /prefetch:1 PATH: C:\Program Files\NVIDIA Corporation\NVIDIA App\CEF\NVIDIA Overlay.exe
20250710T15:08:27Z STORRENTI LOKI: Notice: MODULE: ProcessScan MESSAGE: PE-Sieve reported patched process PID: 25660 NAME: NVIDIA Overlay.exe OWNER: torrs CMD: "C:\Program Files\NVIDIA Corporation\NVIDIA App\CEF\NVIDIA Overlay.exe" --type=renderer --enable-dinosaur-easter-egg-alt-images --user-data-dir="C:\Users\torrs\AppData\Local\NVIDIA Corporation\NVIDIA Overlay\CefCache" --no-sandbox --video-capture-use-gpu-memory-buffer --lang=en-US --device-scale-factor=1.5 --num-raster-threads=4 --enable-main-frame-before-activation --renderer-client-id=5 --time-ticks-at-unix-epoch=-1752121957592562 --launch-time-ticks=20807123302 --field-trial-handle=4084,i,10036758660360061686,3266925476361218329,262144 --variations-seed-version --enable-logging=handle --log-file=3372 --mojo-platform-channel-handle=3344 /prefetch:1 PATH: C:\Program Files\NVIDIA Corporation\NVIDIA App\CEF\NVIDIA Overlay.exe PATCHED: 1
20250710T15:08:27Z STORRENTI LOKI: Info: MODULE: ProcessScan MESSAGE: Scanning Process PID: 7708 NAME: msedgewebview2.exe OWNER: torrs CMD: "C:\Program Files (x86)\Microsoft\EdgeWebView\Application\138.0.3351.77\msedgewebview2.exe" --embedded-browser-webview=1 --webview-exe-name=SearchHost.exe --webview-exe-version=2125.14803.30.0 --user-data-dir="C:\Users\torrs\AppData\Local\Packages\MicrosoftWindows.Client.CBS_cw5n1h2txyewy\LocalState\EBWebView" --noerrdialogs --disable-features=msSmartScreenProtection --edge-webview-enable-mojo-ipcz --enable-features=msEdgeFluentOverlayScrollbar --user-agent="Mozilla/5.0 (Windows NT 10.0; Win64; x64; Cortana 1.18.9.23723; 10.0.0.0.26100.4652) AppleWebKit/537.36 (KHTML, like Gecko) Chrome/70.0.3538.102 Safari/537.36 Edge/18.26100 IsWebView2/True (WebView2Version 138.0.3351.77)" --lang=fr-FR --mojo-named-platform-channel-pipe=12364.2448.14969090235978104049 /pfhostedapp:83d82f7af32e790e6726ae22b4e5b369ee9f9724 PATH: C:\Program Files (x86)\Microsoft\EdgeWebView\Application\138.0.3351.77\msedgewebview2.exe
20250710T15:08:28Z STORRENTI LOKI: Info: MODULE: ProcessScan MESSAGE: PE-Sieve reported no anomalies PID: 7708 NAME: msedgewebview2.exe OWNER: torrs CMD: "C:\Program Files (x86)\Microsoft\EdgeWebView\Application\138.0.3351.77\msedgewebview2.exe" --embedded-browser-webview=1 --webview-exe-name=SearchHost.exe --webview-exe-version=2125.14803.30.0 --user-data-dir="C:\Users\torrs\AppData\Local\Packages\MicrosoftWindows.Client.CBS_cw5n1h2txyewy\LocalState\EBWebView" --noerrdialogs --disable-features=msSmartScreenProtection --edge-webview-enable-mojo-ipcz --enable-features=msEdgeFluentOverlayScrollbar --user-agent="Mozilla/5.0 (Windows NT 10.0; Win64; x64; Cortana 1.18.9.23723; 10.0.0.0.26100.4652) AppleWebKit/537.36 (KHTML, like Gecko) Chrome/70.0.3538.102 Safari/537.36 Edge/18.26100 IsWebView2/True (WebView2Version 138.0.3351.77)" --lang=fr-FR --mojo-named-platform-channel-pipe=12364.2448.14969090235978104049 /pfhostedapp:83d82f7af32e790e6726ae22b4e5b369ee9f9724 PATH: C:\Program Files (x86)\Microsoft\EdgeWebView\Application\138.0.3351.77\msedgewebview2.exe
20250710T15:08:28Z STORRENTI LOKI: Info: MODULE: ProcessScan MESSAGE: Scanning Process PID: 10536 NAME: msedgewebview2.exe OWNER: torrs CMD: "C:\Program Files (x86)\Microsoft\EdgeWebView\Application\138.0.3351.77\msedgewebview2.exe" --type=crashpad-handler --user-data-dir=C:\Users\torrs\AppData\Local\Packages\MicrosoftWindows.Client.CBS_cw5n1h2txyewy\LocalState\EBWebView /prefetch:4 /pfhostedapp:83d82f7af32e790e6726ae22b4e5b369ee9f9724 --monitor-self-annotation=ptype=crashpad-handler --database=C:\Users\torrs\AppData\Local\Packages\MicrosoftWindows.Client.CBS_cw5n1h2txyewy\LocalState\EBWebView\Crashpad --annotation=IsOfficialBuild=1 --annotation=channel= --annotation=chromium-version=138.0.7204.97 "--annotation=exe=C:\Program Files (x86)\Microsoft\EdgeWebView\Application\138.0.3351.77\msedgewebview2.exe" --annotation=plat=Win64 "--annotation=prod=Edge WebView2" --annotation=ver=138.0.3351.77 --initial-client-data=0x170,0x174,0x178,0x12c,0x180,0x7fffcf03a178,0x7fffcf03a184,0x7fffcf03a190 PATH: C:\Program Files (x86)\Microsoft\EdgeWebView\Application\138.0.3351.77\msedgewebview2.exe
20250710T15:08:28Z STORRENTI LOKI: Info: MODULE: ProcessScan MESSAGE: PE-Sieve reported no anomalies PID: 10536 NAME: msedgewebview2.exe OWNER: torrs CMD: "C:\Program Files (x86)\Microsoft\EdgeWebView\Application\138.0.3351.77\msedgewebview2.exe" --type=crashpad-handler --user-data-dir=C:\Users\torrs\AppData\Local\Packages\MicrosoftWindows.Client.CBS_cw5n1h2txyewy\LocalState\EBWebView /prefetch:4 /pfhostedapp:83d82f7af32e790e6726ae22b4e5b369ee9f9724 --monitor-self-annotation=ptype=crashpad-handler --database=C:\Users\torrs\AppData\Local\Packages\MicrosoftWindows.Client.CBS_cw5n1h2txyewy\LocalState\EBWebView\Crashpad --annotation=IsOfficialBuild=1 --annotation=channel= --annotation=chromium-version=138.0.7204.97 "--annotation=exe=C:\Program Files (x86)\Microsoft\EdgeWebView\Application\138.0.3351.77\msedgewebview2.exe" --annotation=plat=Win64 "--annotation=prod=Edge WebView2" --annotation=ver=138.0.3351.77 --initial-client-data=0x170,0x174,0x178,0x12c,0x180,0x7fffcf03a178,0x7fffcf03a184,0x7fffcf03a190 PATH: C:\Program Files (x86)\Microsoft\EdgeWebView\Application\138.0.3351.77\msedgewebview2.exe
20250710T15:08:29Z STORRENTI LOKI: Info: MODULE: ProcessScan MESSAGE: Scanning Process PID: 9660 NAME: msedgewebview2.exe OWNER: torrs CMD: "C:\Program Files (x86)\Microsoft\EdgeWebView\Application\138.0.3351.77\msedgewebview2.exe" --type=gpu-process --noerrdialogs --user-agent="Mozilla/5.0 (Windows NT 10.0; Win64; x64; Cortana 1.18.9.23723; 10.0.0.0.26100.4652) AppleWebKit/537.36 (KHTML, like Gecko) Chrome/70.0.3538.102 Safari/537.36 Edge/18.26100 IsWebView2/True (WebView2Version 138.0.3351.77)" --user-data-dir="C:\Users\torrs\AppData\Local\Packages\MicrosoftWindows.Client.CBS_cw5n1h2txyewy\LocalState\EBWebView" --webview-exe-name=SearchHost.exe --webview-exe-version=2125.14803.30.0 --embedded-browser-webview=1 --gpu-preferences=UAAAAAAAAADgAAAEAAAAAAAAAAAAAAAAAABgAAEAAAAAAAAAAAAAAAAAAAACAAAAAAAAAAAAAAAAAAAAAAAAABAAAAAAAAAAEAAAAAAAAAAIAAAAAAAAAAgAAAAAAAAA --always-read-main-dll --field-trial-handle=1828,i,5540460872001107019,18271207082878543292,262144 --enable-features=ForceSWDCompWhenDCompFallbackRequired,msAggressiveCacheTrimming,msCustomDataPartition,msEdgeFluentOverlayScrollbar,msWebView2NoTabForScreenShare,msWebViewAppLifeCycleWorkaround --disable-features=BackForwardCache,BackgroundTabLoadingFromPerformanceManager,CloseOmniboxPopupOnInactiveAreaClick,CollectAVProductsInfo,CollectCodeIntegrityInfo,EnableHangWatcher,FilterAdsOnAbusiveSites,GetWifiProtocol,LoginDetection,MediaFoundationCameraUsageMonitoring,PreconnectToSearch,SafetyHub,SegmentationPlatform,SpareRendererForSitePerProcess,Ukm,WebPayments,msAITrackerClassification,msAbydosForWindowlessWV2,msAffirmVirtualCard,msAllowChromeWebstore,msAllowMSAPrtSSOForNonMSAProfile,msApplicationGuard,msAskBeforeClosingMultipleTabs,msAutoToggleAADPrtSSOForNonAADProfile,msAutofillEdgeCoupons,msAutofillEdgeCouponsAutoApply,msAutofillEdgeServiceRequest,msAutofillEnableEdgeSuggestions,msAutomaticTabFreeze,msBrowserSettingsSupported,msCoarseGeolocationService,msDataProtection,msDesktopMode,msDesktopRewards,msDisableVariationsSeedFetchThrottling,msEEProactiveHistory,msETFOffstoreExtensionFileDataCollection,msETFPasswordTheftDNRActionSignals,msEdgeAdPlatformUI,msEdgeAddWebCapturetoCollections,msEdgeAutofillShowDeployedPassword,msEdgeCaptureSelectionInPDF,msEdgeCloudConfigService,msEdgeCloudConfigServiceV2,msEdgeCohorts,msEdgeCollectionsPrismExperiment1,msEdgeCollectionsPrismOverallMigration,msEdgeComposeNext,msEdgeEnableNurturingFramework,msEdgeEnclavePrefsBasic,msEdgeEnclavePrefsNotification,msEdgeFaviconService,msEdgeHJTelemetry,msEdgeHubAppSkype,msEdgeImageEditorUI,msEdgeLinkDoctor,msEdgeMouseGestureDefaultEnabled,msEdgeMouseGestureSupported,msEdgeNewDeviceFre,msEdgeOnRampFRE,msEdgeOnRampImport,msEdgePDFCMHighlightUX,msEdgePasswordIris,msEdgePasswordIrisSaveBubble,msEdgeProngPersonalization,msEdgeReadingView,msEdgeRose,msEdgeScreenshotUI,msEdgeSendTabToSelf,msEdgeSettingsImport,msEdgeSettingsImportV2,msEdgeShoppingPersistentStorage,msEdgeShoppingUI,msEdgeSmartFind,msEdgeSuperDragDefaultEnabled,msEdgeSuperDragDropSupported,msEdgeTipping,msEdgeTranslate,msEdgeUseCaptivePortalService,msEdgeWebCapture,msEdgeWebCaptureUniformExperience,msEdgeWebContentFilteringFeedback,msEdgeWorkSearchBanner,msEnableCustomJobMemoryLimitsOnXbox,msEnableMIPForPDF,msEnablePdfUpsell,msEnableThirdPartyScanning,msEnableWebSignInCta,msEnableWebToBrowserSignIn,msEndpointDlp,msEntityExtraction,msExtensionTelemetryFramework,msExternalTaskManager,msFileSystemAccessDirectoryIterationBlocklistCheck,msForceBrowserSignIn,msForeignSessionsPage,msGeolocationAccessService,msGeolocationOSLocationPermissionFallback,msGeolocationSQMService,msGeolocationService,msGrowthInfraLaunchSourceLogging,msGuidedSwitchAllowed,msHubPinPersist,msImplicitSignin,msIrm,msIrmv2,msKlarnaVirtualCard,msLlmConsumerDlpPurview,msLoadStatistics,msLogIsEdgePinnedToTaskbarOnLaunch,msMIPCrossTenantPdfViewSupport,msMdatpWebSiteDlp,msNotificationPermissionForPWA,msNumberOfSitesToPin,msNurturingSitePinningWithWindowsConsent,msOnHoverSearchInSidebar,msOpenOfficeDocumentsInWebViewer,msPasswordBreachDetection,msPdfAnnotationsVisibility,msPdfDataRecovery,msPdfDigitalSignatureRead,msPdfFreeText,msPdfFreeTextForCJK,msPdfHighlightMode,msPdfInking,msPdfKeyphraseSupport,msPdfOOUI,msPdfPopupMarkerRenderer,msPdfShare,msPdfSharedLibrary,msPdfTextNote,msPdfTextNoteMoreMenu,msPdfThumbnailCache,msPdfUnderside,msPdfViewRestore,msPersonalizationUMA,msPriceComparison,msPrintInWebView2,msPromptDefaultHandlerForPDF,msReactiveSearch,msReadAloud,msReadAloudPdf,msRedirectToShoreline,msRevokeExtensions,msSaasDlp,msShoppingTrigger,msShorelineSearch,msShorelineSearchFindOnPageWebUI,msShowOfflineGameEntrance,msShowReadAloudIconInAddressBar,msShowUXForAADPrtSSOForNonAADProfile,msSitePinningWithoutUi,msSmartScreenProtection,msSuspendMessageForNewSessionWhenHavingPendingNavigation,msSyncEdgeCollections,msTabResourceStats,msTokenizationAutofillInlineEnabled,msTouchMode,msTriggeringSignalGenerator,msUserUnderstanding,msVideoSuperResolutionUI,msWalletBuyNow,msWalletCheckout,msWalletDiagnosticDataLogger,msWalletHubEntry,msWalletHubIntlP3,msWalletPartialCard,msWalletPasswordCategorization,msWalletPasswordCategorizationPlatformExpansion,msWalletTokenizationCardMetadata,msWalletTokenizedAutofill,msWebAssist,msWebAssistHistorySearchService,msWebOOUI,msWindowsTaskManager,msWindowsUserActivities,msZipPayVirtualCard --variations-seed-version --mojo-platform-channel-handle=1824 /prefetch:2 /pfhostedapp:83d82f7af32e790e6726ae22b4e5b369ee9f9724 PATH: C:\Program Files (x86)\Microsoft\EdgeWebView\Application\138.0.3351.77\msedgewebview2.exe
20250710T15:08:29Z STORRENTI LOKI: Notice: MODULE: ProcessScan MESSAGE: PE-Sieve reported patched process PID: 9660 NAME: msedgewebview2.exe OWNER: torrs CMD: "C:\Program Files (x86)\Microsoft\EdgeWebView\Application\138.0.3351.77\msedgewebview2.exe" --type=gpu-process --noerrdialogs --user-agent="Mozilla/5.0 (Windows NT 10.0; Win64; x64; Cortana 1.18.9.23723; 10.0.0.0.26100.4652) AppleWebKit/537.36 (KHTML, like Gecko) Chrome/70.0.3538.102 Safari/537.36 Edge/18.26100 IsWebView2/True (WebView2Version 138.0.3351.77)" --user-data-dir="C:\Users\torrs\AppData\Local\Packages\MicrosoftWindows.Client.CBS_cw5n1h2txyewy\LocalState\EBWebView" --webview-exe-name=SearchHost.exe --webview-exe-version=2125.14803.30.0 --embedded-browser-webview=1 --gpu-preferences=UAAAAAAAAADgAAAEAAAAAAAAAAAAAAAAAABgAAEAAAAAAAAAAAAAAAAAAAACAAAAAAAAAAAAAAAAAAAAAAAAABAAAAAAAAAAEAAAAAAAAAAIAAAAAAAAAAgAAAAAAAAA --always-read-main-dll --field-trial-handle=1828,i,5540460872001107019,18271207082878543292,262144 --enable-features=ForceSWDCompWhenDCompFallbackRequired,msAggressiveCacheTrimming,msCustomDataPartition,msEdgeFluentOverlayScrollbar,msWebView2NoTabForScreenShare,msWebViewAppLifeCycleWorkaround --disable-features=BackForwardCache,BackgroundTabLoadingFromPerformanceManager,CloseOmniboxPopupOnInactiveAreaClick,CollectAVProductsInfo,CollectCodeIntegrityInfo,EnableHangWatcher,FilterAdsOnAbusiveSites,GetWifiProtocol,LoginDetection,MediaFoundationCameraUsageMonitoring,PreconnectToSearch,SafetyHub,SegmentationPlatform,SpareRendererForSitePerProcess,Ukm,WebPayments,msAITrackerClassification,msAbydosForWindowlessWV2,msAffirmVirtualCard,msAllowChromeWebstore,msAllowMSAPrtSSOForNonMSAProfile,msApplicationGuard,msAskBeforeClosingMultipleTabs,msAutoToggleAADPrtSSOForNonAADProfile,msAutofillEdgeCoupons,msAutofillEdgeCouponsAutoApply,msAutofillEdgeServiceRequest,msAutofillEnableEdgeSuggestions,msAutomaticTabFreeze,msBrowserSettingsSupported,msCoarseGeolocationService,msDataProtection,msDesktopMode,msDesktopRewards,msDisableVariationsSeedFetchThrottling,msEEProactiveHistory,msETFOffstoreExtensionFileDataCollection,msETFPasswordTheftDNRActionSignals,msEdgeAdPlatformUI,msEdgeAddWebCapturetoCollections,msEdgeAutofillShowDeployedPassword,msEdgeCaptureSelectionInPDF,msEdgeCloudConfigService,msEdgeCloudConfigServiceV2,msEdgeCohorts,msEdgeCollectionsPrismExperiment1,msEdgeCollectionsPrismOverallMigration,msEdgeComposeNext,msEdgeEnableNurturingFramework,msEdgeEnclavePrefsBasic,msEdgeEnclavePrefsNotification,msEdgeFaviconService,msEdgeHJTelemetry,msEdgeHubAppSkype,msEdgeImageEditorUI,msEdgeLinkDoctor,msEdgeMouseGestureDefaultEnabled,msEdgeMouseGestureSupported,msEdgeNewDeviceFre,msEdgeOnRampFRE,msEdgeOnRampImport,msEdgePDFCMHighlightUX,msEdgePasswordIris,msEdgePasswordIrisSaveBubble,msEdgeProngPersonalization,msEdgeReadingView,msEdgeRose,msEdgeScreenshotUI,msEdgeSendTabToSelf,msEdgeSettingsImport,msEdgeSettingsImportV2,msEdgeShoppingPersistentStorage,msEdgeShoppingUI,msEdgeSmartFind,msEdgeSuperDragDefaultEnabled,msEdgeSuperDragDropSupported,msEdgeTipping,msEdgeTranslate,msEdgeUseCaptivePortalService,msEdgeWebCapture,msEdgeWebCaptureUniformExperience,msEdgeWebContentFilteringFeedback,msEdgeWorkSearchBanner,msEnableCustomJobMemoryLimitsOnXbox,msEnableMIPForPDF,msEnablePdfUpsell,msEnableThirdPartyScanning,msEnableWebSignInCta,msEnableWebToBrowserSignIn,msEndpointDlp,msEntityExtraction,msExtensionTelemetryFramework,msExternalTaskManager,msFileSystemAccessDirectoryIterationBlocklistCheck,msForceBrowserSignIn,msForeignSessionsPage,msGeolocationAccessService,msGeolocationOSLocationPermissionFallback,msGeolocationSQMService,msGeolocationService,msGrowthInfraLaunchSourceLogging,msGuidedSwitchAllowed,msHubPinPersist,msImplicitSignin,msIrm,msIrmv2,msKlarnaVirtualCard,msLlmConsumerDlpPurview,msLoadStatistics,msLogIsEdgePinnedToTaskbarOnLaunch,msMIPCrossTenantPdfViewSupport,msMdatpWebSiteDlp,msNotificationPermissionForPWA,msNumberOfSitesToPin,msNurturingSitePinningWithWindowsConsent,msOnHoverSearchInSidebar,msOpenOfficeDocumentsInWebViewer,msPasswordBreachDetection,msPdfAnnotationsVisibility,msPdfDataRecovery,msPdfDigitalSignatureRead,msPdfFreeText,msPdfFreeTextForCJK,msPdfHighlightMode,msPdfInking,msPdfKeyphraseSupport,msPdfOOUI,msPdfPopupMarkerRenderer,msPdfShare,msPdfSharedLibrary,msPdfTextNote,msPdfTextNoteMoreMenu,msPdfThumbnailCache,msPdfUnderside,msPdfViewRestore,msPersonalizationUMA,msPriceComparison,msPrintInWebView2,msPromptDefaultHandlerForPDF,msReactiveSearch,msReadAloud,msReadAloudPdf,msRedirectToShoreline,msRevokeExtensions,msSaasDlp,msShoppingTrigger,msShorelineSearch,msShorelineSearchFindOnPageWebUI,msShowOfflineGameEntrance,msShowReadAloudIconInAddressBar,msShowUXForAADPrtSSOForNonAADProfile,msSitePinningWithoutUi,msSmartScreenProtection,msSuspendMessageForNewSessionWhenHavingPendingNavigation,msSyncEdgeCollections,msTabResourceStats,msTokenizationAutofillInlineEnabled,msTouchMode,msTriggeringSignalGenerator,msUserUnderstanding,msVideoSuperResolutionUI,msWalletBuyNow,msWalletCheckout,msWalletDiagnosticDataLogger,msWalletHubEntry,msWalletHubIntlP3,msWalletPartialCard,msWalletPasswordCategorization,msWalletPasswordCategorizationPlatformExpansion,msWalletTokenizationCardMetadata,msWalletTokenizedAutofill,msWebAssist,msWebAssistHistorySearchService,msWebOOUI,msWindowsTaskManager,msWindowsUserActivities,msZipPayVirtualCard --variations-seed-version --mojo-platform-channel-handle=1824 /prefetch:2 /pfhostedapp:83d82f7af32e790e6726ae22b4e5b369ee9f9724 PATH: C:\Program Files (x86)\Microsoft\EdgeWebView\Application\138.0.3351.77\msedgewebview2.exe PATCHED: 1
20250710T15:08:30Z STORRENTI LOKI: Info: MODULE: ProcessScan MESSAGE: Scanning Process PID: 8096 NAME: msedgewebview2.exe OWNER: torrs CMD: "C:\Program Files (x86)\Microsoft\EdgeWebView\Application\138.0.3351.77\msedgewebview2.exe" --type=utility --utility-sub-type=network.mojom.NetworkService --lang=fr --service-sandbox-type=none --noerrdialogs --user-agent="Mozilla/5.0 (Windows NT 10.0; Win64; x64; Cortana 1.18.9.23723; 10.0.0.0.26100.4652) AppleWebKit/537.36 (KHTML, like Gecko) Chrome/70.0.3538.102 Safari/537.36 Edge/18.26100 IsWebView2/True (WebView2Version 138.0.3351.77)" --user-data-dir="C:\Users\torrs\AppData\Local\Packages\MicrosoftWindows.Client.CBS_cw5n1h2txyewy\LocalState\EBWebView" --webview-exe-name=SearchHost.exe --webview-exe-version=2125.14803.30.0 --embedded-browser-webview=1 --always-read-main-dll --field-trial-handle=1828,i,5540460872001107019,18271207082878543292,262144 --enable-features=ForceSWDCompWhenDCompFallbackRequired,msAggressiveCacheTrimming,msCustomDataPartition,msEdgeFluentOverlayScrollbar,msWebView2NoTabForScreenShare,msWebViewAppLifeCycleWorkaround --disable-features=BackForwardCache,BackgroundTabLoadingFromPerformanceManager,CloseOmniboxPopupOnInactiveAreaClick,CollectAVProductsInfo,CollectCodeIntegrityInfo,EnableHangWatcher,FilterAdsOnAbusiveSites,GetWifiProtocol,LoginDetection,MediaFoundationCameraUsageMonitoring,PreconnectToSearch,SafetyHub,SegmentationPlatform,SpareRendererForSitePerProcess,Ukm,WebPayments,msAITrackerClassification,msAbydosForWindowlessWV2,msAffirmVirtualCard,msAllowChromeWebstore,msAllowMSAPrtSSOForNonMSAProfile,msApplicationGuard,msAskBeforeClosingMultipleTabs,msAutoToggleAADPrtSSOForNonAADProfile,msAutofillEdgeCoupons,msAutofillEdgeCouponsAutoApply,msAutofillEdgeServiceRequest,msAutofillEnableEdgeSuggestions,msAutomaticTabFreeze,msBrowserSettingsSupported,msCoarseGeolocationService,msDataProtection,msDesktopMode,msDesktopRewards,msDisableVariationsSeedFetchThrottling,msEEProactiveHistory,msETFOffstoreExtensionFileDataCollection,msETFPasswordTheftDNRActionSignals,msEdgeAdPlatformUI,msEdgeAddWebCapturetoCollections,msEdgeAutofillShowDeployedPassword,msEdgeCaptureSelectionInPDF,msEdgeCloudConfigService,msEdgeCloudConfigServiceV2,msEdgeCohorts,msEdgeCollectionsPrismExperiment1,msEdgeCollectionsPrismOverallMigration,msEdgeComposeNext,msEdgeEnableNurturingFramework,msEdgeEnclavePrefsBasic,msEdgeEnclavePrefsNotification,msEdgeFaviconService,msEdgeHJTelemetry,msEdgeHubAppSkype,msEdgeImageEditorUI,msEdgeLinkDoctor,msEdgeMouseGestureDefaultEnabled,msEdgeMouseGestureSupported,msEdgeNewDeviceFre,msEdgeOnRampFRE,msEdgeOnRampImport,msEdgePDFCMHighlightUX,msEdgePasswordIris,msEdgePasswordIrisSaveBubble,msEdgeProngPersonalization,msEdgeReadingView,msEdgeRose,msEdgeScreenshotUI,msEdgeSendTabToSelf,msEdgeSettingsImport,msEdgeSettingsImportV2,msEdgeShoppingPersistentStorage,msEdgeShoppingUI,msEdgeSmartFind,msEdgeSuperDragDefaultEnabled,msEdgeSuperDragDropSupported,msEdgeTipping,msEdgeTranslate,msEdgeUseCaptivePortalService,msEdgeWebCapture,msEdgeWebCaptureUniformExperience,msEdgeWebContentFilteringFeedback,msEdgeWorkSearchBanner,msEnableCustomJobMemoryLimitsOnXbox,msEnableMIPForPDF,msEnablePdfUpsell,msEnableThirdPartyScanning,msEnableWebSignInCta,msEnableWebToBrowserSignIn,msEndpointDlp,msEntityExtraction,msExtensionTelemetryFramework,msExternalTaskManager,msFileSystemAccessDirectoryIterationBlocklistCheck,msForceBrowserSignIn,msForeignSessionsPage,msGeolocationAccessService,msGeolocationOSLocationPermissionFallback,msGeolocationSQMService,msGeolocationService,msGrowthInfraLaunchSourceLogging,msGuidedSwitchAllowed,msHubPinPersist,msImplicitSignin,msIrm,msIrmv2,msKlarnaVirtualCard,msLlmConsumerDlpPurview,msLoadStatistics,msLogIsEdgePinnedToTaskbarOnLaunch,msMIPCrossTenantPdfViewSupport,msMdatpWebSiteDlp,msNotificationPermissionForPWA,msNumberOfSitesToPin,msNurturingSitePinningWithWindowsConsent,msOnHoverSearchInSidebar,msOpenOfficeDocumentsInWebViewer,msPasswordBreachDetection,msPdfAnnotationsVisibility,msPdfDataRecovery,msPdfDigitalSignatureRead,msPdfFreeText,msPdfFreeTextForCJK,msPdfHighlightMode,msPdfInking,msPdfKeyphraseSupport,msPdfOOUI,msPdfPopupMarkerRenderer,msPdfShare,msPdfSharedLibrary,msPdfTextNote,msPdfTextNoteMoreMenu,msPdfThumbnailCache,msPdfUnderside,msPdfViewRestore,msPersonalizationUMA,msPriceComparison,msPrintInWebView2,msPromptDefaultHandlerForPDF,msReactiveSearch,msReadAloud,msReadAloudPdf,msRedirectToShoreline,msRevokeExtensions,msSaasDlp,msShoppingTrigger,msShorelineSearch,msShorelineSearchFindOnPageWebUI,msShowOfflineGameEntrance,msShowReadAloudIconInAddressBar,msShowUXForAADPrtSSOForNonAADProfile,msSitePinningWithoutUi,msSmartScreenProtection,msSuspendMessageForNewSessionWhenHavingPendingNavigation,msSyncEdgeCollections,msTabResourceStats,msTokenizationAutofillInlineEnabled,msTouchMode,msTriggeringSignalGenerator,msUserUnderstanding,msVideoSuperResolutionUI,msWalletBuyNow,msWalletCheckout,msWalletDiagnosticDataLogger,msWalletHubEntry,msWalletHubIntlP3,msWalletPartialCard,msWalletPasswordCategorization,msWalletPasswordCategorizationPlatformExpansion,msWalletTokenizationCardMetadata,msWalletTokenizedAutofill,msWebAssist,msWebAssistHistorySearchService,msWebOOUI,msWindowsTaskManager,msWindowsUserActivities,msZipPayVirtualCard --variations-seed-version --mojo-platform-channel-handle=2176 /prefetch:11 /pfhostedapp:83d82f7af32e790e6726ae22b4e5b369ee9f9724 PATH: C:\Program Files (x86)\Microsoft\EdgeWebView\Application\138.0.3351.77\msedgewebview2.exe
20250710T15:08:30Z STORRENTI LOKI: Info: MODULE: ProcessScan MESSAGE: PE-Sieve reported no anomalies PID: 8096 NAME: msedgewebview2.exe OWNER: torrs CMD: "C:\Program Files (x86)\Microsoft\EdgeWebView\Application\138.0.3351.77\msedgewebview2.exe" --type=utility --utility-sub-type=network.mojom.NetworkService --lang=fr --service-sandbox-type=none --noerrdialogs --user-agent="Mozilla/5.0 (Windows NT 10.0; Win64; x64; Cortana 1.18.9.23723; 10.0.0.0.26100.4652) AppleWebKit/537.36 (KHTML, like Gecko) Chrome/70.0.3538.102 Safari/537.36 Edge/18.26100 IsWebView2/True (WebView2Version 138.0.3351.77)" --user-data-dir="C:\Users\torrs\AppData\Local\Packages\MicrosoftWindows.Client.CBS_cw5n1h2txyewy\LocalState\EBWebView" --webview-exe-name=SearchHost.exe --webview-exe-version=2125.14803.30.0 --embedded-browser-webview=1 --always-read-main-dll --field-trial-handle=1828,i,5540460872001107019,18271207082878543292,262144 --enable-features=ForceSWDCompWhenDCompFallbackRequired,msAggressiveCacheTrimming,msCustomDataPartition,msEdgeFluentOverlayScrollbar,msWebView2NoTabForScreenShare,msWebViewAppLifeCycleWorkaround --disable-features=BackForwardCache,BackgroundTabLoadingFromPerformanceManager,CloseOmniboxPopupOnInactiveAreaClick,CollectAVProductsInfo,CollectCodeIntegrityInfo,EnableHangWatcher,FilterAdsOnAbusiveSites,GetWifiProtocol,LoginDetection,MediaFoundationCameraUsageMonitoring,PreconnectToSearch,SafetyHub,SegmentationPlatform,SpareRendererForSitePerProcess,Ukm,WebPayments,msAITrackerClassification,msAbydosForWindowlessWV2,msAffirmVirtualCard,msAllowChromeWebstore,msAllowMSAPrtSSOForNonMSAProfile,msApplicationGuard,msAskBeforeClosingMultipleTabs,msAutoToggleAADPrtSSOForNonAADProfile,msAutofillEdgeCoupons,msAutofillEdgeCouponsAutoApply,msAutofillEdgeServiceRequest,msAutofillEnableEdgeSuggestions,msAutomaticTabFreeze,msBrowserSettingsSupported,msCoarseGeolocationService,msDataProtection,msDesktopMode,msDesktopRewards,msDisableVariationsSeedFetchThrottling,msEEProactiveHistory,msETFOffstoreExtensionFileDataCollection,msETFPasswordTheftDNRActionSignals,msEdgeAdPlatformUI,msEdgeAddWebCapturetoCollections,msEdgeAutofillShowDeployedPassword,msEdgeCaptureSelectionInPDF,msEdgeCloudConfigService,msEdgeCloudConfigServiceV2,msEdgeCohorts,msEdgeCollectionsPrismExperiment1,msEdgeCollectionsPrismOverallMigration,msEdgeComposeNext,msEdgeEnableNurturingFramework,msEdgeEnclavePrefsBasic,msEdgeEnclavePrefsNotification,msEdgeFaviconService,msEdgeHJTelemetry,msEdgeHubAppSkype,msEdgeImageEditorUI,msEdgeLinkDoctor,msEdgeMouseGestureDefaultEnabled,msEdgeMouseGestureSupported,msEdgeNewDeviceFre,msEdgeOnRampFRE,msEdgeOnRampImport,msEdgePDFCMHighlightUX,msEdgePasswordIris,msEdgePasswordIrisSaveBubble,msEdgeProngPersonalization,msEdgeReadingView,msEdgeRose,msEdgeScreenshotUI,msEdgeSendTabToSelf,msEdgeSettingsImport,msEdgeSettingsImportV2,msEdgeShoppingPersistentStorage,msEdgeShoppingUI,msEdgeSmartFind,msEdgeSuperDragDefaultEnabled,msEdgeSuperDragDropSupported,msEdgeTipping,msEdgeTranslate,msEdgeUseCaptivePortalService,msEdgeWebCapture,msEdgeWebCaptureUniformExperience,msEdgeWebContentFilteringFeedback,msEdgeWorkSearchBanner,msEnableCustomJobMemoryLimitsOnXbox,msEnableMIPForPDF,msEnablePdfUpsell,msEnableThirdPartyScanning,msEnableWebSignInCta,msEnableWebToBrowserSignIn,msEndpointDlp,msEntityExtraction,msExtensionTelemetryFramework,msExternalTaskManager,msFileSystemAccessDirectoryIterationBlocklistCheck,msForceBrowserSignIn,msForeignSessionsPage,msGeolocationAccessService,msGeolocationOSLocationPermissionFallback,msGeolocationSQMService,msGeolocationService,msGrowthInfraLaunchSourceLogging,msGuidedSwitchAllowed,msHubPinPersist,msImplicitSignin,msIrm,msIrmv2,msKlarnaVirtualCard,msLlmConsumerDlpPurview,msLoadStatistics,msLogIsEdgePinnedToTaskbarOnLaunch,msMIPCrossTenantPdfViewSupport,msMdatpWebSiteDlp,msNotificationPermissionForPWA,msNumberOfSitesToPin,msNurturingSitePinningWithWindowsConsent,msOnHoverSearchInSidebar,msOpenOfficeDocumentsInWebViewer,msPasswordBreachDetection,msPdfAnnotationsVisibility,msPdfDataRecovery,msPdfDigitalSignatureRead,msPdfFreeText,msPdfFreeTextForCJK,msPdfHighlightMode,msPdfInking,msPdfKeyphraseSupport,msPdfOOUI,msPdfPopupMarkerRenderer,msPdfShare,msPdfSharedLibrary,msPdfTextNote,msPdfTextNoteMoreMenu,msPdfThumbnailCache,msPdfUnderside,msPdfViewRestore,msPersonalizationUMA,msPriceComparison,msPrintInWebView2,msPromptDefaultHandlerForPDF,msReactiveSearch,msReadAloud,msReadAloudPdf,msRedirectToShoreline,msRevokeExtensions,msSaasDlp,msShoppingTrigger,msShorelineSearch,msShorelineSearchFindOnPageWebUI,msShowOfflineGameEntrance,msShowReadAloudIconInAddressBar,msShowUXForAADPrtSSOForNonAADProfile,msSitePinningWithoutUi,msSmartScreenProtection,msSuspendMessageForNewSessionWhenHavingPendingNavigation,msSyncEdgeCollections,msTabResourceStats,msTokenizationAutofillInlineEnabled,msTouchMode,msTriggeringSignalGenerator,msUserUnderstanding,msVideoSuperResolutionUI,msWalletBuyNow,msWalletCheckout,msWalletDiagnosticDataLogger,msWalletHubEntry,msWalletHubIntlP3,msWalletPartialCard,msWalletPasswordCategorization,msWalletPasswordCategorizationPlatformExpansion,msWalletTokenizationCardMetadata,msWalletTokenizedAutofill,msWebAssist,msWebAssistHistorySearchService,msWebOOUI,msWindowsTaskManager,msWindowsUserActivities,msZipPayVirtualCard --variations-seed-version --mojo-platform-channel-handle=2176 /prefetch:11 /pfhostedapp:83d82f7af32e790e6726ae22b4e5b369ee9f9724 PATH: C:\Program Files (x86)\Microsoft\EdgeWebView\Application\138.0.3351.77\msedgewebview2.exe
20250710T15:08:30Z STORRENTI LOKI: Info: MODULE: ProcessScan MESSAGE: Scanning Process PID: 17204 NAME: msedgewebview2.exe OWNER: torrs CMD: "C:\Program Files (x86)\Microsoft\EdgeWebView\Application\138.0.3351.77\msedgewebview2.exe" --type=utility --utility-sub-type=storage.mojom.StorageService --lang=fr --service-sandbox-type=service --noerrdialogs --user-agent="Mozilla/5.0 (Windows NT 10.0; Win64; x64; Cortana 1.18.9.23723; 10.0.0.0.26100.4652) AppleWebKit/537.36 (KHTML, like Gecko) Chrome/70.0.3538.102 Safari/537.36 Edge/18.26100 IsWebView2/True (WebView2Version 138.0.3351.77)" --user-data-dir="C:\Users\torrs\AppData\Local\Packages\MicrosoftWindows.Client.CBS_cw5n1h2txyewy\LocalState\EBWebView" --webview-exe-name=SearchHost.exe --webview-exe-version=2125.14803.30.0 --embedded-browser-webview=1 --always-read-main-dll --field-trial-handle=1828,i,5540460872001107019,18271207082878543292,262144 --enable-features=ForceSWDCompWhenDCompFallbackRequired,msAggressiveCacheTrimming,msCustomDataPartition,msEdgeFluentOverlayScrollbar,msWebView2NoTabForScreenShare,msWebViewAppLifeCycleWorkaround --disable-features=BackForwardCache,BackgroundTabLoadingFromPerformanceManager,CloseOmniboxPopupOnInactiveAreaClick,CollectAVProductsInfo,CollectCodeIntegrityInfo,EnableHangWatcher,FilterAdsOnAbusiveSites,GetWifiProtocol,LoginDetection,MediaFoundationCameraUsageMonitoring,PreconnectToSearch,SafetyHub,SegmentationPlatform,SpareRendererForSitePerProcess,Ukm,WebPayments,msAITrackerClassification,msAbydosForWindowlessWV2,msAffirmVirtualCard,msAllowChromeWebstore,msAllowMSAPrtSSOForNonMSAProfile,msApplicationGuard,msAskBeforeClosingMultipleTabs,msAutoToggleAADPrtSSOForNonAADProfile,msAutofillEdgeCoupons,msAutofillEdgeCouponsAutoApply,msAutofillEdgeServiceRequest,msAutofillEnableEdgeSuggestions,msAutomaticTabFreeze,msBrowserSettingsSupported,msCoarseGeolocationService,msDataProtection,msDesktopMode,msDesktopRewards,msDisableVariationsSeedFetchThrottling,msEEProactiveHistory,msETFOffstoreExtensionFileDataCollection,msETFPasswordTheftDNRActionSignals,msEdgeAdPlatformUI,msEdgeAddWebCapturetoCollections,msEdgeAutofillShowDeployedPassword,msEdgeCaptureSelectionInPDF,msEdgeCloudConfigService,msEdgeCloudConfigServiceV2,msEdgeCohorts,msEdgeCollectionsPrismExperiment1,msEdgeCollectionsPrismOverallMigration,msEdgeComposeNext,msEdgeEnableNurturingFramework,msEdgeEnclavePrefsBasic,msEdgeEnclavePrefsNotification,msEdgeFaviconService,msEdgeHJTelemetry,msEdgeHubAppSkype,msEdgeImageEditorUI,msEdgeLinkDoctor,msEdgeMouseGestureDefaultEnabled,msEdgeMouseGestureSupported,msEdgeNewDeviceFre,msEdgeOnRampFRE,msEdgeOnRampImport,msEdgePDFCMHighlightUX,msEdgePasswordIris,msEdgePasswordIrisSaveBubble,msEdgeProngPersonalization,msEdgeReadingView,msEdgeRose,msEdgeScreenshotUI,msEdgeSendTabToSelf,msEdgeSettingsImport,msEdgeSettingsImportV2,msEdgeShoppingPersistentStorage,msEdgeShoppingUI,msEdgeSmartFind,msEdgeSuperDragDefaultEnabled,msEdgeSuperDragDropSupported,msEdgeTipping,msEdgeTranslate,msEdgeUseCaptivePortalService,msEdgeWebCapture,msEdgeWebCaptureUniformExperience,msEdgeWebContentFilteringFeedback,msEdgeWorkSearchBanner,msEnableCustomJobMemoryLimitsOnXbox,msEnableMIPForPDF,msEnablePdfUpsell,msEnableThirdPartyScanning,msEnableWebSignInCta,msEnableWebToBrowserSignIn,msEndpointDlp,msEntityExtraction,msExtensionTelemetryFramework,msExternalTaskManager,msFileSystemAccessDirectoryIterationBlocklistCheck,msForceBrowserSignIn,msForeignSessionsPage,msGeolocationAccessService,msGeolocationOSLocationPermissionFallback,msGeolocationSQMService,msGeolocationService,msGrowthInfraLaunchSourceLogging,msGuidedSwitchAllowed,msHubPinPersist,msImplicitSignin,msIrm,msIrmv2,msKlarnaVirtualCard,msLlmConsumerDlpPurview,msLoadStatistics,msLogIsEdgePinnedToTaskbarOnLaunch,msMIPCrossTenantPdfViewSupport,msMdatpWebSiteDlp,msNotificationPermissionForPWA,msNumberOfSitesToPin,msNurturingSitePinningWithWindowsConsent,msOnHoverSearchInSidebar,msOpenOfficeDocumentsInWebViewer,msPasswordBreachDetection,msPdfAnnotationsVisibility,msPdfDataRecovery,msPdfDigitalSignatureRead,msPdfFreeText,msPdfFreeTextForCJK,msPdfHighlightMode,msPdfInking,msPdfKeyphraseSupport,msPdfOOUI,msPdfPopupMarkerRenderer,msPdfShare,msPdfSharedLibrary,msPdfTextNote,msPdfTextNoteMoreMenu,msPdfThumbnailCache,msPdfUnderside,msPdfViewRestore,msPersonalizationUMA,msPriceComparison,msPrintInWebView2,msPromptDefaultHandlerForPDF,msReactiveSearch,msReadAloud,msReadAloudPdf,msRedirectToShoreline,msRevokeExtensions,msSaasDlp,msShoppingTrigger,msShorelineSearch,msShorelineSearchFindOnPageWebUI,msShowOfflineGameEntrance,msShowReadAloudIconInAddressBar,msShowUXForAADPrtSSOForNonAADProfile,msSitePinningWithoutUi,msSmartScreenProtection,msSuspendMessageForNewSessionWhenHavingPendingNavigation,msSyncEdgeCollections,msTabResourceStats,msTokenizationAutofillInlineEnabled,msTouchMode,msTriggeringSignalGenerator,msUserUnderstanding,msVideoSuperResolutionUI,msWalletBuyNow,msWalletCheckout,msWalletDiagnosticDataLogger,msWalletHubEntry,msWalletHubIntlP3,msWalletPartialCard,msWalletPasswordCategorization,msWalletPasswordCategorizationPlatformExpansion,msWalletTokenizationCardMetadata,msWalletTokenizedAutofill,msWebAssist,msWebAssistHistorySearchService,msWebOOUI,msWindowsTaskManager,msWindowsUserActivities,msZipPayVirtualCard --variations-seed-version --mojo-platform-channel-handle=2380 /prefetch:13 /pfhostedapp:83d82f7af32e790e6726ae22b4e5b369ee9f9724 PATH: C:\Program Files (x86)\Microsoft\EdgeWebView\Application\138.0.3351.77\msedgewebview2.exe
20250710T15:08:31Z STORRENTI LOKI: Notice: MODULE: ProcessScan MESSAGE: PE-Sieve reported patched process PID: 17204 NAME: msedgewebview2.exe OWNER: torrs CMD: "C:\Program Files (x86)\Microsoft\EdgeWebView\Application\138.0.3351.77\msedgewebview2.exe" --type=utility --utility-sub-type=storage.mojom.StorageService --lang=fr --service-sandbox-type=service --noerrdialogs --user-agent="Mozilla/5.0 (Windows NT 10.0; Win64; x64; Cortana 1.18.9.23723; 10.0.0.0.26100.4652) AppleWebKit/537.36 (KHTML, like Gecko) Chrome/70.0.3538.102 Safari/537.36 Edge/18.26100 IsWebView2/True (WebView2Version 138.0.3351.77)" --user-data-dir="C:\Users\torrs\AppData\Local\Packages\MicrosoftWindows.Client.CBS_cw5n1h2txyewy\LocalState\EBWebView" --webview-exe-name=SearchHost.exe --webview-exe-version=2125.14803.30.0 --embedded-browser-webview=1 --always-read-main-dll --field-trial-handle=1828,i,5540460872001107019,18271207082878543292,262144 --enable-features=ForceSWDCompWhenDCompFallbackRequired,msAggressiveCacheTrimming,msCustomDataPartition,msEdgeFluentOverlayScrollbar,msWebView2NoTabForScreenShare,msWebViewAppLifeCycleWorkaround --disable-features=BackForwardCache,BackgroundTabLoadingFromPerformanceManager,CloseOmniboxPopupOnInactiveAreaClick,CollectAVProductsInfo,CollectCodeIntegrityInfo,EnableHangWatcher,FilterAdsOnAbusiveSites,GetWifiProtocol,LoginDetection,MediaFoundationCameraUsageMonitoring,PreconnectToSearch,SafetyHub,SegmentationPlatform,SpareRendererForSitePerProcess,Ukm,WebPayments,msAITrackerClassification,msAbydosForWindowlessWV2,msAffirmVirtualCard,msAllowChromeWebstore,msAllowMSAPrtSSOForNonMSAProfile,msApplicationGuard,msAskBeforeClosingMultipleTabs,msAutoToggleAADPrtSSOForNonAADProfile,msAutofillEdgeCoupons,msAutofillEdgeCouponsAutoApply,msAutofillEdgeServiceRequest,msAutofillEnableEdgeSuggestions,msAutomaticTabFreeze,msBrowserSettingsSupported,msCoarseGeolocationService,msDataProtection,msDesktopMode,msDesktopRewards,msDisableVariationsSeedFetchThrottling,msEEProactiveHistory,msETFOffstoreExtensionFileDataCollection,msETFPasswordTheftDNRActionSignals,msEdgeAdPlatformUI,msEdgeAddWebCapturetoCollections,msEdgeAutofillShowDeployedPassword,msEdgeCaptureSelectionInPDF,msEdgeCloudConfigService,msEdgeCloudConfigServiceV2,msEdgeCohorts,msEdgeCollectionsPrismExperiment1,msEdgeCollectionsPrismOverallMigration,msEdgeComposeNext,msEdgeEnableNurturingFramework,msEdgeEnclavePrefsBasic,msEdgeEnclavePrefsNotification,msEdgeFaviconService,msEdgeHJTelemetry,msEdgeHubAppSkype,msEdgeImageEditorUI,msEdgeLinkDoctor,msEdgeMouseGestureDefaultEnabled,msEdgeMouseGestureSupported,msEdgeNewDeviceFre,msEdgeOnRampFRE,msEdgeOnRampImport,msEdgePDFCMHighlightUX,msEdgePasswordIris,msEdgePasswordIrisSaveBubble,msEdgeProngPersonalization,msEdgeReadingView,msEdgeRose,msEdgeScreenshotUI,msEdgeSendTabToSelf,msEdgeSettingsImport,msEdgeSettingsImportV2,msEdgeShoppingPersistentStorage,msEdgeShoppingUI,msEdgeSmartFind,msEdgeSuperDragDefaultEnabled,msEdgeSuperDragDropSupported,msEdgeTipping,msEdgeTranslate,msEdgeUseCaptivePortalService,msEdgeWebCapture,msEdgeWebCaptureUniformExperience,msEdgeWebContentFilteringFeedback,msEdgeWorkSearchBanner,msEnableCustomJobMemoryLimitsOnXbox,msEnableMIPForPDF,msEnablePdfUpsell,msEnableThirdPartyScanning,msEnableWebSignInCta,msEnableWebToBrowserSignIn,msEndpointDlp,msEntityExtraction,msExtensionTelemetryFramework,msExternalTaskManager,msFileSystemAccessDirectoryIterationBlocklistCheck,msForceBrowserSignIn,msForeignSessionsPage,msGeolocationAccessService,msGeolocationOSLocationPermissionFallback,msGeolocationSQMService,msGeolocationService,msGrowthInfraLaunchSourceLogging,msGuidedSwitchAllowed,msHubPinPersist,msImplicitSignin,msIrm,msIrmv2,msKlarnaVirtualCard,msLlmConsumerDlpPurview,msLoadStatistics,msLogIsEdgePinnedToTaskbarOnLaunch,msMIPCrossTenantPdfViewSupport,msMdatpWebSiteDlp,msNotificationPermissionForPWA,msNumberOfSitesToPin,msNurturingSitePinningWithWindowsConsent,msOnHoverSearchInSidebar,msOpenOfficeDocumentsInWebViewer,msPasswordBreachDetection,msPdfAnnotationsVisibility,msPdfDataRecovery,msPdfDigitalSignatureRead,msPdfFreeText,msPdfFreeTextForCJK,msPdfHighlightMode,msPdfInking,msPdfKeyphraseSupport,msPdfOOUI,msPdfPopupMarkerRenderer,msPdfShare,msPdfSharedLibrary,msPdfTextNote,msPdfTextNoteMoreMenu,msPdfThumbnailCache,msPdfUnderside,msPdfViewRestore,msPersonalizationUMA,msPriceComparison,msPrintInWebView2,msPromptDefaultHandlerForPDF,msReactiveSearch,msReadAloud,msReadAloudPdf,msRedirectToShoreline,msRevokeExtensions,msSaasDlp,msShoppingTrigger,msShorelineSearch,msShorelineSearchFindOnPageWebUI,msShowOfflineGameEntrance,msShowReadAloudIconInAddressBar,msShowUXForAADPrtSSOForNonAADProfile,msSitePinningWithoutUi,msSmartScreenProtection,msSuspendMessageForNewSessionWhenHavingPendingNavigation,msSyncEdgeCollections,msTabResourceStats,msTokenizationAutofillInlineEnabled,msTouchMode,msTriggeringSignalGenerator,msUserUnderstanding,msVideoSuperResolutionUI,msWalletBuyNow,msWalletCheckout,msWalletDiagnosticDataLogger,msWalletHubEntry,msWalletHubIntlP3,msWalletPartialCard,msWalletPasswordCategorization,msWalletPasswordCategorizationPlatformExpansion,msWalletTokenizationCardMetadata,msWalletTokenizedAutofill,msWebAssist,msWebAssistHistorySearchService,msWebOOUI,msWindowsTaskManager,msWindowsUserActivities,msZipPayVirtualCard --variations-seed-version --mojo-platform-channel-handle=2380 /prefetch:13 /pfhostedapp:83d82f7af32e790e6726ae22b4e5b369ee9f9724 PATH: C:\Program Files (x86)\Microsoft\EdgeWebView\Application\138.0.3351.77\msedgewebview2.exe PATCHED: 1
20250710T15:08:31Z STORRENTI LOKI: Info: MODULE: ProcessScan MESSAGE: Scanning Process PID: 11776 NAME: msedgewebview2.exe OWNER: torrs CMD: "C:\Program Files (x86)\Microsoft\EdgeWebView\Application\138.0.3351.77\msedgewebview2.exe" --type=renderer --noerrdialogs --user-agent="Mozilla/5.0 (Windows NT 10.0; Win64; x64; Cortana 1.18.9.23723; 10.0.0.0.26100.4652) AppleWebKit/537.36 (KHTML, like Gecko) Chrome/70.0.3538.102 Safari/537.36 Edge/18.26100 IsWebView2/True (WebView2Version 138.0.3351.77)" --user-data-dir="C:\Users\torrs\AppData\Local\Packages\MicrosoftWindows.Client.CBS_cw5n1h2txyewy\LocalState\EBWebView" --webview-exe-name=SearchHost.exe --webview-exe-version=2125.14803.30.0 --embedded-browser-webview=1 --video-capture-use-gpu-memory-buffer --lang=fr --device-scale-factor=1.5 --num-raster-threads=4 --enable-main-frame-before-activation --renderer-client-id=5 --js-flags="--expose-gc --ms-user-locale=fr_FR" --time-ticks-at-unix-epoch=-1752121957593426 --launch-time-ticks=20807660706 --always-read-main-dll --field-trial-handle=1828,i,5540460872001107019,18271207082878543292,262144 --enable-features=ForceSWDCompWhenDCompFallbackRequired,msAggressiveCacheTrimming,msCustomDataPartition,msEdgeFluentOverlayScrollbar,msWebView2NoTabForScreenShare,msWebViewAppLifeCycleWorkaround --disable-features=BackForwardCache,BackgroundTabLoadingFromPerformanceManager,CloseOmniboxPopupOnInactiveAreaClick,CollectAVProductsInfo,CollectCodeIntegrityInfo,EnableHangWatcher,FilterAdsOnAbusiveSites,GetWifiProtocol,LoginDetection,MediaFoundationCameraUsageMonitoring,PreconnectToSearch,SafetyHub,SegmentationPlatform,SpareRendererForSitePerProcess,Ukm,WebPayments,msAITrackerClassification,msAbydosForWindowlessWV2,msAffirmVirtualCard,msAllowChromeWebstore,msAllowMSAPrtSSOForNonMSAProfile,msApplicationGuard,msAskBeforeClosingMultipleTabs,msAutoToggleAADPrtSSOForNonAADProfile,msAutofillEdgeCoupons,msAutofillEdgeCouponsAutoApply,msAutofillEdgeServiceRequest,msAutofillEnableEdgeSuggestions,msAutomaticTabFreeze,msBrowserSettingsSupported,msCoarseGeolocationService,msDataProtection,msDesktopMode,msDesktopRewards,msDisableVariationsSeedFetchThrottling,msEEProactiveHistory,msETFOffstoreExtensionFileDataCollection,msETFPasswordTheftDNRActionSignals,msEdgeAdPlatformUI,msEdgeAddWebCapturetoCollections,msEdgeAutofillShowDeployedPassword,msEdgeCaptureSelectionInPDF,msEdgeCloudConfigService,msEdgeCloudConfigServiceV2,msEdgeCohorts,msEdgeCollectionsPrismExperiment1,msEdgeCollectionsPrismOverallMigration,msEdgeComposeNext,msEdgeEnableNurturingFramework,msEdgeEnclavePrefsBasic,msEdgeEnclavePrefsNotification,msEdgeFaviconService,msEdgeHJTelemetry,msEdgeHubAppSkype,msEdgeImageEditorUI,msEdgeLinkDoctor,msEdgeMouseGestureDefaultEnabled,msEdgeMouseGestureSupported,msEdgeNewDeviceFre,msEdgeOnRampFRE,msEdgeOnRampImport,msEdgePDFCMHighlightUX,msEdgePasswordIris,msEdgePasswordIrisSaveBubble,msEdgeProngPersonalization,msEdgeReadingView,msEdgeRose,msEdgeScreenshotUI,msEdgeSendTabToSelf,msEdgeSettingsImport,msEdgeSettingsImportV2,msEdgeShoppingPersistentStorage,msEdgeShoppingUI,msEdgeSmartFind,msEdgeSuperDragDefaultEnabled,msEdgeSuperDragDropSupported,msEdgeTipping,msEdgeTranslate,msEdgeUseCaptivePortalService,msEdgeWebCapture,msEdgeWebCaptureUniformExperience,msEdgeWebContentFilteringFeedback,msEdgeWorkSearchBanner,msEnableCustomJobMemoryLimitsOnXbox,msEnableMIPForPDF,msEnablePdfUpsell,msEnableThirdPartyScanning,msEnableWebSignInCta,msEnableWebToBrowserSignIn,msEndpointDlp,msEntityExtraction,msExtensionTelemetryFramework,msExternalTaskManager,msFileSystemAccessDirectoryIterationBlocklistCheck,msForceBrowserSignIn,msForeignSessionsPage,msGeolocationAccessService,msGeolocationOSLocationPermissionFallback,msGeolocationSQMService,msGeolocationService,msGrowthInfraLaunchSourceLogging,msGuidedSwitchAllowed,msHubPinPersist,msImplicitSignin,msIrm,msIrmv2,msKlarnaVirtualCard,msLlmConsumerDlpPurview,msLoadStatistics,msLogIsEdgePinnedToTaskbarOnLaunch,msMIPCrossTenantPdfViewSupport,msMdatpWebSiteDlp,msNotificationPermissionForPWA,msNumberOfSitesToPin,msNurturingSitePinningWithWindowsConsent,msOnHoverSearchInSidebar,msOpenOfficeDocumentsInWebViewer,msPasswordBreachDetection,msPdfAnnotationsVisibility,msPdfDataRecovery,msPdfDigitalSignatureRead,msPdfFreeText,msPdfFreeTextForCJK,msPdfHighlightMode,msPdfInking,msPdfKeyphraseSupport,msPdfOOUI,msPdfPopupMarkerRenderer,msPdfShare,msPdfSharedLibrary,msPdfTextNote,msPdfTextNoteMoreMenu,msPdfThumbnailCache,msPdfUnderside,msPdfViewRestore,msPersonalizationUMA,msPriceComparison,msPrintInWebView2,msPromptDefaultHandlerForPDF,msReactiveSearch,msReadAloud,msReadAloudPdf,msRedirectToShoreline,msRevokeExtensions,msSaasDlp,msShoppingTrigger,msShorelineSearch,msShorelineSearchFindOnPageWebUI,msShowOfflineGameEntrance,msShowReadAloudIconInAddressBar,msShowUXForAADPrtSSOForNonAADProfile,msSitePinningWithoutUi,msSmartScreenProtection,msSuspendMessageForNewSessionWhenHavingPendingNavigation,msSyncEdgeCollections,msTabResourceStats,msTokenizationAutofillInlineEnabled,msTouchMode,msTriggeringSignalGenerator,msUserUnderstanding,msVideoSuperResolutionUI,msWalletBuyNow,msWalletCheckout,msWalletDiagnosticDataLogger,msWalletHubEntry,msWalletHubIntlP3,msWalletPartialCard,msWalletPasswordCategorization,msWalletPasswordCategorizationPlatformExpansion,msWalletTokenizationCardMetadata,msWalletTokenizedAutofill,msWebAssist,msWebAssistHistorySearchService,msWebOOUI,msWindowsTaskManager,msWindowsUserActivities,msZipPayVirtualCard --variations-seed-version --mojo-platform-channel-handle=3572 /pfhostedapp:83d82f7af32e790e6726ae22b4e5b369ee9f9724 /prefetch:1 PATH: C:\Program Files (x86)\Microsoft\EdgeWebView\Application\138.0.3351.77\msedgewebview2.exe
20250710T15:08:32Z STORRENTI LOKI: Notice: MODULE: ProcessScan MESSAGE: PE-Sieve reported patched process PID: 11776 NAME: msedgewebview2.exe OWNER: torrs CMD: "C:\Program Files (x86)\Microsoft\EdgeWebView\Application\138.0.3351.77\msedgewebview2.exe" --type=renderer --noerrdialogs --user-agent="Mozilla/5.0 (Windows NT 10.0; Win64; x64; Cortana 1.18.9.23723; 10.0.0.0.26100.4652) AppleWebKit/537.36 (KHTML, like Gecko) Chrome/70.0.3538.102 Safari/537.36 Edge/18.26100 IsWebView2/True (WebView2Version 138.0.3351.77)" --user-data-dir="C:\Users\torrs\AppData\Local\Packages\MicrosoftWindows.Client.CBS_cw5n1h2txyewy\LocalState\EBWebView" --webview-exe-name=SearchHost.exe --webview-exe-version=2125.14803.30.0 --embedded-browser-webview=1 --video-capture-use-gpu-memory-buffer --lang=fr --device-scale-factor=1.5 --num-raster-threads=4 --enable-main-frame-before-activation --renderer-client-id=5 --js-flags="--expose-gc --ms-user-locale=fr_FR" --time-ticks-at-unix-epoch=-1752121957593426 --launch-time-ticks=20807660706 --always-read-main-dll --field-trial-handle=1828,i,5540460872001107019,18271207082878543292,262144 --enable-features=ForceSWDCompWhenDCompFallbackRequired,msAggressiveCacheTrimming,msCustomDataPartition,msEdgeFluentOverlayScrollbar,msWebView2NoTabForScreenShare,msWebViewAppLifeCycleWorkaround --disable-features=BackForwardCache,BackgroundTabLoadingFromPerformanceManager,CloseOmniboxPopupOnInactiveAreaClick,CollectAVProductsInfo,CollectCodeIntegrityInfo,EnableHangWatcher,FilterAdsOnAbusiveSites,GetWifiProtocol,LoginDetection,MediaFoundationCameraUsageMonitoring,PreconnectToSearch,SafetyHub,SegmentationPlatform,SpareRendererForSitePerProcess,Ukm,WebPayments,msAITrackerClassification,msAbydosForWindowlessWV2,msAffirmVirtualCard,msAllowChromeWebstore,msAllowMSAPrtSSOForNonMSAProfile,msApplicationGuard,msAskBeforeClosingMultipleTabs,msAutoToggleAADPrtSSOForNonAADProfile,msAutofillEdgeCoupons,msAutofillEdgeCouponsAutoApply,msAutofillEdgeServiceRequest,msAutofillEnableEdgeSuggestions,msAutomaticTabFreeze,msBrowserSettingsSupported,msCoarseGeolocationService,msDataProtection,msDesktopMode,msDesktopRewards,msDisableVariationsSeedFetchThrottling,msEEProactiveHistory,msETFOffstoreExtensionFileDataCollection,msETFPasswordTheftDNRActionSignals,msEdgeAdPlatformUI,msEdgeAddWebCapturetoCollections,msEdgeAutofillShowDeployedPassword,msEdgeCaptureSelectionInPDF,msEdgeCloudConfigService,msEdgeCloudConfigServiceV2,msEdgeCohorts,msEdgeCollectionsPrismExperiment1,msEdgeCollectionsPrismOverallMigration,msEdgeComposeNext,msEdgeEnableNurturingFramework,msEdgeEnclavePrefsBasic,msEdgeEnclavePrefsNotification,msEdgeFaviconService,msEdgeHJTelemetry,msEdgeHubAppSkype,msEdgeImageEditorUI,msEdgeLinkDoctor,msEdgeMouseGestureDefaultEnabled,msEdgeMouseGestureSupported,msEdgeNewDeviceFre,msEdgeOnRampFRE,msEdgeOnRampImport,msEdgePDFCMHighlightUX,msEdgePasswordIris,msEdgePasswordIrisSaveBubble,msEdgeProngPersonalization,msEdgeReadingView,msEdgeRose,msEdgeScreenshotUI,msEdgeSendTabToSelf,msEdgeSettingsImport,msEdgeSettingsImportV2,msEdgeShoppingPersistentStorage,msEdgeShoppingUI,msEdgeSmartFind,msEdgeSuperDragDefaultEnabled,msEdgeSuperDragDropSupported,msEdgeTipping,msEdgeTranslate,msEdgeUseCaptivePortalService,msEdgeWebCapture,msEdgeWebCaptureUniformExperience,msEdgeWebContentFilteringFeedback,msEdgeWorkSearchBanner,msEnableCustomJobMemoryLimitsOnXbox,msEnableMIPForPDF,msEnablePdfUpsell,msEnableThirdPartyScanning,msEnableWebSignInCta,msEnableWebToBrowserSignIn,msEndpointDlp,msEntityExtraction,msExtensionTelemetryFramework,msExternalTaskManager,msFileSystemAccessDirectoryIterationBlocklistCheck,msForceBrowserSignIn,msForeignSessionsPage,msGeolocationAccessService,msGeolocationOSLocationPermissionFallback,msGeolocationSQMService,msGeolocationService,msGrowthInfraLaunchSourceLogging,msGuidedSwitchAllowed,msHubPinPersist,msImplicitSignin,msIrm,msIrmv2,msKlarnaVirtualCard,msLlmConsumerDlpPurview,msLoadStatistics,msLogIsEdgePinnedToTaskbarOnLaunch,msMIPCrossTenantPdfViewSupport,msMdatpWebSiteDlp,msNotificationPermissionForPWA,msNumberOfSitesToPin,msNurturingSitePinningWithWindowsConsent,msOnHoverSearchInSidebar,msOpenOfficeDocumentsInWebViewer,msPasswordBreachDetection,msPdfAnnotationsVisibility,msPdfDataRecovery,msPdfDigitalSignatureRead,msPdfFreeText,msPdfFreeTextForCJK,msPdfHighlightMode,msPdfInking,msPdfKeyphraseSupport,msPdfOOUI,msPdfPopupMarkerRenderer,msPdfShare,msPdfSharedLibrary,msPdfTextNote,msPdfTextNoteMoreMenu,msPdfThumbnailCache,msPdfUnderside,msPdfViewRestore,msPersonalizationUMA,msPriceComparison,msPrintInWebView2,msPromptDefaultHandlerForPDF,msReactiveSearch,msReadAloud,msReadAloudPdf,msRedirectToShoreline,msRevokeExtensions,msSaasDlp,msShoppingTrigger,msShorelineSearch,msShorelineSearchFindOnPageWebUI,msShowOfflineGameEntrance,msShowReadAloudIconInAddressBar,msShowUXForAADPrtSSOForNonAADProfile,msSitePinningWithoutUi,msSmartScreenProtection,msSuspendMessageForNewSessionWhenHavingPendingNavigation,msSyncEdgeCollections,msTabResourceStats,msTokenizationAutofillInlineEnabled,msTouchMode,msTriggeringSignalGenerator,msUserUnderstanding,msVideoSuperResolutionUI,msWalletBuyNow,msWalletCheckout,msWalletDiagnosticDataLogger,msWalletHubEntry,msWalletHubIntlP3,msWalletPartialCard,msWalletPasswordCategorization,msWalletPasswordCategorizationPlatformExpansion,msWalletTokenizationCardMetadata,msWalletTokenizedAutofill,msWebAssist,msWebAssistHistorySearchService,msWebOOUI,msWindowsTaskManager,msWindowsUserActivities,msZipPayVirtualCard --variations-seed-version --mojo-platform-channel-handle=3572 /pfhostedapp:83d82f7af32e790e6726ae22b4e5b369ee9f9724 /prefetch:1 PATH: C:\Program Files (x86)\Microsoft\EdgeWebView\Application\138.0.3351.77\msedgewebview2.exe PATCHED: 1
20250710T15:08:32Z STORRENTI LOKI: Info: MODULE: ProcessScan MESSAGE: Scanning Process PID: 11996 NAME: ksdeui.exe OWNER: torrs CMD: "C:\Program Files (x86)\Kaspersky Lab\Kaspersky VPN 5.21\ksdeui.exe" -hidden PATH: C:\Program Files (x86)\Kaspersky Lab\Kaspersky VPN 5.21\ksdeui.exe
20250710T15:08:38Z STORRENTI LOKI: Notice: MODULE: ProcessScan MESSAGE: PE-Sieve reported patched process PID: 11996 NAME: ksdeui.exe OWNER: torrs CMD: "C:\Program Files (x86)\Kaspersky Lab\Kaspersky VPN 5.21\ksdeui.exe" -hidden PATH: C:\Program Files (x86)\Kaspersky Lab\Kaspersky VPN 5.21\ksdeui.exe PATCHED: 3
20250710T15:08:38Z STORRENTI LOKI: Info: MODULE: ProcessScan MESSAGE: Scanning Process PID: 19832 NAME: avpui.exe OWNER: torrs CMD: N/A PATH: none
20250710T15:08:38Z STORRENTI LOKI: Info: MODULE: ProcessScan MESSAGE: PE-Sieve reported no anomalies PID: 19832 NAME: avpui.exe OWNER: torrs CMD: N/A PATH: none
20250710T15:08:38Z STORRENTI LOKI: Info: MODULE: ProcessScan MESSAGE: Scanning Process PID: 24436 NAME: ctfmon.exe OWNER: torrs CMD: C:\WINDOWS\system32\ctfmon.exe PATH: C:\WINDOWS\system32\ctfmon.exe
20250710T15:08:39Z STORRENTI LOKI: Info: MODULE: ProcessScan MESSAGE: PE-Sieve reported no anomalies PID: 24436 NAME: ctfmon.exe OWNER: torrs CMD: C:\WINDOWS\system32\ctfmon.exe PATH: C:\WINDOWS\system32\ctfmon.exe
20250710T15:08:39Z STORRENTI LOKI: Info: MODULE: ProcessScan MESSAGE: Scanning Process PID: 26920 NAME: LockApp.exe OWNER: torrs CMD: "C:\WINDOWS\SystemApps\Microsoft.LockApp_cw5n1h2txyewy\LockApp.exe" -ServerName:WindowsDefaultLockScreen.AppX7y4nbzq37zn4ks9k7amqjywdat7d3j2z.mca PATH: C:\WINDOWS\SystemApps\Microsoft.LockApp_cw5n1h2txyewy\LockApp.exe
20250710T15:08:39Z STORRENTI LOKI: Info: MODULE: ProcessScan MESSAGE: PE-Sieve reported no anomalies PID: 26920 NAME: LockApp.exe OWNER: torrs CMD: "C:\WINDOWS\SystemApps\Microsoft.LockApp_cw5n1h2txyewy\LockApp.exe" -ServerName:WindowsDefaultLockScreen.AppX7y4nbzq37zn4ks9k7amqjywdat7d3j2z.mca PATH: C:\WINDOWS\SystemApps\Microsoft.LockApp_cw5n1h2txyewy\LockApp.exe
20250710T15:08:39Z STORRENTI LOKI: Info: MODULE: ProcessScan MESSAGE: Scanning Process PID: 18764 NAME: RuntimeBroker.exe OWNER: torrs CMD: C:\Windows\System32\RuntimeBroker.exe -Embedding PATH: C:\Windows\System32\RuntimeBroker.exe
20250710T15:08:40Z STORRENTI LOKI: Info: MODULE: ProcessScan MESSAGE: PE-Sieve reported no anomalies PID: 18764 NAME: RuntimeBroker.exe OWNER: torrs CMD: C:\Windows\System32\RuntimeBroker.exe -Embedding PATH: C:\Windows\System32\RuntimeBroker.exe
20250710T15:08:40Z STORRENTI LOKI: Info: MODULE: ProcessScan MESSAGE: Scanning Process PID: 14340 NAME: svchost.exe OWNER: torrs CMD: C:\WINDOWS\system32\svchost.exe -k LocalService -p -s NPSMSvc PATH: C:\WINDOWS\system32\svchost.exe
20250710T15:08:40Z STORRENTI LOKI: Info: MODULE: ProcessScan MESSAGE: PE-Sieve reported no anomalies PID: 14340 NAME: svchost.exe OWNER: torrs CMD: C:\WINDOWS\system32\svchost.exe -k LocalService -p -s NPSMSvc PATH: C:\WINDOWS\system32\svchost.exe
20250710T15:08:40Z STORRENTI LOKI: Info: MODULE: ProcessScan MESSAGE: Scanning Process PID: 20828 NAME: SecurityHealthSystray.exe OWNER: torrs CMD: "C:\Windows\System32\SecurityHealthSystray.exe"  PATH: C:\Windows\System32\SecurityHealthSystray.exe
20250710T15:08:40Z STORRENTI LOKI: Info: MODULE: ProcessScan MESSAGE: PE-Sieve reported no anomalies PID: 20828 NAME: SecurityHealthSystray.exe OWNER: torrs CMD: "C:\Windows\System32\SecurityHealthSystray.exe"  PATH: C:\Windows\System32\SecurityHealthSystray.exe
20250710T15:08:40Z STORRENTI LOKI: Info: MODULE: ProcessScan MESSAGE: Scanning Process PID: 2552 NAME: RtkAudUService64.exe OWNER: torrs CMD: "C:\Windows\System32\DriverStore\FileRepository\realtekservice.inf_amd64_4401706d277a86e0\RtkAudUService64.exe" -background PATH: C:\Windows\System32\DriverStore\FileRepository\realtekservice.inf_amd64_4401706d277a86e0\RtkAudUService64.exe
20250710T15:08:41Z STORRENTI LOKI: Info: MODULE: ProcessScan MESSAGE: PE-Sieve reported no anomalies PID: 2552 NAME: RtkAudUService64.exe OWNER: torrs CMD: "C:\Windows\System32\DriverStore\FileRepository\realtekservice.inf_amd64_4401706d277a86e0\RtkAudUService64.exe" -background PATH: C:\Windows\System32\DriverStore\FileRepository\realtekservice.inf_amd64_4401706d277a86e0\RtkAudUService64.exe
20250710T15:08:41Z STORRENTI LOKI: Info: MODULE: ProcessScan MESSAGE: Scanning Process PID: 20416 NAME: unsecapp.exe OWNER: torrs CMD: C:\WINDOWS\system32\wbem\unsecapp.exe -Embedding PATH: C:\WINDOWS\system32\wbem\unsecapp.exe
20250710T15:08:41Z STORRENTI LOKI: Info: MODULE: ProcessScan MESSAGE: PE-Sieve reported no anomalies PID: 20416 NAME: unsecapp.exe OWNER: torrs CMD: C:\WINDOWS\system32\wbem\unsecapp.exe -Embedding PATH: C:\WINDOWS\system32\wbem\unsecapp.exe
20250710T15:08:41Z STORRENTI LOKI: Info: MODULE: ProcessScan MESSAGE: Scanning Process PID: 14564 NAME: OneDrive.exe OWNER: torrs CMD: "C:\Program Files\Microsoft OneDrive\OneDrive.exe" /background PATH: C:\Program Files\Microsoft OneDrive\OneDrive.exe
20250710T15:08:42Z STORRENTI LOKI: Info: MODULE: ProcessScan MESSAGE: PE-Sieve reported no anomalies PID: 14564 NAME: OneDrive.exe OWNER: torrs CMD: "C:\Program Files\Microsoft OneDrive\OneDrive.exe" /background PATH: C:\Program Files\Microsoft OneDrive\OneDrive.exe
20250710T15:08:42Z STORRENTI LOKI: Notice: MODULE: ProcessScan MESSAGE: Established connection PID: 14564 NAME: OneDrive.exe COMMAND: "C:\Program Files\Microsoft OneDrive\OneDrive.exe" /background LIP: 172.31.200.207 LPORT: 51508 RIP: 98.66.133.186 RPORT: 443
20250710T15:08:42Z STORRENTI LOKI: Info: MODULE: ProcessScan MESSAGE: Scanning Process PID: 13244 NAME: AdobeCollabSync.exe OWNER: torrs CMD: "C:\Program Files\Adobe\Acrobat DC\Acrobat\AdobeCollabSync.exe"  PATH: C:\Program Files\Adobe\Acrobat DC\Acrobat\AdobeCollabSync.exe
20250710T15:08:43Z STORRENTI LOKI: Info: MODULE: ProcessScan MESSAGE: PE-Sieve reported no anomalies PID: 13244 NAME: AdobeCollabSync.exe OWNER: torrs CMD: "C:\Program Files\Adobe\Acrobat DC\Acrobat\AdobeCollabSync.exe"  PATH: C:\Program Files\Adobe\Acrobat DC\Acrobat\AdobeCollabSync.exe
20250710T15:08:43Z STORRENTI LOKI: Info: MODULE: ProcessScan MESSAGE: Scanning Process PID: 10604 NAME: AdobeCollabSync.exe OWNER: torrs CMD: "C:\Program Files\Adobe\Acrobat DC\Acrobat\AdobeCollabSync.exe"  --type=collab-renderer --proc=13244 PATH: C:\Program Files\Adobe\Acrobat DC\Acrobat\AdobeCollabSync.exe
20250710T15:08:43Z STORRENTI LOKI: Info: MODULE: ProcessScan MESSAGE: PE-Sieve reported no anomalies PID: 10604 NAME: AdobeCollabSync.exe OWNER: torrs CMD: "C:\Program Files\Adobe\Acrobat DC\Acrobat\AdobeCollabSync.exe"  --type=collab-renderer --proc=13244 PATH: C:\Program Files\Adobe\Acrobat DC\Acrobat\AdobeCollabSync.exe
20250710T15:08:43Z STORRENTI LOKI: Notice: MODULE: ProcessScan MESSAGE: Listening process PID: 10604 NAME: AdobeCollabSync.exe COMMAND: "C:\Program Files\Adobe\Acrobat DC\Acrobat\AdobeCollabSync.exe"  --type=collab-renderer --proc=13244 IP: 127.0.0.1 PORT: 19292
20250710T15:08:43Z STORRENTI LOKI: Info: MODULE: ProcessScan MESSAGE: Scanning Process PID: 1172 NAME: Microsoft.SharePoint.exe OWNER: torrs CMD: "C:\Program Files\Microsoft OneDrive\25.110.0608.0002\Microsoft.SharePoint.exe"  PATH: C:\Program Files\Microsoft OneDrive\25.110.0608.0002\Microsoft.SharePoint.exe
20250710T15:08:44Z STORRENTI LOKI: Info: MODULE: ProcessScan MESSAGE: PE-Sieve reported no anomalies PID: 1172 NAME: Microsoft.SharePoint.exe OWNER: torrs CMD: "C:\Program Files\Microsoft OneDrive\25.110.0608.0002\Microsoft.SharePoint.exe"  PATH: C:\Program Files\Microsoft OneDrive\25.110.0608.0002\Microsoft.SharePoint.exe
20250710T15:08:44Z STORRENTI LOKI: Notice: MODULE: ProcessScan MESSAGE: Listening process PID: 1172 NAME: Microsoft.SharePoint.exe COMMAND: "C:\Program Files\Microsoft OneDrive\25.110.0608.0002\Microsoft.SharePoint.exe"  IP: ::1 PORT: 42050
20250710T15:08:45Z STORRENTI LOKI: Info: MODULE: ProcessScan MESSAGE: Scanning Process PID: 13904 NAME: msedge.exe OWNER: torrs CMD: "C:\Program Files (x86)\Microsoft\Edge\Application\msedge.exe" --no-startup-window --win-session-start PATH: C:\Program Files (x86)\Microsoft\Edge\Application\msedge.exe
20250710T15:08:45Z STORRENTI LOKI: Notice: MODULE: ProcessScan MESSAGE: PE-Sieve reported patched process PID: 13904 NAME: msedge.exe OWNER: torrs CMD: "C:\Program Files (x86)\Microsoft\Edge\Application\msedge.exe" --no-startup-window --win-session-start PATH: C:\Program Files (x86)\Microsoft\Edge\Application\msedge.exe PATCHED: 1
20250710T15:08:46Z STORRENTI LOKI: Info: MODULE: ProcessScan MESSAGE: Scanning Process PID: 15276 NAME: msedge.exe OWNER: torrs CMD: "C:\Program Files (x86)\Microsoft\Edge\Application\msedge.exe" --type=crashpad-handler "--user-data-dir=C:\Users\torrs\AppData\Local\Microsoft\Edge\User Data" /prefetch:4 --monitor-self-annotation=ptype=crashpad-handler "--database=C:\Users\torrs\AppData\Local\Microsoft\Edge\User Data\Crashpad" --annotation=IsOfficialBuild=1 --annotation=channel= --annotation=chromium-version=138.0.7204.97 "--annotation=exe=C:\Program Files (x86)\Microsoft\Edge\Application\msedge.exe" --annotation=plat=Win64 --annotation=prod=Edge --annotation=ver=138.0.3351.77 --initial-client-data=0x260,0x264,0x268,0x25c,0x270,0x7fffcf03a178,0x7fffcf03a184,0x7fffcf03a190 PATH: C:\Program Files (x86)\Microsoft\Edge\Application\msedge.exe
20250710T15:08:46Z STORRENTI LOKI: Info: MODULE: ProcessScan MESSAGE: PE-Sieve reported no anomalies PID: 15276 NAME: msedge.exe OWNER: torrs CMD: "C:\Program Files (x86)\Microsoft\Edge\Application\msedge.exe" --type=crashpad-handler "--user-data-dir=C:\Users\torrs\AppData\Local\Microsoft\Edge\User Data" /prefetch:4 --monitor-self-annotation=ptype=crashpad-handler "--database=C:\Users\torrs\AppData\Local\Microsoft\Edge\User Data\Crashpad" --annotation=IsOfficialBuild=1 --annotation=channel= --annotation=chromium-version=138.0.7204.97 "--annotation=exe=C:\Program Files (x86)\Microsoft\Edge\Application\msedge.exe" --annotation=plat=Win64 --annotation=prod=Edge --annotation=ver=138.0.3351.77 --initial-client-data=0x260,0x264,0x268,0x25c,0x270,0x7fffcf03a178,0x7fffcf03a184,0x7fffcf03a190 PATH: C:\Program Files (x86)\Microsoft\Edge\Application\msedge.exe
20250710T15:08:46Z STORRENTI LOKI: Info: MODULE: ProcessScan MESSAGE: Scanning Process PID: 22264 NAME: msedge.exe OWNER: torrs CMD: "C:\Program Files (x86)\Microsoft\Edge\Application\msedge.exe" --type=gpu-process --no-pre-read-main-dll --gpu-preferences=UAAAAAAAAADgAAAEAAAAAAAAAAAAAAAAAABgAAEAAAAAAAAAAAAAAAAAAAACAAAAAAAAAAAAAAAAAAAAAAAAABAAAAAAAAAAEAAAAAAAAAAIAAAAAAAAAAgAAAAAAAAA --always-read-main-dll --field-trial-handle=2180,i,9149983642372460536,10405840213461764674,262144 --variations-seed-version --mojo-platform-channel-handle=2092 /prefetch:2 PATH: C:\Program Files (x86)\Microsoft\Edge\Application\msedge.exe
20250710T15:08:47Z STORRENTI LOKI: Notice: MODULE: ProcessScan MESSAGE: PE-Sieve reported patched process PID: 22264 NAME: msedge.exe OWNER: torrs CMD: "C:\Program Files (x86)\Microsoft\Edge\Application\msedge.exe" --type=gpu-process --no-pre-read-main-dll --gpu-preferences=UAAAAAAAAADgAAAEAAAAAAAAAAAAAAAAAABgAAEAAAAAAAAAAAAAAAAAAAACAAAAAAAAAAAAAAAAAAAAAAAAABAAAAAAAAAAEAAAAAAAAAAIAAAAAAAAAAgAAAAAAAAA --always-read-main-dll --field-trial-handle=2180,i,9149983642372460536,10405840213461764674,262144 --variations-seed-version --mojo-platform-channel-handle=2092 /prefetch:2 PATH: C:\Program Files (x86)\Microsoft\Edge\Application\msedge.exe PATCHED: 1
20250710T15:08:47Z STORRENTI LOKI: Info: MODULE: ProcessScan MESSAGE: Scanning Process PID: 11736 NAME: msedge.exe OWNER: torrs CMD: "C:\Program Files (x86)\Microsoft\Edge\Application\msedge.exe" --type=utility --utility-sub-type=network.mojom.NetworkService --lang=fr --service-sandbox-type=none --no-pre-read-main-dll --always-read-main-dll --field-trial-handle=2180,i,9149983642372460536,10405840213461764674,262144 --variations-seed-version --mojo-platform-channel-handle=2472 /prefetch:11 PATH: C:\Program Files (x86)\Microsoft\Edge\Application\msedge.exe
20250710T15:08:47Z STORRENTI LOKI: Info: MODULE: ProcessScan MESSAGE: PE-Sieve reported no anomalies PID: 11736 NAME: msedge.exe OWNER: torrs CMD: "C:\Program Files (x86)\Microsoft\Edge\Application\msedge.exe" --type=utility --utility-sub-type=network.mojom.NetworkService --lang=fr --service-sandbox-type=none --no-pre-read-main-dll --always-read-main-dll --field-trial-handle=2180,i,9149983642372460536,10405840213461764674,262144 --variations-seed-version --mojo-platform-channel-handle=2472 /prefetch:11 PATH: C:\Program Files (x86)\Microsoft\Edge\Application\msedge.exe
20250710T15:08:47Z STORRENTI LOKI: Info: MODULE: ProcessScan MESSAGE: Scanning Process PID: 6520 NAME: msedge.exe OWNER: torrs CMD: "C:\Program Files (x86)\Microsoft\Edge\Application\msedge.exe" --type=utility --utility-sub-type=storage.mojom.StorageService --lang=fr --service-sandbox-type=service --no-pre-read-main-dll --always-read-main-dll --field-trial-handle=2180,i,9149983642372460536,10405840213461764674,262144 --variations-seed-version --mojo-platform-channel-handle=2880 /prefetch:13 PATH: C:\Program Files (x86)\Microsoft\Edge\Application\msedge.exe
20250710T15:08:48Z STORRENTI LOKI: Notice: MODULE: ProcessScan MESSAGE: PE-Sieve reported patched process PID: 6520 NAME: msedge.exe OWNER: torrs CMD: "C:\Program Files (x86)\Microsoft\Edge\Application\msedge.exe" --type=utility --utility-sub-type=storage.mojom.StorageService --lang=fr --service-sandbox-type=service --no-pre-read-main-dll --always-read-main-dll --field-trial-handle=2180,i,9149983642372460536,10405840213461764674,262144 --variations-seed-version --mojo-platform-channel-handle=2880 /prefetch:13 PATH: C:\Program Files (x86)\Microsoft\Edge\Application\msedge.exe PATCHED: 1
20250710T15:08:48Z STORRENTI LOKI: Info: MODULE: ProcessScan MESSAGE: Scanning Process PID: 23064 NAME: CrossDeviceService.exe OWNER: torrs CMD: "C:\Program Files\WindowsApps\MicrosoftWindows.CrossDevice_1.25061.25.0_x64__cw5n1h2txyewy\CrossDeviceService.exe"  PATH: C:\Program Files\WindowsApps\MicrosoftWindows.CrossDevice_1.25061.25.0_x64__cw5n1h2txyewy\CrossDeviceService.exe
20250710T15:08:49Z STORRENTI LOKI: Info: MODULE: ProcessScan MESSAGE: PE-Sieve reported no anomalies PID: 23064 NAME: CrossDeviceService.exe OWNER: torrs CMD: "C:\Program Files\WindowsApps\MicrosoftWindows.CrossDevice_1.25061.25.0_x64__cw5n1h2txyewy\CrossDeviceService.exe"  PATH: C:\Program Files\WindowsApps\MicrosoftWindows.CrossDevice_1.25061.25.0_x64__cw5n1h2txyewy\CrossDeviceService.exe
20250710T15:08:49Z STORRENTI LOKI: Info: MODULE: ProcessScan MESSAGE: Scanning Process PID: 19144 NAME: RuntimeBroker.exe OWNER: torrs CMD: C:\Windows\System32\RuntimeBroker.exe -Embedding PATH: C:\Windows\System32\RuntimeBroker.exe
20250710T15:08:49Z STORRENTI LOKI: Info: MODULE: ProcessScan MESSAGE: PE-Sieve reported no anomalies PID: 19144 NAME: RuntimeBroker.exe OWNER: torrs CMD: C:\Windows\System32\RuntimeBroker.exe -Embedding PATH: C:\Windows\System32\RuntimeBroker.exe
20250710T15:08:49Z STORRENTI LOKI: Info: MODULE: ProcessScan MESSAGE: Scanning Process PID: 2292 NAME: WidgetService.exe OWNER: torrs CMD: "C:\Program Files\WindowsApps\Microsoft.WidgetsPlatformRuntime_1.6.9.0_x64__8wekyb3d8bbwe\WidgetService\WidgetService.exe" -RegisterProcessAsComServer -Embedding PATH: C:\Program Files\WindowsApps\Microsoft.WidgetsPlatformRuntime_1.6.9.0_x64__8wekyb3d8bbwe\WidgetService\WidgetService.exe
20250710T15:08:49Z STORRENTI LOKI: Info: MODULE: ProcessScan MESSAGE: PE-Sieve reported no anomalies PID: 2292 NAME: WidgetService.exe OWNER: torrs CMD: "C:\Program Files\WindowsApps\Microsoft.WidgetsPlatformRuntime_1.6.9.0_x64__8wekyb3d8bbwe\WidgetService\WidgetService.exe" -RegisterProcessAsComServer -Embedding PATH: C:\Program Files\WindowsApps\Microsoft.WidgetsPlatformRuntime_1.6.9.0_x64__8wekyb3d8bbwe\WidgetService\WidgetService.exe
20250710T15:08:50Z STORRENTI LOKI: Info: MODULE: ProcessScan MESSAGE: Scanning Process PID: 21576 NAME: MicrosoftStartFeedProvider.exe OWNER: torrs CMD: "C:\Program Files\WindowsApps\Microsoft.StartExperiencesApp_1.51.3.0_x64__8wekyb3d8bbwe\MicrosoftStartFeedProvider\MicrosoftStartFeedProvider.exe" -Embedding PATH: C:\Program Files\WindowsApps\Microsoft.StartExperiencesApp_1.51.3.0_x64__8wekyb3d8bbwe\MicrosoftStartFeedProvider\MicrosoftStartFeedProvider.exe
20250710T15:08:50Z STORRENTI LOKI: Info: MODULE: ProcessScan MESSAGE: PE-Sieve reported no anomalies PID: 21576 NAME: MicrosoftStartFeedProvider.exe OWNER: torrs CMD: "C:\Program Files\WindowsApps\Microsoft.StartExperiencesApp_1.51.3.0_x64__8wekyb3d8bbwe\MicrosoftStartFeedProvider\MicrosoftStartFeedProvider.exe" -Embedding PATH: C:\Program Files\WindowsApps\Microsoft.StartExperiencesApp_1.51.3.0_x64__8wekyb3d8bbwe\MicrosoftStartFeedProvider\MicrosoftStartFeedProvider.exe
20250710T15:08:50Z STORRENTI LOKI: Info: MODULE: ProcessScan MESSAGE: Scanning Process PID: 14500 NAME: ms-teams.exe OWNER: torrs CMD: "C:\Program Files\WindowsApps\MSTeams_25163.3611.3774.6315_x64__8wekyb3d8bbwe\ms-teams.exe" msteams:system-initiated PATH: C:\Program Files\WindowsApps\MSTeams_25163.3611.3774.6315_x64__8wekyb3d8bbwe\ms-teams.exe
20250710T15:08:51Z STORRENTI LOKI: Info: MODULE: ProcessScan MESSAGE: PE-Sieve reported no anomalies PID: 14500 NAME: ms-teams.exe OWNER: torrs CMD: "C:\Program Files\WindowsApps\MSTeams_25163.3611.3774.6315_x64__8wekyb3d8bbwe\ms-teams.exe" msteams:system-initiated PATH: C:\Program Files\WindowsApps\MSTeams_25163.3611.3774.6315_x64__8wekyb3d8bbwe\ms-teams.exe
20250710T15:08:51Z STORRENTI LOKI: Info: MODULE: ProcessScan MESSAGE: Scanning Process PID: 22460 NAME: RuntimeBroker.exe OWNER: torrs CMD: C:\Windows\System32\RuntimeBroker.exe -Embedding PATH: C:\Windows\System32\RuntimeBroker.exe
20250710T15:08:51Z STORRENTI LOKI: Info: MODULE: ProcessScan MESSAGE: PE-Sieve reported no anomalies PID: 22460 NAME: RuntimeBroker.exe OWNER: torrs CMD: C:\Windows\System32\RuntimeBroker.exe -Embedding PATH: C:\Windows\System32\RuntimeBroker.exe
20250710T15:08:51Z STORRENTI LOKI: Info: MODULE: ProcessScan MESSAGE: Scanning Process PID: 11964 NAME: OSDwindow.exe OWNER: torrs CMD: "C:\Program Files\GIGABYTE\Control Center\Lib\GBT_Notebook\OSDwindow.exe"  PATH: C:\Program Files\GIGABYTE\Control Center\Lib\GBT_Notebook\OSDwindow.exe
20250710T15:08:51Z STORRENTI LOKI: Notice: MODULE: ProcessScan MESSAGE: PE-Sieve reported patched process PID: 11964 NAME: OSDwindow.exe OWNER: torrs CMD: "C:\Program Files\GIGABYTE\Control Center\Lib\GBT_Notebook\OSDwindow.exe"  PATH: C:\Program Files\GIGABYTE\Control Center\Lib\GBT_Notebook\OSDwindow.exe PATCHED: 1
20250710T15:08:51Z STORRENTI LOKI: Info: MODULE: ProcessScan MESSAGE: Scanning Process PID: 18536 NAME: RuntimeBroker.exe OWNER: torrs CMD: C:\Windows\System32\RuntimeBroker.exe -Embedding PATH: C:\Windows\System32\RuntimeBroker.exe
20250710T15:08:52Z STORRENTI LOKI: Info: MODULE: ProcessScan MESSAGE: PE-Sieve reported no anomalies PID: 18536 NAME: RuntimeBroker.exe OWNER: torrs CMD: C:\Windows\System32\RuntimeBroker.exe -Embedding PATH: C:\Windows\System32\RuntimeBroker.exe
20250710T15:08:52Z STORRENTI LOKI: Info: MODULE: ProcessScan MESSAGE: Scanning Process PID: 21888 NAME: AdobeIPCBroker.exe OWNER: torrs CMD: "C:\Program Files (x86)\Common Files\Adobe\Adobe Desktop Common\IPCBox\AdobeIPCBroker.exe" "-launchedbyvulcan-14408 C:\Program Files\Adobe\Adobe Creative Cloud Experience\libs\node.exe" PATH: C:\Program Files (x86)\Common Files\Adobe\Adobe Desktop Common\IPCBox\AdobeIPCBroker.exe
20250710T15:08:55Z STORRENTI LOKI: Notice: MODULE: ProcessScan MESSAGE: PE-Sieve reported patched process PID: 21888 NAME: AdobeIPCBroker.exe OWNER: torrs CMD: "C:\Program Files (x86)\Common Files\Adobe\Adobe Desktop Common\IPCBox\AdobeIPCBroker.exe" "-launchedbyvulcan-14408 C:\Program Files\Adobe\Adobe Creative Cloud Experience\libs\node.exe" PATH: C:\Program Files (x86)\Common Files\Adobe\Adobe Desktop Common\IPCBox\AdobeIPCBroker.exe PATCHED: 2
20250710T15:08:56Z STORRENTI LOKI: Info: MODULE: ProcessScan MESSAGE: Scanning Process PID: 9428 NAME: msedgewebview2.exe OWNER: torrs CMD: "C:\Program Files (x86)\Microsoft\EdgeWebView\Application\138.0.3351.77\msedgewebview2.exe" --embedded-browser-webview=1 --webview-exe-name=ms-teams.exe --webview-exe-version=25163.3611.3774.6315 --user-data-dir="C:\Users\torrs\AppData\Local\Packages\MSTeams_8wekyb3d8bbwe\LocalCache\Microsoft\MSTeams\EBWebView" --noerrdialogs --embedded-browser-webview-dpi-awareness=2 --autoplay-policy=no-user-gesture-required --disable-background-timer-throttling --disable-features=msEnhancedTrackingPreventionEnabled,BreakoutBoxPreferCaptureTimestampInVideoFrames,msWebOOUI --enable-features=msSingleSignOnOSForPrimaryAccountIsShared,AutofillReplaceCachedWebElementsByRendererIds,PartitionedCookies,PreferredAudioOutputDevices,SharedArrayBuffer,ThirdPartyStoragePartitioning,msAbydos,msAbydosGestureSupport,msAbydosHandwritingAttr,msWebView2EnableDraggableRegions,msWebView2SetUserAgentOverrideOnIframes,msWebView2TerminateServiceWorkerWhenIdleIgnoringCdpSessions,msWebView2TextureStream --isolate-origins=https://[*.]microsoft.com,https://[*.]sharepoint.com,https://[*.]sharepointonline.com,https://mesh-hearts-teams.azurewebsites.net,https://[*.]meshxp.net,https://res-sdf.cdn.office.net,https://res.cdn.office.net,https://copilot.teams.cloud.microsoft,https://local.copilot.teams.office.com --lang=fr-FR --mojo-named-platform-channel-pipe=14500.23280.2693345088190481535 /pfhostedapp:aac61e14bd51d94c225dc7a3b9c25d8a2f9d4d71 PATH: C:\Program Files (x86)\Microsoft\EdgeWebView\Application\138.0.3351.77\msedgewebview2.exe
20250710T15:08:56Z STORRENTI LOKI: Notice: MODULE: ProcessScan MESSAGE: PE-Sieve reported patched process PID: 9428 NAME: msedgewebview2.exe OWNER: torrs CMD: "C:\Program Files (x86)\Microsoft\EdgeWebView\Application\138.0.3351.77\msedgewebview2.exe" --embedded-browser-webview=1 --webview-exe-name=ms-teams.exe --webview-exe-version=25163.3611.3774.6315 --user-data-dir="C:\Users\torrs\AppData\Local\Packages\MSTeams_8wekyb3d8bbwe\LocalCache\Microsoft\MSTeams\EBWebView" --noerrdialogs --embedded-browser-webview-dpi-awareness=2 --autoplay-policy=no-user-gesture-required --disable-background-timer-throttling --disable-features=msEnhancedTrackingPreventionEnabled,BreakoutBoxPreferCaptureTimestampInVideoFrames,msWebOOUI --enable-features=msSingleSignOnOSForPrimaryAccountIsShared,AutofillReplaceCachedWebElementsByRendererIds,PartitionedCookies,PreferredAudioOutputDevices,SharedArrayBuffer,ThirdPartyStoragePartitioning,msAbydos,msAbydosGestureSupport,msAbydosHandwritingAttr,msWebView2EnableDraggableRegions,msWebView2SetUserAgentOverrideOnIframes,msWebView2TerminateServiceWorkerWhenIdleIgnoringCdpSessions,msWebView2TextureStream --isolate-origins=https://[*.]microsoft.com,https://[*.]sharepoint.com,https://[*.]sharepointonline.com,https://mesh-hearts-teams.azurewebsites.net,https://[*.]meshxp.net,https://res-sdf.cdn.office.net,https://res.cdn.office.net,https://copilot.teams.cloud.microsoft,https://local.copilot.teams.office.com --lang=fr-FR --mojo-named-platform-channel-pipe=14500.23280.2693345088190481535 /pfhostedapp:aac61e14bd51d94c225dc7a3b9c25d8a2f9d4d71 PATH: C:\Program Files (x86)\Microsoft\EdgeWebView\Application\138.0.3351.77\msedgewebview2.exe PATCHED: 1
20250710T15:08:57Z STORRENTI LOKI: Info: MODULE: ProcessScan MESSAGE: Scanning Process PID: 27620 NAME: msedgewebview2.exe OWNER: torrs CMD: "C:\Program Files (x86)\Microsoft\EdgeWebView\Application\138.0.3351.77\msedgewebview2.exe" --type=crashpad-handler --user-data-dir=C:\Users\torrs\AppData\Local\Packages\MSTeams_8wekyb3d8bbwe\LocalCache\Microsoft\MSTeams\EBWebView /prefetch:4 /pfhostedapp:aac61e14bd51d94c225dc7a3b9c25d8a2f9d4d71 --monitor-self-annotation=ptype=crashpad-handler --database=C:\Users\torrs\AppData\Local\Packages\MSTeams_8wekyb3d8bbwe\LocalCache\Microsoft\MSTeams\EBWebView\Crashpad --annotation=IsOfficialBuild=1 --annotation=channel= --annotation=chromium-version=138.0.7204.97 "--annotation=exe=C:\Program Files (x86)\Microsoft\EdgeWebView\Application\138.0.3351.77\msedgewebview2.exe" --annotation=plat=Win64 "--annotation=prod=Edge WebView2" --annotation=ver=138.0.3351.77 --initial-client-data=0x178,0x17c,0x180,0x154,0x188,0x7fffcf03a178,0x7fffcf03a184,0x7fffcf03a190 PATH: C:\Program Files (x86)\Microsoft\EdgeWebView\Application\138.0.3351.77\msedgewebview2.exe
20250710T15:08:57Z STORRENTI LOKI: Info: MODULE: ProcessScan MESSAGE: PE-Sieve reported no anomalies PID: 27620 NAME: msedgewebview2.exe OWNER: torrs CMD: "C:\Program Files (x86)\Microsoft\EdgeWebView\Application\138.0.3351.77\msedgewebview2.exe" --type=crashpad-handler --user-data-dir=C:\Users\torrs\AppData\Local\Packages\MSTeams_8wekyb3d8bbwe\LocalCache\Microsoft\MSTeams\EBWebView /prefetch:4 /pfhostedapp:aac61e14bd51d94c225dc7a3b9c25d8a2f9d4d71 --monitor-self-annotation=ptype=crashpad-handler --database=C:\Users\torrs\AppData\Local\Packages\MSTeams_8wekyb3d8bbwe\LocalCache\Microsoft\MSTeams\EBWebView\Crashpad --annotation=IsOfficialBuild=1 --annotation=channel= --annotation=chromium-version=138.0.7204.97 "--annotation=exe=C:\Program Files (x86)\Microsoft\EdgeWebView\Application\138.0.3351.77\msedgewebview2.exe" --annotation=plat=Win64 "--annotation=prod=Edge WebView2" --annotation=ver=138.0.3351.77 --initial-client-data=0x178,0x17c,0x180,0x154,0x188,0x7fffcf03a178,0x7fffcf03a184,0x7fffcf03a190 PATH: C:\Program Files (x86)\Microsoft\EdgeWebView\Application\138.0.3351.77\msedgewebview2.exe
20250710T15:08:57Z STORRENTI LOKI: Info: MODULE: ProcessScan MESSAGE: Scanning Process PID: 23808 NAME: msedgewebview2.exe OWNER: torrs CMD: "C:\Program Files (x86)\Microsoft\EdgeWebView\Application\138.0.3351.77\msedgewebview2.exe" --type=gpu-process --noerrdialogs --user-data-dir="C:\Users\torrs\AppData\Local\Packages\MSTeams_8wekyb3d8bbwe\LocalCache\Microsoft\MSTeams\EBWebView" --webview-exe-name=ms-teams.exe --webview-exe-version=25163.3611.3774.6315 --embedded-browser-webview=1 --embedded-browser-webview-dpi-awareness=2 --no-pre-read-main-dll --gpu-preferences=UAAAAAAAAADgAAAEAAAAAAAAAAAAAAAAAABgAAEAAAAAAAAAAAAAAAAAAAACAAAAAAAAAAAAAAAAAAAAAAAAABAAAAAAAAAAEAAAAAAAAAAIAAAAAAAAAAgAAAAAAAAA --always-read-main-dll --field-trial-handle=1868,i,1615443911623579210,4942058104913918929,262144 --enable-features=AutofillReplaceCachedWebElementsByRendererIds,ForceSWDCompWhenDCompFallbackRequired,PartitionedCookies,PreferredAudioOutputDevices,SharedArrayBuffer,ThirdPartyStoragePartitioning,msAbydos,msAbydosGestureSupport,msAbydosHandwritingAttr,msAggressiveCacheTrimming,msCustomDataPartition,msSingleSignOnOSForPrimaryAccountIsShared,msWebView2EnableDraggableRegions,msWebView2NoTabForScreenShare,msWebView2SetUserAgentOverrideOnIframes,msWebView2TerminateServiceWorkerWhenIdleIgnoringCdpSessions,msWebView2TextureStream,msWindowsTaskManager --disable-features=BackForwardCache,BackgroundTabLoadingFromPerformanceManager,BreakoutBoxPreferCaptureTimestampInVideoFrames,CloseOmniboxPopupOnInactiveAreaClick,CollectAVProductsInfo,CollectCodeIntegrityInfo,EnableHangWatcher,FilterAdsOnAbusiveSites,GetWifiProtocol,LoginDetection,PreconnectToSearch,SafetyHub,SegmentationPlatform,SpareRendererForSitePerProcess,Ukm,WebPayments,msAITrackerClassification,msAbydosForWindowlessWV2,msAffirmVirtualCard,msAllowChromeWebstore,msAllowMSAPrtSSOForNonMSAProfile,msApplicationGuard,msAskBeforeClosingMultipleTabs,msAutoToggleAADPrtSSOForNonAADProfile,msAutofillEdgeCoupons,msAutofillEdgeCouponsAutoApply,msAutofillEdgeServiceRequest,msAutofillEnableEdgeSuggestions,msAutomaticTabFreeze,msBrowserSettingsSupported,msCoarseGeolocationService,msDataProtection,msDesktopMode,msDesktopRewards,msDisableVariationsSeedFetchThrottling,msEEProactiveHistory,msETFOffstoreExtensionFileDataCollection,msETFPasswordTheftDNRActionSignals,msEdgeAdPlatformUI,msEdgeAddWebCapturetoCollections,msEdgeAutofillShowDeployedPassword,msEdgeCaptureSelectionInPDF,msEdgeCloudConfigService,msEdgeCloudConfigServiceV2,msEdgeCohorts,msEdgeCollectionsPrismExperiment1,msEdgeCollectionsPrismOverallMigration,msEdgeComposeNext,msEdgeEnableNurturingFramework,msEdgeEnclavePrefsBasic,msEdgeEnclavePrefsNotification,msEdgeFaviconService,msEdgeHJTelemetry,msEdgeHubAppSkype,msEdgeImageEditorUI,msEdgeLinkDoctor,msEdgeMouseGestureDefaultEnabled,msEdgeMouseGestureSupported,msEdgeNewDeviceFre,msEdgeOnRampFRE,msEdgeOnRampImport,msEdgePDFCMHighlightUX,msEdgePasswordIris,msEdgePasswordIrisSaveBubble,msEdgeProngPersonalization,msEdgeReadingView,msEdgeRose,msEdgeScreenshotUI,msEdgeSendTabToSelf,msEdgeSettingsImport,msEdgeSettingsImportV2,msEdgeShoppingPersistentStorage,msEdgeShoppingUI,msEdgeSmartFind,msEdgeSuperDragDefaultEnabled,msEdgeSuperDragDropSupported,msEdgeTipping,msEdgeTranslate,msEdgeUseCaptivePortalService,msEdgeWebCapture,msEdgeWebCaptureUniformExperience,msEdgeWebContentFilteringFeedback,msEdgeWorkSearchBanner,msEnableCustomJobMemoryLimitsOnXbox,msEnableMIPForPDF,msEnablePdfUpsell,msEnableThirdPartyScanning,msEnableWebSignInCta,msEnableWebToBrowserSignIn,msEndpointDlp,msEnhancedTrackingPreventionEnabled,msEntityExtraction,msExtensionTelemetryFramework,msExternalTaskManager,msFileSystemAccessDirectoryIterationBlocklistCheck,msForceBrowserSignIn,msForeignSessionsPage,msGeolocationAccessService,msGeolocationOSLocationPermissionFallback,msGeolocationSQMService,msGeolocationService,msGrowthInfraLaunchSourceLogging,msGuidedSwitchAllowed,msHubPinPersist,msImplicitSignin,msIrm,msIrmv2,msKlarnaVirtualCard,msLlmConsumerDlpPurview,msLoadStatistics,msLogIsEdgePinnedToTaskbarOnLaunch,msMIPCrossTenantPdfViewSupport,msMdatpWebSiteDlp,msNotificationPermissionForPWA,msNumberOfSitesToPin,msNurturingSitePinningWithWindowsConsent,msOnHoverSearchInSidebar,msOpenOfficeDocumentsInWebViewer,msPasswordBreachDetection,msPdfAnnotationsVisibility,msPdfDataRecovery,msPdfDigitalSignatureRead,msPdfFreeText,msPdfFreeTextForCJK,msPdfHighlightMode,msPdfInking,msPdfKeyphraseSupport,msPdfOOUI,msPdfPopupMarkerRenderer,msPdfShare,msPdfSharedLibrary,msPdfTextNote,msPdfTextNoteMoreMenu,msPdfThumbnailCache,msPdfUnderside,msPdfViewRestore,msPersonalizationUMA,msPriceComparison,msPromptDefaultHandlerForPDF,msReactiveSearch,msReadAloud,msReadAloudPdf,msRedirectToShoreline,msRevokeExtensions,msSaasDlp,msShoppingTrigger,msShorelineSearch,msShorelineSearchFindOnPageWebUI,msShowOfflineGameEntrance,msShowReadAloudIconInAddressBar,msShowUXForAADPrtSSOForNonAADProfile,msSitePinningWithoutUi,msSuspendMessageForNewSessionWhenHavingPendingNavigation,msSyncEdgeCollections,msTabResourceStats,msTokenizationAutofillInlineEnabled,msTouchMode,msTriggeringSignalGenerator,msUserUnderstanding,msVideoSuperResolutionUI,msWalletBuyNow,msWalletCheckout,msWalletDiagnosticDataLogger,msWalletHubEntry,msWalletHubIntlP3,msWalletPartialCard,msWalletPasswordCategorization,msWalletPasswordCategorizationPlatformExpansion,msWalletTokenizationCardMetadata,msWalletTokenizedAutofill,msWebAssist,msWebAssistHistorySearchService,msWebOOUI,msWindowsUserActivities,msZipPayVirtualCard --variations-seed-version --mojo-platform-channel-handle=1848 /prefetch:2 /pfhostedapp:aac61e14bd51d94c225dc7a3b9c25d8a2f9d4d71 PATH: C:\Program Files (x86)\Microsoft\EdgeWebView\Application\138.0.3351.77\msedgewebview2.exe
20250710T15:08:58Z STORRENTI LOKI: Notice: MODULE: ProcessScan MESSAGE: PE-Sieve reported patched process PID: 23808 NAME: msedgewebview2.exe OWNER: torrs CMD: "C:\Program Files (x86)\Microsoft\EdgeWebView\Application\138.0.3351.77\msedgewebview2.exe" --type=gpu-process --noerrdialogs --user-data-dir="C:\Users\torrs\AppData\Local\Packages\MSTeams_8wekyb3d8bbwe\LocalCache\Microsoft\MSTeams\EBWebView" --webview-exe-name=ms-teams.exe --webview-exe-version=25163.3611.3774.6315 --embedded-browser-webview=1 --embedded-browser-webview-dpi-awareness=2 --no-pre-read-main-dll --gpu-preferences=UAAAAAAAAADgAAAEAAAAAAAAAAAAAAAAAABgAAEAAAAAAAAAAAAAAAAAAAACAAAAAAAAAAAAAAAAAAAAAAAAABAAAAAAAAAAEAAAAAAAAAAIAAAAAAAAAAgAAAAAAAAA --always-read-main-dll --field-trial-handle=1868,i,1615443911623579210,4942058104913918929,262144 --enable-features=AutofillReplaceCachedWebElementsByRendererIds,ForceSWDCompWhenDCompFallbackRequired,PartitionedCookies,PreferredAudioOutputDevices,SharedArrayBuffer,ThirdPartyStoragePartitioning,msAbydos,msAbydosGestureSupport,msAbydosHandwritingAttr,msAggressiveCacheTrimming,msCustomDataPartition,msSingleSignOnOSForPrimaryAccountIsShared,msWebView2EnableDraggableRegions,msWebView2NoTabForScreenShare,msWebView2SetUserAgentOverrideOnIframes,msWebView2TerminateServiceWorkerWhenIdleIgnoringCdpSessions,msWebView2TextureStream,msWindowsTaskManager --disable-features=BackForwardCache,BackgroundTabLoadingFromPerformanceManager,BreakoutBoxPreferCaptureTimestampInVideoFrames,CloseOmniboxPopupOnInactiveAreaClick,CollectAVProductsInfo,CollectCodeIntegrityInfo,EnableHangWatcher,FilterAdsOnAbusiveSites,GetWifiProtocol,LoginDetection,PreconnectToSearch,SafetyHub,SegmentationPlatform,SpareRendererForSitePerProcess,Ukm,WebPayments,msAITrackerClassification,msAbydosForWindowlessWV2,msAffirmVirtualCard,msAllowChromeWebstore,msAllowMSAPrtSSOForNonMSAProfile,msApplicationGuard,msAskBeforeClosingMultipleTabs,msAutoToggleAADPrtSSOForNonAADProfile,msAutofillEdgeCoupons,msAutofillEdgeCouponsAutoApply,msAutofillEdgeServiceRequest,msAutofillEnableEdgeSuggestions,msAutomaticTabFreeze,msBrowserSettingsSupported,msCoarseGeolocationService,msDataProtection,msDesktopMode,msDesktopRewards,msDisableVariationsSeedFetchThrottling,msEEProactiveHistory,msETFOffstoreExtensionFileDataCollection,msETFPasswordTheftDNRActionSignals,msEdgeAdPlatformUI,msEdgeAddWebCapturetoCollections,msEdgeAutofillShowDeployedPassword,msEdgeCaptureSelectionInPDF,msEdgeCloudConfigService,msEdgeCloudConfigServiceV2,msEdgeCohorts,msEdgeCollectionsPrismExperiment1,msEdgeCollectionsPrismOverallMigration,msEdgeComposeNext,msEdgeEnableNurturingFramework,msEdgeEnclavePrefsBasic,msEdgeEnclavePrefsNotification,msEdgeFaviconService,msEdgeHJTelemetry,msEdgeHubAppSkype,msEdgeImageEditorUI,msEdgeLinkDoctor,msEdgeMouseGestureDefaultEnabled,msEdgeMouseGestureSupported,msEdgeNewDeviceFre,msEdgeOnRampFRE,msEdgeOnRampImport,msEdgePDFCMHighlightUX,msEdgePasswordIris,msEdgePasswordIrisSaveBubble,msEdgeProngPersonalization,msEdgeReadingView,msEdgeRose,msEdgeScreenshotUI,msEdgeSendTabToSelf,msEdgeSettingsImport,msEdgeSettingsImportV2,msEdgeShoppingPersistentStorage,msEdgeShoppingUI,msEdgeSmartFind,msEdgeSuperDragDefaultEnabled,msEdgeSuperDragDropSupported,msEdgeTipping,msEdgeTranslate,msEdgeUseCaptivePortalService,msEdgeWebCapture,msEdgeWebCaptureUniformExperience,msEdgeWebContentFilteringFeedback,msEdgeWorkSearchBanner,msEnableCustomJobMemoryLimitsOnXbox,msEnableMIPForPDF,msEnablePdfUpsell,msEnableThirdPartyScanning,msEnableWebSignInCta,msEnableWebToBrowserSignIn,msEndpointDlp,msEnhancedTrackingPreventionEnabled,msEntityExtraction,msExtensionTelemetryFramework,msExternalTaskManager,msFileSystemAccessDirectoryIterationBlocklistCheck,msForceBrowserSignIn,msForeignSessionsPage,msGeolocationAccessService,msGeolocationOSLocationPermissionFallback,msGeolocationSQMService,msGeolocationService,msGrowthInfraLaunchSourceLogging,msGuidedSwitchAllowed,msHubPinPersist,msImplicitSignin,msIrm,msIrmv2,msKlarnaVirtualCard,msLlmConsumerDlpPurview,msLoadStatistics,msLogIsEdgePinnedToTaskbarOnLaunch,msMIPCrossTenantPdfViewSupport,msMdatpWebSiteDlp,msNotificationPermissionForPWA,msNumberOfSitesToPin,msNurturingSitePinningWithWindowsConsent,msOnHoverSearchInSidebar,msOpenOfficeDocumentsInWebViewer,msPasswordBreachDetection,msPdfAnnotationsVisibility,msPdfDataRecovery,msPdfDigitalSignatureRead,msPdfFreeText,msPdfFreeTextForCJK,msPdfHighlightMode,msPdfInking,msPdfKeyphraseSupport,msPdfOOUI,msPdfPopupMarkerRenderer,msPdfShare,msPdfSharedLibrary,msPdfTextNote,msPdfTextNoteMoreMenu,msPdfThumbnailCache,msPdfUnderside,msPdfViewRestore,msPersonalizationUMA,msPriceComparison,msPromptDefaultHandlerForPDF,msReactiveSearch,msReadAloud,msReadAloudPdf,msRedirectToShoreline,msRevokeExtensions,msSaasDlp,msShoppingTrigger,msShorelineSearch,msShorelineSearchFindOnPageWebUI,msShowOfflineGameEntrance,msShowReadAloudIconInAddressBar,msShowUXForAADPrtSSOForNonAADProfile,msSitePinningWithoutUi,msSuspendMessageForNewSessionWhenHavingPendingNavigation,msSyncEdgeCollections,msTabResourceStats,msTokenizationAutofillInlineEnabled,msTouchMode,msTriggeringSignalGenerator,msUserUnderstanding,msVideoSuperResolutionUI,msWalletBuyNow,msWalletCheckout,msWalletDiagnosticDataLogger,msWalletHubEntry,msWalletHubIntlP3,msWalletPartialCard,msWalletPasswordCategorization,msWalletPasswordCategorizationPlatformExpansion,msWalletTokenizationCardMetadata,msWalletTokenizedAutofill,msWebAssist,msWebAssistHistorySearchService,msWebOOUI,msWindowsUserActivities,msZipPayVirtualCard --variations-seed-version --mojo-platform-channel-handle=1848 /prefetch:2 /pfhostedapp:aac61e14bd51d94c225dc7a3b9c25d8a2f9d4d71 PATH: C:\Program Files (x86)\Microsoft\EdgeWebView\Application\138.0.3351.77\msedgewebview2.exe PATCHED: 1
20250710T15:08:58Z STORRENTI LOKI: Info: MODULE: ProcessScan MESSAGE: Scanning Process PID: 27320 NAME: msedgewebview2.exe OWNER: torrs CMD: "C:\Program Files (x86)\Microsoft\EdgeWebView\Application\138.0.3351.77\msedgewebview2.exe" --type=utility --utility-sub-type=network.mojom.NetworkService --lang=fr --service-sandbox-type=none --noerrdialogs --user-data-dir="C:\Users\torrs\AppData\Local\Packages\MSTeams_8wekyb3d8bbwe\LocalCache\Microsoft\MSTeams\EBWebView" --webview-exe-name=ms-teams.exe --webview-exe-version=25163.3611.3774.6315 --embedded-browser-webview=1 --embedded-browser-webview-dpi-awareness=2 --no-pre-read-main-dll --always-read-main-dll --field-trial-handle=1868,i,1615443911623579210,4942058104913918929,262144 --enable-features=AutofillReplaceCachedWebElementsByRendererIds,ForceSWDCompWhenDCompFallbackRequired,PartitionedCookies,PreferredAudioOutputDevices,SharedArrayBuffer,ThirdPartyStoragePartitioning,msAbydos,msAbydosGestureSupport,msAbydosHandwritingAttr,msAggressiveCacheTrimming,msCustomDataPartition,msSingleSignOnOSForPrimaryAccountIsShared,msWebView2EnableDraggableRegions,msWebView2NoTabForScreenShare,msWebView2SetUserAgentOverrideOnIframes,msWebView2TerminateServiceWorkerWhenIdleIgnoringCdpSessions,msWebView2TextureStream,msWindowsTaskManager --disable-features=BackForwardCache,BackgroundTabLoadingFromPerformanceManager,BreakoutBoxPreferCaptureTimestampInVideoFrames,CloseOmniboxPopupOnInactiveAreaClick,CollectAVProductsInfo,CollectCodeIntegrityInfo,EnableHangWatcher,FilterAdsOnAbusiveSites,GetWifiProtocol,LoginDetection,PreconnectToSearch,SafetyHub,SegmentationPlatform,SpareRendererForSitePerProcess,Ukm,WebPayments,msAITrackerClassification,msAbydosForWindowlessWV2,msAffirmVirtualCard,msAllowChromeWebstore,msAllowMSAPrtSSOForNonMSAProfile,msApplicationGuard,msAskBeforeClosingMultipleTabs,msAutoToggleAADPrtSSOForNonAADProfile,msAutofillEdgeCoupons,msAutofillEdgeCouponsAutoApply,msAutofillEdgeServiceRequest,msAutofillEnableEdgeSuggestions,msAutomaticTabFreeze,msBrowserSettingsSupported,msCoarseGeolocationService,msDataProtection,msDesktopMode,msDesktopRewards,msDisableVariationsSeedFetchThrottling,msEEProactiveHistory,msETFOffstoreExtensionFileDataCollection,msETFPasswordTheftDNRActionSignals,msEdgeAdPlatformUI,msEdgeAddWebCapturetoCollections,msEdgeAutofillShowDeployedPassword,msEdgeCaptureSelectionInPDF,msEdgeCloudConfigService,msEdgeCloudConfigServiceV2,msEdgeCohorts,msEdgeCollectionsPrismExperiment1,msEdgeCollectionsPrismOverallMigration,msEdgeComposeNext,msEdgeEnableNurturingFramework,msEdgeEnclavePrefsBasic,msEdgeEnclavePrefsNotification,msEdgeFaviconService,msEdgeHJTelemetry,msEdgeHubAppSkype,msEdgeImageEditorUI,msEdgeLinkDoctor,msEdgeMouseGestureDefaultEnabled,msEdgeMouseGestureSupported,msEdgeNewDeviceFre,msEdgeOnRampFRE,msEdgeOnRampImport,msEdgePDFCMHighlightUX,msEdgePasswordIris,msEdgePasswordIrisSaveBubble,msEdgeProngPersonalization,msEdgeReadingView,msEdgeRose,msEdgeScreenshotUI,msEdgeSendTabToSelf,msEdgeSettingsImport,msEdgeSettingsImportV2,msEdgeShoppingPersistentStorage,msEdgeShoppingUI,msEdgeSmartFind,msEdgeSuperDragDefaultEnabled,msEdgeSuperDragDropSupported,msEdgeTipping,msEdgeTranslate,msEdgeUseCaptivePortalService,msEdgeWebCapture,msEdgeWebCaptureUniformExperience,msEdgeWebContentFilteringFeedback,msEdgeWorkSearchBanner,msEnableCustomJobMemoryLimitsOnXbox,msEnableMIPForPDF,msEnablePdfUpsell,msEnableThirdPartyScanning,msEnableWebSignInCta,msEnableWebToBrowserSignIn,msEndpointDlp,msEnhancedTrackingPreventionEnabled,msEntityExtraction,msExtensionTelemetryFramework,msExternalTaskManager,msFileSystemAccessDirectoryIterationBlocklistCheck,msForceBrowserSignIn,msForeignSessionsPage,msGeolocationAccessService,msGeolocationOSLocationPermissionFallback,msGeolocationSQMService,msGeolocationService,msGrowthInfraLaunchSourceLogging,msGuidedSwitchAllowed,msHubPinPersist,msImplicitSignin,msIrm,msIrmv2,msKlarnaVirtualCard,msLlmConsumerDlpPurview,msLoadStatistics,msLogIsEdgePinnedToTaskbarOnLaunch,msMIPCrossTenantPdfViewSupport,msMdatpWebSiteDlp,msNotificationPermissionForPWA,msNumberOfSitesToPin,msNurturingSitePinningWithWindowsConsent,msOnHoverSearchInSidebar,msOpenOfficeDocumentsInWebViewer,msPasswordBreachDetection,msPdfAnnotationsVisibility,msPdfDataRecovery,msPdfDigitalSignatureRead,msPdfFreeText,msPdfFreeTextForCJK,msPdfHighlightMode,msPdfInking,msPdfKeyphraseSupport,msPdfOOUI,msPdfPopupMarkerRenderer,msPdfShare,msPdfSharedLibrary,msPdfTextNote,msPdfTextNoteMoreMenu,msPdfThumbnailCache,msPdfUnderside,msPdfViewRestore,msPersonalizationUMA,msPriceComparison,msPromptDefaultHandlerForPDF,msReactiveSearch,msReadAloud,msReadAloudPdf,msRedirectToShoreline,msRevokeExtensions,msSaasDlp,msShoppingTrigger,msShorelineSearch,msShorelineSearchFindOnPageWebUI,msShowOfflineGameEntrance,msShowReadAloudIconInAddressBar,msShowUXForAADPrtSSOForNonAADProfile,msSitePinningWithoutUi,msSuspendMessageForNewSessionWhenHavingPendingNavigation,msSyncEdgeCollections,msTabResourceStats,msTokenizationAutofillInlineEnabled,msTouchMode,msTriggeringSignalGenerator,msUserUnderstanding,msVideoSuperResolutionUI,msWalletBuyNow,msWalletCheckout,msWalletDiagnosticDataLogger,msWalletHubEntry,msWalletHubIntlP3,msWalletPartialCard,msWalletPasswordCategorization,msWalletPasswordCategorizationPlatformExpansion,msWalletTokenizationCardMetadata,msWalletTokenizedAutofill,msWebAssist,msWebAssistHistorySearchService,msWebOOUI,msWindowsUserActivities,msZipPayVirtualCard --variations-seed-version --mojo-platform-channel-handle=1988 /prefetch:11 /pfhostedapp:aac61e14bd51d94c225dc7a3b9c25d8a2f9d4d71 PATH: C:\Program Files (x86)\Microsoft\EdgeWebView\Application\138.0.3351.77\msedgewebview2.exe
20250710T15:08:58Z STORRENTI LOKI: Info: MODULE: ProcessScan MESSAGE: PE-Sieve reported no anomalies PID: 27320 NAME: msedgewebview2.exe OWNER: torrs CMD: "C:\Program Files (x86)\Microsoft\EdgeWebView\Application\138.0.3351.77\msedgewebview2.exe" --type=utility --utility-sub-type=network.mojom.NetworkService --lang=fr --service-sandbox-type=none --noerrdialogs --user-data-dir="C:\Users\torrs\AppData\Local\Packages\MSTeams_8wekyb3d8bbwe\LocalCache\Microsoft\MSTeams\EBWebView" --webview-exe-name=ms-teams.exe --webview-exe-version=25163.3611.3774.6315 --embedded-browser-webview=1 --embedded-browser-webview-dpi-awareness=2 --no-pre-read-main-dll --always-read-main-dll --field-trial-handle=1868,i,1615443911623579210,4942058104913918929,262144 --enable-features=AutofillReplaceCachedWebElementsByRendererIds,ForceSWDCompWhenDCompFallbackRequired,PartitionedCookies,PreferredAudioOutputDevices,SharedArrayBuffer,ThirdPartyStoragePartitioning,msAbydos,msAbydosGestureSupport,msAbydosHandwritingAttr,msAggressiveCacheTrimming,msCustomDataPartition,msSingleSignOnOSForPrimaryAccountIsShared,msWebView2EnableDraggableRegions,msWebView2NoTabForScreenShare,msWebView2SetUserAgentOverrideOnIframes,msWebView2TerminateServiceWorkerWhenIdleIgnoringCdpSessions,msWebView2TextureStream,msWindowsTaskManager --disable-features=BackForwardCache,BackgroundTabLoadingFromPerformanceManager,BreakoutBoxPreferCaptureTimestampInVideoFrames,CloseOmniboxPopupOnInactiveAreaClick,CollectAVProductsInfo,CollectCodeIntegrityInfo,EnableHangWatcher,FilterAdsOnAbusiveSites,GetWifiProtocol,LoginDetection,PreconnectToSearch,SafetyHub,SegmentationPlatform,SpareRendererForSitePerProcess,Ukm,WebPayments,msAITrackerClassification,msAbydosForWindowlessWV2,msAffirmVirtualCard,msAllowChromeWebstore,msAllowMSAPrtSSOForNonMSAProfile,msApplicationGuard,msAskBeforeClosingMultipleTabs,msAutoToggleAADPrtSSOForNonAADProfile,msAutofillEdgeCoupons,msAutofillEdgeCouponsAutoApply,msAutofillEdgeServiceRequest,msAutofillEnableEdgeSuggestions,msAutomaticTabFreeze,msBrowserSettingsSupported,msCoarseGeolocationService,msDataProtection,msDesktopMode,msDesktopRewards,msDisableVariationsSeedFetchThrottling,msEEProactiveHistory,msETFOffstoreExtensionFileDataCollection,msETFPasswordTheftDNRActionSignals,msEdgeAdPlatformUI,msEdgeAddWebCapturetoCollections,msEdgeAutofillShowDeployedPassword,msEdgeCaptureSelectionInPDF,msEdgeCloudConfigService,msEdgeCloudConfigServiceV2,msEdgeCohorts,msEdgeCollectionsPrismExperiment1,msEdgeCollectionsPrismOverallMigration,msEdgeComposeNext,msEdgeEnableNurturingFramework,msEdgeEnclavePrefsBasic,msEdgeEnclavePrefsNotification,msEdgeFaviconService,msEdgeHJTelemetry,msEdgeHubAppSkype,msEdgeImageEditorUI,msEdgeLinkDoctor,msEdgeMouseGestureDefaultEnabled,msEdgeMouseGestureSupported,msEdgeNewDeviceFre,msEdgeOnRampFRE,msEdgeOnRampImport,msEdgePDFCMHighlightUX,msEdgePasswordIris,msEdgePasswordIrisSaveBubble,msEdgeProngPersonalization,msEdgeReadingView,msEdgeRose,msEdgeScreenshotUI,msEdgeSendTabToSelf,msEdgeSettingsImport,msEdgeSettingsImportV2,msEdgeShoppingPersistentStorage,msEdgeShoppingUI,msEdgeSmartFind,msEdgeSuperDragDefaultEnabled,msEdgeSuperDragDropSupported,msEdgeTipping,msEdgeTranslate,msEdgeUseCaptivePortalService,msEdgeWebCapture,msEdgeWebCaptureUniformExperience,msEdgeWebContentFilteringFeedback,msEdgeWorkSearchBanner,msEnableCustomJobMemoryLimitsOnXbox,msEnableMIPForPDF,msEnablePdfUpsell,msEnableThirdPartyScanning,msEnableWebSignInCta,msEnableWebToBrowserSignIn,msEndpointDlp,msEnhancedTrackingPreventionEnabled,msEntityExtraction,msExtensionTelemetryFramework,msExternalTaskManager,msFileSystemAccessDirectoryIterationBlocklistCheck,msForceBrowserSignIn,msForeignSessionsPage,msGeolocationAccessService,msGeolocationOSLocationPermissionFallback,msGeolocationSQMService,msGeolocationService,msGrowthInfraLaunchSourceLogging,msGuidedSwitchAllowed,msHubPinPersist,msImplicitSignin,msIrm,msIrmv2,msKlarnaVirtualCard,msLlmConsumerDlpPurview,msLoadStatistics,msLogIsEdgePinnedToTaskbarOnLaunch,msMIPCrossTenantPdfViewSupport,msMdatpWebSiteDlp,msNotificationPermissionForPWA,msNumberOfSitesToPin,msNurturingSitePinningWithWindowsConsent,msOnHoverSearchInSidebar,msOpenOfficeDocumentsInWebViewer,msPasswordBreachDetection,msPdfAnnotationsVisibility,msPdfDataRecovery,msPdfDigitalSignatureRead,msPdfFreeText,msPdfFreeTextForCJK,msPdfHighlightMode,msPdfInking,msPdfKeyphraseSupport,msPdfOOUI,msPdfPopupMarkerRenderer,msPdfShare,msPdfSharedLibrary,msPdfTextNote,msPdfTextNoteMoreMenu,msPdfThumbnailCache,msPdfUnderside,msPdfViewRestore,msPersonalizationUMA,msPriceComparison,msPromptDefaultHandlerForPDF,msReactiveSearch,msReadAloud,msReadAloudPdf,msRedirectToShoreline,msRevokeExtensions,msSaasDlp,msShoppingTrigger,msShorelineSearch,msShorelineSearchFindOnPageWebUI,msShowOfflineGameEntrance,msShowReadAloudIconInAddressBar,msShowUXForAADPrtSSOForNonAADProfile,msSitePinningWithoutUi,msSuspendMessageForNewSessionWhenHavingPendingNavigation,msSyncEdgeCollections,msTabResourceStats,msTokenizationAutofillInlineEnabled,msTouchMode,msTriggeringSignalGenerator,msUserUnderstanding,msVideoSuperResolutionUI,msWalletBuyNow,msWalletCheckout,msWalletDiagnosticDataLogger,msWalletHubEntry,msWalletHubIntlP3,msWalletPartialCard,msWalletPasswordCategorization,msWalletPasswordCategorizationPlatformExpansion,msWalletTokenizationCardMetadata,msWalletTokenizedAutofill,msWebAssist,msWebAssistHistorySearchService,msWebOOUI,msWindowsUserActivities,msZipPayVirtualCard --variations-seed-version --mojo-platform-channel-handle=1988 /prefetch:11 /pfhostedapp:aac61e14bd51d94c225dc7a3b9c25d8a2f9d4d71 PATH: C:\Program Files (x86)\Microsoft\EdgeWebView\Application\138.0.3351.77\msedgewebview2.exe
20250710T15:08:58Z STORRENTI LOKI: Notice: MODULE: ProcessScan MESSAGE: Established connection PID: 27320 NAME: msedgewebview2.exe COMMAND: "C:\Program Files (x86)\Microsoft\EdgeWebView\Application\138.0.3351.77\msedgewebview2.exe" --type=utility --utility-sub-type=network.mojom.NetworkService --lang=fr --service-sandbox-type=none --noerrdialogs --user-data-dir="C:\Users\torrs\AppData\Local\Packages\MSTeams_8wekyb3d8bbwe\LocalCache\Microsoft\MSTeams\EBWebView" --webview-exe-name=ms-teams.exe --webview-exe-version=25163.3611.3774.6315 --embedded-browser-webview=1 --embedded-browser-webview-dpi-awareness=2 --no-pre-read-main-dll --always-read-main-dll --field-trial-handle=1868,i,1615443911623579210,4942058104913918929,262144 --enable-features=AutofillReplaceCachedWebElementsByRendererIds,ForceSWDCompWhenDCompFallbackRequired,PartitionedCookies,PreferredAudioOutputDevices,SharedArrayBuffer,ThirdPartyStoragePartitioning,msAbydos,msAbydosGestureSupport,msAbydosHandwritingAttr,msAggressiveCacheTrimming,msCustomDataPartition,msSingleSignOnOSForPrimaryAccountIsShared,msWebView2EnableDraggableRegions,msWebView2NoTabForScreenShare,msWebView2SetUserAgentOverrideOnIframes,msWebView2TerminateServiceWorkerWhenIdleIgnoringCdpSessions,msWebView2TextureStream,msWindowsTaskManager --disable-features=BackForwardCache,BackgroundTabLoadingFromPerformanceManager,BreakoutBoxPreferCaptureTimestampInVideoFrames,CloseOmniboxPopupOnInactiveAreaClick,CollectAVProductsInfo,CollectCodeIntegrityInfo,EnableHangWatcher,FilterAdsOnAbusiveSites,GetWifiProtocol,LoginDetection,PreconnectToSearch,SafetyHub,SegmentationPlatform,SpareRendererForSitePerProcess,Ukm,WebPayments,msAITrackerClassification,msAbydosForWindowlessWV2,msAffirmVirtualCard,msAllowChromeWebstore,msAllowMSAPrtSSOForNonMSAProfile,msApplicationGuard,msAskBeforeClosingMultipleTabs,msAutoToggleAADPrtSSOForNonAADProfile,msAutofillEdgeCoupons,msAutofillEdgeCouponsAutoApply,msAutofillEdgeServiceRequest,msAutofillEnableEdgeSuggestions,msAutomaticTabFreeze,msBrowserSettingsSupported,msCoarseGeolocationService,msDataProtection,msDesktopMode,msDesktopRewards,msDisableVariationsSeedFetchThrottling,msEEProactiveHistory,msETFOffstoreExtensionFileDataCollection,msETFPasswordTheftDNRActionSignals,msEdgeAdPlatformUI,msEdgeAddWebCapturetoCollections,msEdgeAutofillShowDeployedPassword,msEdgeCaptureSelectionInPDF,msEdgeCloudConfigService,msEdgeCloudConfigServiceV2,msEdgeCohorts,msEdgeCollectionsPrismExperiment1,msEdgeCollectionsPrismOverallMigration,msEdgeComposeNext,msEdgeEnableNurturingFramework,msEdgeEnclavePrefsBasic,msEdgeEnclavePrefsNotification,msEdgeFaviconService,msEdgeHJTelemetry,msEdgeHubAppSkype,msEdgeImageEditorUI,msEdgeLinkDoctor,msEdgeMouseGestureDefaultEnabled,msEdgeMouseGestureSupported,msEdgeNewDeviceFre,msEdgeOnRampFRE,msEdgeOnRampImport,msEdgePDFCMHighlightUX,msEdgePasswordIris,msEdgePasswordIrisSaveBubble,msEdgeProngPersonalization,msEdgeReadingView,msEdgeRose,msEdgeScreenshotUI,msEdgeSendTabToSelf,msEdgeSettingsImport,msEdgeSettingsImportV2,msEdgeShoppingPersistentStorage,msEdgeShoppingUI,msEdgeSmartFind,msEdgeSuperDragDefaultEnabled,msEdgeSuperDragDropSupported,msEdgeTipping,msEdgeTranslate,msEdgeUseCaptivePortalService,msEdgeWebCapture,msEdgeWebCaptureUniformExperience,msEdgeWebContentFilteringFeedback,msEdgeWorkSearchBanner,msEnableCustomJobMemoryLimitsOnXbox,msEnableMIPForPDF,msEnablePdfUpsell,msEnableThirdPartyScanning,msEnableWebSignInCta,msEnableWebToBrowserSignIn,msEndpointDlp,msEnhancedTrackingPreventionEnabled,msEntityExtraction,msExtensionTelemetryFramework,msExternalTaskManager,msFileSystemAccessDirectoryIterationBlocklistCheck,msForceBrowserSignIn,msForeignSessionsPage,msGeolocationAccessService,msGeolocationOSLocationPermissionFallback,msGeolocationSQMService,msGeolocationService,msGrowthInfraLaunchSourceLogging,msGuidedSwitchAllowed,msHubPinPersist,msImplicitSignin,msIrm,msIrmv2,msKlarnaVirtualCard,msLlmConsumerDlpPurview,msLoadStatistics,msLogIsEdgePinnedToTaskbarOnLaunch,msMIPCrossTenantPdfViewSupport,msMdatpWebSiteDlp,msNotificationPermissionForPWA,msNumberOfSitesToPin,msNurturingSitePinningWithWindowsConsent,msOnHoverSearchInSidebar,msOpenOfficeDocumentsInWebViewer,msPasswordBreachDetection,msPdfAnnotationsVisibility,msPdfDataRecovery,msPdfDigitalSignatureRead,msPdfFreeText,msPdfFreeTextForCJK,msPdfHighlightMode,msPdfInking,msPdfKeyphraseSupport,msPdfOOUI,msPdfPopupMarkerRenderer,msPdfShare,msPdfSharedLibrary,msPdfTextNote,msPdfTextNoteMoreMenu,msPdfThumbnailCache,msPdfUnderside,msPdfViewRestore,msPersonalizationUMA,msPriceComparison,msPromptDefaultHandlerForPDF,msReactiveSearch,msReadAloud,msReadAloudPdf,msRedirectToShoreline,msRevokeExtensions,msSaasDlp,msShoppingTrigger,msShorelineSearch,msShorelineSearchFindOnPageWebUI,msShowOfflineGameEntrance,msShowReadAloudIconInAddressBar,msShowUXForAADPrtSSOForNonAADProfile,msSitePinningWithoutUi,msSuspendMessageForNewSessionWhenHavingPendingNavigation,msSyncEdgeCollections,msTabResourceStats,msTokenizationAutofillInlineEnabled,msTouchMode,msTriggeringSignalGenerator,msUserUnderstanding,msVideoSuperResolutionUI,msWalletBuyNow,msWalletCheckout,msWalletDiagnosticDataLogger,msWalletHubEntry,msWalletHubIntlP3,msWalletPartialCard,msWalletPasswordCategorization,msWalletPasswordCategorizationPlatformExpansion,msWalletTokenizationCardMetadata,msWalletTokenizedAutofill,msWebAssist,msWebAssistHistorySearchService,msWebOOUI,msWindowsUserActivities,msZipPayVirtualCard --variations-seed-version --mojo-platform-channel-handle=1988 /prefetch:11 /pfhostedapp:aac61e14bd51d94c225dc7a3b9c25d8a2f9d4d71 LIP: 172.31.200.207 LPORT: 54047 RIP: 52.111.236.31 RPORT: 443
20250710T15:08:58Z STORRENTI LOKI: Notice: MODULE: ProcessScan MESSAGE: Established connection PID: 27320 NAME: msedgewebview2.exe COMMAND: "C:\Program Files (x86)\Microsoft\EdgeWebView\Application\138.0.3351.77\msedgewebview2.exe" --type=utility --utility-sub-type=network.mojom.NetworkService --lang=fr --service-sandbox-type=none --noerrdialogs --user-data-dir="C:\Users\torrs\AppData\Local\Packages\MSTeams_8wekyb3d8bbwe\LocalCache\Microsoft\MSTeams\EBWebView" --webview-exe-name=ms-teams.exe --webview-exe-version=25163.3611.3774.6315 --embedded-browser-webview=1 --embedded-browser-webview-dpi-awareness=2 --no-pre-read-main-dll --always-read-main-dll --field-trial-handle=1868,i,1615443911623579210,4942058104913918929,262144 --enable-features=AutofillReplaceCachedWebElementsByRendererIds,ForceSWDCompWhenDCompFallbackRequired,PartitionedCookies,PreferredAudioOutputDevices,SharedArrayBuffer,ThirdPartyStoragePartitioning,msAbydos,msAbydosGestureSupport,msAbydosHandwritingAttr,msAggressiveCacheTrimming,msCustomDataPartition,msSingleSignOnOSForPrimaryAccountIsShared,msWebView2EnableDraggableRegions,msWebView2NoTabForScreenShare,msWebView2SetUserAgentOverrideOnIframes,msWebView2TerminateServiceWorkerWhenIdleIgnoringCdpSessions,msWebView2TextureStream,msWindowsTaskManager --disable-features=BackForwardCache,BackgroundTabLoadingFromPerformanceManager,BreakoutBoxPreferCaptureTimestampInVideoFrames,CloseOmniboxPopupOnInactiveAreaClick,CollectAVProductsInfo,CollectCodeIntegrityInfo,EnableHangWatcher,FilterAdsOnAbusiveSites,GetWifiProtocol,LoginDetection,PreconnectToSearch,SafetyHub,SegmentationPlatform,SpareRendererForSitePerProcess,Ukm,WebPayments,msAITrackerClassification,msAbydosForWindowlessWV2,msAffirmVirtualCard,msAllowChromeWebstore,msAllowMSAPrtSSOForNonMSAProfile,msApplicationGuard,msAskBeforeClosingMultipleTabs,msAutoToggleAADPrtSSOForNonAADProfile,msAutofillEdgeCoupons,msAutofillEdgeCouponsAutoApply,msAutofillEdgeServiceRequest,msAutofillEnableEdgeSuggestions,msAutomaticTabFreeze,msBrowserSettingsSupported,msCoarseGeolocationService,msDataProtection,msDesktopMode,msDesktopRewards,msDisableVariationsSeedFetchThrottling,msEEProactiveHistory,msETFOffstoreExtensionFileDataCollection,msETFPasswordTheftDNRActionSignals,msEdgeAdPlatformUI,msEdgeAddWebCapturetoCollections,msEdgeAutofillShowDeployedPassword,msEdgeCaptureSelectionInPDF,msEdgeCloudConfigService,msEdgeCloudConfigServiceV2,msEdgeCohorts,msEdgeCollectionsPrismExperiment1,msEdgeCollectionsPrismOverallMigration,msEdgeComposeNext,msEdgeEnableNurturingFramework,msEdgeEnclavePrefsBasic,msEdgeEnclavePrefsNotification,msEdgeFaviconService,msEdgeHJTelemetry,msEdgeHubAppSkype,msEdgeImageEditorUI,msEdgeLinkDoctor,msEdgeMouseGestureDefaultEnabled,msEdgeMouseGestureSupported,msEdgeNewDeviceFre,msEdgeOnRampFRE,msEdgeOnRampImport,msEdgePDFCMHighlightUX,msEdgePasswordIris,msEdgePasswordIrisSaveBubble,msEdgeProngPersonalization,msEdgeReadingView,msEdgeRose,msEdgeScreenshotUI,msEdgeSendTabToSelf,msEdgeSettingsImport,msEdgeSettingsImportV2,msEdgeShoppingPersistentStorage,msEdgeShoppingUI,msEdgeSmartFind,msEdgeSuperDragDefaultEnabled,msEdgeSuperDragDropSupported,msEdgeTipping,msEdgeTranslate,msEdgeUseCaptivePortalService,msEdgeWebCapture,msEdgeWebCaptureUniformExperience,msEdgeWebContentFilteringFeedback,msEdgeWorkSearchBanner,msEnableCustomJobMemoryLimitsOnXbox,msEnableMIPForPDF,msEnablePdfUpsell,msEnableThirdPartyScanning,msEnableWebSignInCta,msEnableWebToBrowserSignIn,msEndpointDlp,msEnhancedTrackingPreventionEnabled,msEntityExtraction,msExtensionTelemetryFramework,msExternalTaskManager,msFileSystemAccessDirectoryIterationBlocklistCheck,msForceBrowserSignIn,msForeignSessionsPage,msGeolocationAccessService,msGeolocationOSLocationPermissionFallback,msGeolocationSQMService,msGeolocationService,msGrowthInfraLaunchSourceLogging,msGuidedSwitchAllowed,msHubPinPersist,msImplicitSignin,msIrm,msIrmv2,msKlarnaVirtualCard,msLlmConsumerDlpPurview,msLoadStatistics,msLogIsEdgePinnedToTaskbarOnLaunch,msMIPCrossTenantPdfViewSupport,msMdatpWebSiteDlp,msNotificationPermissionForPWA,msNumberOfSitesToPin,msNurturingSitePinningWithWindowsConsent,msOnHoverSearchInSidebar,msOpenOfficeDocumentsInWebViewer,msPasswordBreachDetection,msPdfAnnotationsVisibility,msPdfDataRecovery,msPdfDigitalSignatureRead,msPdfFreeText,msPdfFreeTextForCJK,msPdfHighlightMode,msPdfInking,msPdfKeyphraseSupport,msPdfOOUI,msPdfPopupMarkerRenderer,msPdfShare,msPdfSharedLibrary,msPdfTextNote,msPdfTextNoteMoreMenu,msPdfThumbnailCache,msPdfUnderside,msPdfViewRestore,msPersonalizationUMA,msPriceComparison,msPromptDefaultHandlerForPDF,msReactiveSearch,msReadAloud,msReadAloudPdf,msRedirectToShoreline,msRevokeExtensions,msSaasDlp,msShoppingTrigger,msShorelineSearch,msShorelineSearchFindOnPageWebUI,msShowOfflineGameEntrance,msShowReadAloudIconInAddressBar,msShowUXForAADPrtSSOForNonAADProfile,msSitePinningWithoutUi,msSuspendMessageForNewSessionWhenHavingPendingNavigation,msSyncEdgeCollections,msTabResourceStats,msTokenizationAutofillInlineEnabled,msTouchMode,msTriggeringSignalGenerator,msUserUnderstanding,msVideoSuperResolutionUI,msWalletBuyNow,msWalletCheckout,msWalletDiagnosticDataLogger,msWalletHubEntry,msWalletHubIntlP3,msWalletPartialCard,msWalletPasswordCategorization,msWalletPasswordCategorizationPlatformExpansion,msWalletTokenizationCardMetadata,msWalletTokenizedAutofill,msWebAssist,msWebAssistHistorySearchService,msWebOOUI,msWindowsUserActivities,msZipPayVirtualCard --variations-seed-version --mojo-platform-channel-handle=1988 /prefetch:11 /pfhostedapp:aac61e14bd51d94c225dc7a3b9c25d8a2f9d4d71 LIP: 172.31.200.207 LPORT: 54055 RIP: 52.109.68.37 RPORT: 443
20250710T15:08:58Z STORRENTI LOKI: Notice: MODULE: ProcessScan MESSAGE: Established connection PID: 27320 NAME: msedgewebview2.exe COMMAND: "C:\Program Files (x86)\Microsoft\EdgeWebView\Application\138.0.3351.77\msedgewebview2.exe" --type=utility --utility-sub-type=network.mojom.NetworkService --lang=fr --service-sandbox-type=none --noerrdialogs --user-data-dir="C:\Users\torrs\AppData\Local\Packages\MSTeams_8wekyb3d8bbwe\LocalCache\Microsoft\MSTeams\EBWebView" --webview-exe-name=ms-teams.exe --webview-exe-version=25163.3611.3774.6315 --embedded-browser-webview=1 --embedded-browser-webview-dpi-awareness=2 --no-pre-read-main-dll --always-read-main-dll --field-trial-handle=1868,i,1615443911623579210,4942058104913918929,262144 --enable-features=AutofillReplaceCachedWebElementsByRendererIds,ForceSWDCompWhenDCompFallbackRequired,PartitionedCookies,PreferredAudioOutputDevices,SharedArrayBuffer,ThirdPartyStoragePartitioning,msAbydos,msAbydosGestureSupport,msAbydosHandwritingAttr,msAggressiveCacheTrimming,msCustomDataPartition,msSingleSignOnOSForPrimaryAccountIsShared,msWebView2EnableDraggableRegions,msWebView2NoTabForScreenShare,msWebView2SetUserAgentOverrideOnIframes,msWebView2TerminateServiceWorkerWhenIdleIgnoringCdpSessions,msWebView2TextureStream,msWindowsTaskManager --disable-features=BackForwardCache,BackgroundTabLoadingFromPerformanceManager,BreakoutBoxPreferCaptureTimestampInVideoFrames,CloseOmniboxPopupOnInactiveAreaClick,CollectAVProductsInfo,CollectCodeIntegrityInfo,EnableHangWatcher,FilterAdsOnAbusiveSites,GetWifiProtocol,LoginDetection,PreconnectToSearch,SafetyHub,SegmentationPlatform,SpareRendererForSitePerProcess,Ukm,WebPayments,msAITrackerClassification,msAbydosForWindowlessWV2,msAffirmVirtualCard,msAllowChromeWebstore,msAllowMSAPrtSSOForNonMSAProfile,msApplicationGuard,msAskBeforeClosingMultipleTabs,msAutoToggleAADPrtSSOForNonAADProfile,msAutofillEdgeCoupons,msAutofillEdgeCouponsAutoApply,msAutofillEdgeServiceRequest,msAutofillEnableEdgeSuggestions,msAutomaticTabFreeze,msBrowserSettingsSupported,msCoarseGeolocationService,msDataProtection,msDesktopMode,msDesktopRewards,msDisableVariationsSeedFetchThrottling,msEEProactiveHistory,msETFOffstoreExtensionFileDataCollection,msETFPasswordTheftDNRActionSignals,msEdgeAdPlatformUI,msEdgeAddWebCapturetoCollections,msEdgeAutofillShowDeployedPassword,msEdgeCaptureSelectionInPDF,msEdgeCloudConfigService,msEdgeCloudConfigServiceV2,msEdgeCohorts,msEdgeCollectionsPrismExperiment1,msEdgeCollectionsPrismOverallMigration,msEdgeComposeNext,msEdgeEnableNurturingFramework,msEdgeEnclavePrefsBasic,msEdgeEnclavePrefsNotification,msEdgeFaviconService,msEdgeHJTelemetry,msEdgeHubAppSkype,msEdgeImageEditorUI,msEdgeLinkDoctor,msEdgeMouseGestureDefaultEnabled,msEdgeMouseGestureSupported,msEdgeNewDeviceFre,msEdgeOnRampFRE,msEdgeOnRampImport,msEdgePDFCMHighlightUX,msEdgePasswordIris,msEdgePasswordIrisSaveBubble,msEdgeProngPersonalization,msEdgeReadingView,msEdgeRose,msEdgeScreenshotUI,msEdgeSendTabToSelf,msEdgeSettingsImport,msEdgeSettingsImportV2,msEdgeShoppingPersistentStorage,msEdgeShoppingUI,msEdgeSmartFind,msEdgeSuperDragDefaultEnabled,msEdgeSuperDragDropSupported,msEdgeTipping,msEdgeTranslate,msEdgeUseCaptivePortalService,msEdgeWebCapture,msEdgeWebCaptureUniformExperience,msEdgeWebContentFilteringFeedback,msEdgeWorkSearchBanner,msEnableCustomJobMemoryLimitsOnXbox,msEnableMIPForPDF,msEnablePdfUpsell,msEnableThirdPartyScanning,msEnableWebSignInCta,msEnableWebToBrowserSignIn,msEndpointDlp,msEnhancedTrackingPreventionEnabled,msEntityExtraction,msExtensionTelemetryFramework,msExternalTaskManager,msFileSystemAccessDirectoryIterationBlocklistCheck,msForceBrowserSignIn,msForeignSessionsPage,msGeolocationAccessService,msGeolocationOSLocationPermissionFallback,msGeolocationSQMService,msGeolocationService,msGrowthInfraLaunchSourceLogging,msGuidedSwitchAllowed,msHubPinPersist,msImplicitSignin,msIrm,msIrmv2,msKlarnaVirtualCard,msLlmConsumerDlpPurview,msLoadStatistics,msLogIsEdgePinnedToTaskbarOnLaunch,msMIPCrossTenantPdfViewSupport,msMdatpWebSiteDlp,msNotificationPermissionForPWA,msNumberOfSitesToPin,msNurturingSitePinningWithWindowsConsent,msOnHoverSearchInSidebar,msOpenOfficeDocumentsInWebViewer,msPasswordBreachDetection,msPdfAnnotationsVisibility,msPdfDataRecovery,msPdfDigitalSignatureRead,msPdfFreeText,msPdfFreeTextForCJK,msPdfHighlightMode,msPdfInking,msPdfKeyphraseSupport,msPdfOOUI,msPdfPopupMarkerRenderer,msPdfShare,msPdfSharedLibrary,msPdfTextNote,msPdfTextNoteMoreMenu,msPdfThumbnailCache,msPdfUnderside,msPdfViewRestore,msPersonalizationUMA,msPriceComparison,msPromptDefaultHandlerForPDF,msReactiveSearch,msReadAloud,msReadAloudPdf,msRedirectToShoreline,msRevokeExtensions,msSaasDlp,msShoppingTrigger,msShorelineSearch,msShorelineSearchFindOnPageWebUI,msShowOfflineGameEntrance,msShowReadAloudIconInAddressBar,msShowUXForAADPrtSSOForNonAADProfile,msSitePinningWithoutUi,msSuspendMessageForNewSessionWhenHavingPendingNavigation,msSyncEdgeCollections,msTabResourceStats,msTokenizationAutofillInlineEnabled,msTouchMode,msTriggeringSignalGenerator,msUserUnderstanding,msVideoSuperResolutionUI,msWalletBuyNow,msWalletCheckout,msWalletDiagnosticDataLogger,msWalletHubEntry,msWalletHubIntlP3,msWalletPartialCard,msWalletPasswordCategorization,msWalletPasswordCategorizationPlatformExpansion,msWalletTokenizationCardMetadata,msWalletTokenizedAutofill,msWebAssist,msWebAssistHistorySearchService,msWebOOUI,msWindowsUserActivities,msZipPayVirtualCard --variations-seed-version --mojo-platform-channel-handle=1988 /prefetch:11 /pfhostedapp:aac61e14bd51d94c225dc7a3b9c25d8a2f9d4d71 LIP: 172.31.200.207 LPORT: 54237 RIP: 52.111.231.2 RPORT: 443
20250710T15:08:58Z STORRENTI LOKI: Notice: MODULE: ProcessScan MESSAGE: Established connection PID: 27320 NAME: msedgewebview2.exe COMMAND: "C:\Program Files (x86)\Microsoft\EdgeWebView\Application\138.0.3351.77\msedgewebview2.exe" --type=utility --utility-sub-type=network.mojom.NetworkService --lang=fr --service-sandbox-type=none --noerrdialogs --user-data-dir="C:\Users\torrs\AppData\Local\Packages\MSTeams_8wekyb3d8bbwe\LocalCache\Microsoft\MSTeams\EBWebView" --webview-exe-name=ms-teams.exe --webview-exe-version=25163.3611.3774.6315 --embedded-browser-webview=1 --embedded-browser-webview-dpi-awareness=2 --no-pre-read-main-dll --always-read-main-dll --field-trial-handle=1868,i,1615443911623579210,4942058104913918929,262144 --enable-features=AutofillReplaceCachedWebElementsByRendererIds,ForceSWDCompWhenDCompFallbackRequired,PartitionedCookies,PreferredAudioOutputDevices,SharedArrayBuffer,ThirdPartyStoragePartitioning,msAbydos,msAbydosGestureSupport,msAbydosHandwritingAttr,msAggressiveCacheTrimming,msCustomDataPartition,msSingleSignOnOSForPrimaryAccountIsShared,msWebView2EnableDraggableRegions,msWebView2NoTabForScreenShare,msWebView2SetUserAgentOverrideOnIframes,msWebView2TerminateServiceWorkerWhenIdleIgnoringCdpSessions,msWebView2TextureStream,msWindowsTaskManager --disable-features=BackForwardCache,BackgroundTabLoadingFromPerformanceManager,BreakoutBoxPreferCaptureTimestampInVideoFrames,CloseOmniboxPopupOnInactiveAreaClick,CollectAVProductsInfo,CollectCodeIntegrityInfo,EnableHangWatcher,FilterAdsOnAbusiveSites,GetWifiProtocol,LoginDetection,PreconnectToSearch,SafetyHub,SegmentationPlatform,SpareRendererForSitePerProcess,Ukm,WebPayments,msAITrackerClassification,msAbydosForWindowlessWV2,msAffirmVirtualCard,msAllowChromeWebstore,msAllowMSAPrtSSOForNonMSAProfile,msApplicationGuard,msAskBeforeClosingMultipleTabs,msAutoToggleAADPrtSSOForNonAADProfile,msAutofillEdgeCoupons,msAutofillEdgeCouponsAutoApply,msAutofillEdgeServiceRequest,msAutofillEnableEdgeSuggestions,msAutomaticTabFreeze,msBrowserSettingsSupported,msCoarseGeolocationService,msDataProtection,msDesktopMode,msDesktopRewards,msDisableVariationsSeedFetchThrottling,msEEProactiveHistory,msETFOffstoreExtensionFileDataCollection,msETFPasswordTheftDNRActionSignals,msEdgeAdPlatformUI,msEdgeAddWebCapturetoCollections,msEdgeAutofillShowDeployedPassword,msEdgeCaptureSelectionInPDF,msEdgeCloudConfigService,msEdgeCloudConfigServiceV2,msEdgeCohorts,msEdgeCollectionsPrismExperiment1,msEdgeCollectionsPrismOverallMigration,msEdgeComposeNext,msEdgeEnableNurturingFramework,msEdgeEnclavePrefsBasic,msEdgeEnclavePrefsNotification,msEdgeFaviconService,msEdgeHJTelemetry,msEdgeHubAppSkype,msEdgeImageEditorUI,msEdgeLinkDoctor,msEdgeMouseGestureDefaultEnabled,msEdgeMouseGestureSupported,msEdgeNewDeviceFre,msEdgeOnRampFRE,msEdgeOnRampImport,msEdgePDFCMHighlightUX,msEdgePasswordIris,msEdgePasswordIrisSaveBubble,msEdgeProngPersonalization,msEdgeReadingView,msEdgeRose,msEdgeScreenshotUI,msEdgeSendTabToSelf,msEdgeSettingsImport,msEdgeSettingsImportV2,msEdgeShoppingPersistentStorage,msEdgeShoppingUI,msEdgeSmartFind,msEdgeSuperDragDefaultEnabled,msEdgeSuperDragDropSupported,msEdgeTipping,msEdgeTranslate,msEdgeUseCaptivePortalService,msEdgeWebCapture,msEdgeWebCaptureUniformExperience,msEdgeWebContentFilteringFeedback,msEdgeWorkSearchBanner,msEnableCustomJobMemoryLimitsOnXbox,msEnableMIPForPDF,msEnablePdfUpsell,msEnableThirdPartyScanning,msEnableWebSignInCta,msEnableWebToBrowserSignIn,msEndpointDlp,msEnhancedTrackingPreventionEnabled,msEntityExtraction,msExtensionTelemetryFramework,msExternalTaskManager,msFileSystemAccessDirectoryIterationBlocklistCheck,msForceBrowserSignIn,msForeignSessionsPage,msGeolocationAccessService,msGeolocationOSLocationPermissionFallback,msGeolocationSQMService,msGeolocationService,msGrowthInfraLaunchSourceLogging,msGuidedSwitchAllowed,msHubPinPersist,msImplicitSignin,msIrm,msIrmv2,msKlarnaVirtualCard,msLlmConsumerDlpPurview,msLoadStatistics,msLogIsEdgePinnedToTaskbarOnLaunch,msMIPCrossTenantPdfViewSupport,msMdatpWebSiteDlp,msNotificationPermissionForPWA,msNumberOfSitesToPin,msNurturingSitePinningWithWindowsConsent,msOnHoverSearchInSidebar,msOpenOfficeDocumentsInWebViewer,msPasswordBreachDetection,msPdfAnnotationsVisibility,msPdfDataRecovery,msPdfDigitalSignatureRead,msPdfFreeText,msPdfFreeTextForCJK,msPdfHighlightMode,msPdfInking,msPdfKeyphraseSupport,msPdfOOUI,msPdfPopupMarkerRenderer,msPdfShare,msPdfSharedLibrary,msPdfTextNote,msPdfTextNoteMoreMenu,msPdfThumbnailCache,msPdfUnderside,msPdfViewRestore,msPersonalizationUMA,msPriceComparison,msPromptDefaultHandlerForPDF,msReactiveSearch,msReadAloud,msReadAloudPdf,msRedirectToShoreline,msRevokeExtensions,msSaasDlp,msShoppingTrigger,msShorelineSearch,msShorelineSearchFindOnPageWebUI,msShowOfflineGameEntrance,msShowReadAloudIconInAddressBar,msShowUXForAADPrtSSOForNonAADProfile,msSitePinningWithoutUi,msSuspendMessageForNewSessionWhenHavingPendingNavigation,msSyncEdgeCollections,msTabResourceStats,msTokenizationAutofillInlineEnabled,msTouchMode,msTriggeringSignalGenerator,msUserUnderstanding,msVideoSuperResolutionUI,msWalletBuyNow,msWalletCheckout,msWalletDiagnosticDataLogger,msWalletHubEntry,msWalletHubIntlP3,msWalletPartialCard,msWalletPasswordCategorization,msWalletPasswordCategorizationPlatformExpansion,msWalletTokenizationCardMetadata,msWalletTokenizedAutofill,msWebAssist,msWebAssistHistorySearchService,msWebOOUI,msWindowsUserActivities,msZipPayVirtualCard --variations-seed-version --mojo-platform-channel-handle=1988 /prefetch:11 /pfhostedapp:aac61e14bd51d94c225dc7a3b9c25d8a2f9d4d71 LIP: 172.31.200.207 LPORT: 54039 RIP: 52.112.120.216 RPORT: 443
20250710T15:08:59Z STORRENTI LOKI: Info: MODULE: ProcessScan MESSAGE: Scanning Process PID: 26924 NAME: msedgewebview2.exe OWNER: torrs CMD: "C:\Program Files (x86)\Microsoft\EdgeWebView\Application\138.0.3351.77\msedgewebview2.exe" --type=utility --utility-sub-type=storage.mojom.StorageService --lang=fr --service-sandbox-type=service --noerrdialogs --user-data-dir="C:\Users\torrs\AppData\Local\Packages\MSTeams_8wekyb3d8bbwe\LocalCache\Microsoft\MSTeams\EBWebView" --webview-exe-name=ms-teams.exe --webview-exe-version=25163.3611.3774.6315 --embedded-browser-webview=1 --embedded-browser-webview-dpi-awareness=2 --no-pre-read-main-dll --always-read-main-dll --field-trial-handle=1868,i,1615443911623579210,4942058104913918929,262144 --enable-features=AutofillReplaceCachedWebElementsByRendererIds,ForceSWDCompWhenDCompFallbackRequired,PartitionedCookies,PreferredAudioOutputDevices,SharedArrayBuffer,ThirdPartyStoragePartitioning,msAbydos,msAbydosGestureSupport,msAbydosHandwritingAttr,msAggressiveCacheTrimming,msCustomDataPartition,msSingleSignOnOSForPrimaryAccountIsShared,msWebView2EnableDraggableRegions,msWebView2NoTabForScreenShare,msWebView2SetUserAgentOverrideOnIframes,msWebView2TerminateServiceWorkerWhenIdleIgnoringCdpSessions,msWebView2TextureStream,msWindowsTaskManager --disable-features=BackForwardCache,BackgroundTabLoadingFromPerformanceManager,BreakoutBoxPreferCaptureTimestampInVideoFrames,CloseOmniboxPopupOnInactiveAreaClick,CollectAVProductsInfo,CollectCodeIntegrityInfo,EnableHangWatcher,FilterAdsOnAbusiveSites,GetWifiProtocol,LoginDetection,PreconnectToSearch,SafetyHub,SegmentationPlatform,SpareRendererForSitePerProcess,Ukm,WebPayments,msAITrackerClassification,msAbydosForWindowlessWV2,msAffirmVirtualCard,msAllowChromeWebstore,msAllowMSAPrtSSOForNonMSAProfile,msApplicationGuard,msAskBeforeClosingMultipleTabs,msAutoToggleAADPrtSSOForNonAADProfile,msAutofillEdgeCoupons,msAutofillEdgeCouponsAutoApply,msAutofillEdgeServiceRequest,msAutofillEnableEdgeSuggestions,msAutomaticTabFreeze,msBrowserSettingsSupported,msCoarseGeolocationService,msDataProtection,msDesktopMode,msDesktopRewards,msDisableVariationsSeedFetchThrottling,msEEProactiveHistory,msETFOffstoreExtensionFileDataCollection,msETFPasswordTheftDNRActionSignals,msEdgeAdPlatformUI,msEdgeAddWebCapturetoCollections,msEdgeAutofillShowDeployedPassword,msEdgeCaptureSelectionInPDF,msEdgeCloudConfigService,msEdgeCloudConfigServiceV2,msEdgeCohorts,msEdgeCollectionsPrismExperiment1,msEdgeCollectionsPrismOverallMigration,msEdgeComposeNext,msEdgeEnableNurturingFramework,msEdgeEnclavePrefsBasic,msEdgeEnclavePrefsNotification,msEdgeFaviconService,msEdgeHJTelemetry,msEdgeHubAppSkype,msEdgeImageEditorUI,msEdgeLinkDoctor,msEdgeMouseGestureDefaultEnabled,msEdgeMouseGestureSupported,msEdgeNewDeviceFre,msEdgeOnRampFRE,msEdgeOnRampImport,msEdgePDFCMHighlightUX,msEdgePasswordIris,msEdgePasswordIrisSaveBubble,msEdgeProngPersonalization,msEdgeReadingView,msEdgeRose,msEdgeScreenshotUI,msEdgeSendTabToSelf,msEdgeSettingsImport,msEdgeSettingsImportV2,msEdgeShoppingPersistentStorage,msEdgeShoppingUI,msEdgeSmartFind,msEdgeSuperDragDefaultEnabled,msEdgeSuperDragDropSupported,msEdgeTipping,msEdgeTranslate,msEdgeUseCaptivePortalService,msEdgeWebCapture,msEdgeWebCaptureUniformExperience,msEdgeWebContentFilteringFeedback,msEdgeWorkSearchBanner,msEnableCustomJobMemoryLimitsOnXbox,msEnableMIPForPDF,msEnablePdfUpsell,msEnableThirdPartyScanning,msEnableWebSignInCta,msEnableWebToBrowserSignIn,msEndpointDlp,msEnhancedTrackingPreventionEnabled,msEntityExtraction,msExtensionTelemetryFramework,msExternalTaskManager,msFileSystemAccessDirectoryIterationBlocklistCheck,msForceBrowserSignIn,msForeignSessionsPage,msGeolocationAccessService,msGeolocationOSLocationPermissionFallback,msGeolocationSQMService,msGeolocationService,msGrowthInfraLaunchSourceLogging,msGuidedSwitchAllowed,msHubPinPersist,msImplicitSignin,msIrm,msIrmv2,msKlarnaVirtualCard,msLlmConsumerDlpPurview,msLoadStatistics,msLogIsEdgePinnedToTaskbarOnLaunch,msMIPCrossTenantPdfViewSupport,msMdatpWebSiteDlp,msNotificationPermissionForPWA,msNumberOfSitesToPin,msNurturingSitePinningWithWindowsConsent,msOnHoverSearchInSidebar,msOpenOfficeDocumentsInWebViewer,msPasswordBreachDetection,msPdfAnnotationsVisibility,msPdfDataRecovery,msPdfDigitalSignatureRead,msPdfFreeText,msPdfFreeTextForCJK,msPdfHighlightMode,msPdfInking,msPdfKeyphraseSupport,msPdfOOUI,msPdfPopupMarkerRenderer,msPdfShare,msPdfSharedLibrary,msPdfTextNote,msPdfTextNoteMoreMenu,msPdfThumbnailCache,msPdfUnderside,msPdfViewRestore,msPersonalizationUMA,msPriceComparison,msPromptDefaultHandlerForPDF,msReactiveSearch,msReadAloud,msReadAloudPdf,msRedirectToShoreline,msRevokeExtensions,msSaasDlp,msShoppingTrigger,msShorelineSearch,msShorelineSearchFindOnPageWebUI,msShowOfflineGameEntrance,msShowReadAloudIconInAddressBar,msShowUXForAADPrtSSOForNonAADProfile,msSitePinningWithoutUi,msSuspendMessageForNewSessionWhenHavingPendingNavigation,msSyncEdgeCollections,msTabResourceStats,msTokenizationAutofillInlineEnabled,msTouchMode,msTriggeringSignalGenerator,msUserUnderstanding,msVideoSuperResolutionUI,msWalletBuyNow,msWalletCheckout,msWalletDiagnosticDataLogger,msWalletHubEntry,msWalletHubIntlP3,msWalletPartialCard,msWalletPasswordCategorization,msWalletPasswordCategorizationPlatformExpansion,msWalletTokenizationCardMetadata,msWalletTokenizedAutofill,msWebAssist,msWebAssistHistorySearchService,msWebOOUI,msWindowsUserActivities,msZipPayVirtualCard --variations-seed-version --mojo-platform-channel-handle=2384 /prefetch:13 /pfhostedapp:aac61e14bd51d94c225dc7a3b9c25d8a2f9d4d71 PATH: C:\Program Files (x86)\Microsoft\EdgeWebView\Application\138.0.3351.77\msedgewebview2.exe
20250710T15:08:59Z STORRENTI LOKI: Notice: MODULE: ProcessScan MESSAGE: PE-Sieve reported patched process PID: 26924 NAME: msedgewebview2.exe OWNER: torrs CMD: "C:\Program Files (x86)\Microsoft\EdgeWebView\Application\138.0.3351.77\msedgewebview2.exe" --type=utility --utility-sub-type=storage.mojom.StorageService --lang=fr --service-sandbox-type=service --noerrdialogs --user-data-dir="C:\Users\torrs\AppData\Local\Packages\MSTeams_8wekyb3d8bbwe\LocalCache\Microsoft\MSTeams\EBWebView" --webview-exe-name=ms-teams.exe --webview-exe-version=25163.3611.3774.6315 --embedded-browser-webview=1 --embedded-browser-webview-dpi-awareness=2 --no-pre-read-main-dll --always-read-main-dll --field-trial-handle=1868,i,1615443911623579210,4942058104913918929,262144 --enable-features=AutofillReplaceCachedWebElementsByRendererIds,ForceSWDCompWhenDCompFallbackRequired,PartitionedCookies,PreferredAudioOutputDevices,SharedArrayBuffer,ThirdPartyStoragePartitioning,msAbydos,msAbydosGestureSupport,msAbydosHandwritingAttr,msAggressiveCacheTrimming,msCustomDataPartition,msSingleSignOnOSForPrimaryAccountIsShared,msWebView2EnableDraggableRegions,msWebView2NoTabForScreenShare,msWebView2SetUserAgentOverrideOnIframes,msWebView2TerminateServiceWorkerWhenIdleIgnoringCdpSessions,msWebView2TextureStream,msWindowsTaskManager --disable-features=BackForwardCache,BackgroundTabLoadingFromPerformanceManager,BreakoutBoxPreferCaptureTimestampInVideoFrames,CloseOmniboxPopupOnInactiveAreaClick,CollectAVProductsInfo,CollectCodeIntegrityInfo,EnableHangWatcher,FilterAdsOnAbusiveSites,GetWifiProtocol,LoginDetection,PreconnectToSearch,SafetyHub,SegmentationPlatform,SpareRendererForSitePerProcess,Ukm,WebPayments,msAITrackerClassification,msAbydosForWindowlessWV2,msAffirmVirtualCard,msAllowChromeWebstore,msAllowMSAPrtSSOForNonMSAProfile,msApplicationGuard,msAskBeforeClosingMultipleTabs,msAutoToggleAADPrtSSOForNonAADProfile,msAutofillEdgeCoupons,msAutofillEdgeCouponsAutoApply,msAutofillEdgeServiceRequest,msAutofillEnableEdgeSuggestions,msAutomaticTabFreeze,msBrowserSettingsSupported,msCoarseGeolocationService,msDataProtection,msDesktopMode,msDesktopRewards,msDisableVariationsSeedFetchThrottling,msEEProactiveHistory,msETFOffstoreExtensionFileDataCollection,msETFPasswordTheftDNRActionSignals,msEdgeAdPlatformUI,msEdgeAddWebCapturetoCollections,msEdgeAutofillShowDeployedPassword,msEdgeCaptureSelectionInPDF,msEdgeCloudConfigService,msEdgeCloudConfigServiceV2,msEdgeCohorts,msEdgeCollectionsPrismExperiment1,msEdgeCollectionsPrismOverallMigration,msEdgeComposeNext,msEdgeEnableNurturingFramework,msEdgeEnclavePrefsBasic,msEdgeEnclavePrefsNotification,msEdgeFaviconService,msEdgeHJTelemetry,msEdgeHubAppSkype,msEdgeImageEditorUI,msEdgeLinkDoctor,msEdgeMouseGestureDefaultEnabled,msEdgeMouseGestureSupported,msEdgeNewDeviceFre,msEdgeOnRampFRE,msEdgeOnRampImport,msEdgePDFCMHighlightUX,msEdgePasswordIris,msEdgePasswordIrisSaveBubble,msEdgeProngPersonalization,msEdgeReadingView,msEdgeRose,msEdgeScreenshotUI,msEdgeSendTabToSelf,msEdgeSettingsImport,msEdgeSettingsImportV2,msEdgeShoppingPersistentStorage,msEdgeShoppingUI,msEdgeSmartFind,msEdgeSuperDragDefaultEnabled,msEdgeSuperDragDropSupported,msEdgeTipping,msEdgeTranslate,msEdgeUseCaptivePortalService,msEdgeWebCapture,msEdgeWebCaptureUniformExperience,msEdgeWebContentFilteringFeedback,msEdgeWorkSearchBanner,msEnableCustomJobMemoryLimitsOnXbox,msEnableMIPForPDF,msEnablePdfUpsell,msEnableThirdPartyScanning,msEnableWebSignInCta,msEnableWebToBrowserSignIn,msEndpointDlp,msEnhancedTrackingPreventionEnabled,msEntityExtraction,msExtensionTelemetryFramework,msExternalTaskManager,msFileSystemAccessDirectoryIterationBlocklistCheck,msForceBrowserSignIn,msForeignSessionsPage,msGeolocationAccessService,msGeolocationOSLocationPermissionFallback,msGeolocationSQMService,msGeolocationService,msGrowthInfraLaunchSourceLogging,msGuidedSwitchAllowed,msHubPinPersist,msImplicitSignin,msIrm,msIrmv2,msKlarnaVirtualCard,msLlmConsumerDlpPurview,msLoadStatistics,msLogIsEdgePinnedToTaskbarOnLaunch,msMIPCrossTenantPdfViewSupport,msMdatpWebSiteDlp,msNotificationPermissionForPWA,msNumberOfSitesToPin,msNurturingSitePinningWithWindowsConsent,msOnHoverSearchInSidebar,msOpenOfficeDocumentsInWebViewer,msPasswordBreachDetection,msPdfAnnotationsVisibility,msPdfDataRecovery,msPdfDigitalSignatureRead,msPdfFreeText,msPdfFreeTextForCJK,msPdfHighlightMode,msPdfInking,msPdfKeyphraseSupport,msPdfOOUI,msPdfPopupMarkerRenderer,msPdfShare,msPdfSharedLibrary,msPdfTextNote,msPdfTextNoteMoreMenu,msPdfThumbnailCache,msPdfUnderside,msPdfViewRestore,msPersonalizationUMA,msPriceComparison,msPromptDefaultHandlerForPDF,msReactiveSearch,msReadAloud,msReadAloudPdf,msRedirectToShoreline,msRevokeExtensions,msSaasDlp,msShoppingTrigger,msShorelineSearch,msShorelineSearchFindOnPageWebUI,msShowOfflineGameEntrance,msShowReadAloudIconInAddressBar,msShowUXForAADPrtSSOForNonAADProfile,msSitePinningWithoutUi,msSuspendMessageForNewSessionWhenHavingPendingNavigation,msSyncEdgeCollections,msTabResourceStats,msTokenizationAutofillInlineEnabled,msTouchMode,msTriggeringSignalGenerator,msUserUnderstanding,msVideoSuperResolutionUI,msWalletBuyNow,msWalletCheckout,msWalletDiagnosticDataLogger,msWalletHubEntry,msWalletHubIntlP3,msWalletPartialCard,msWalletPasswordCategorization,msWalletPasswordCategorizationPlatformExpansion,msWalletTokenizationCardMetadata,msWalletTokenizedAutofill,msWebAssist,msWebAssistHistorySearchService,msWebOOUI,msWindowsUserActivities,msZipPayVirtualCard --variations-seed-version --mojo-platform-channel-handle=2384 /prefetch:13 /pfhostedapp:aac61e14bd51d94c225dc7a3b9c25d8a2f9d4d71 PATH: C:\Program Files (x86)\Microsoft\EdgeWebView\Application\138.0.3351.77\msedgewebview2.exe PATCHED: 1
20250710T15:08:59Z STORRENTI LOKI: Info: MODULE: ProcessScan MESSAGE: Scanning Process PID: 18960 NAME: msedgewebview2.exe OWNER: torrs CMD: "C:\Program Files (x86)\Microsoft\EdgeWebView\Application\138.0.3351.77\msedgewebview2.exe" --type=renderer --noerrdialogs --user-data-dir="C:\Users\torrs\AppData\Local\Packages\MSTeams_8wekyb3d8bbwe\LocalCache\Microsoft\MSTeams\EBWebView" --webview-exe-name=ms-teams.exe --webview-exe-version=25163.3611.3774.6315 --embedded-browser-webview=1 --embedded-browser-webview-dpi-awareness=2 --no-pre-read-main-dll --autoplay-policy=no-user-gesture-required --disable-background-timer-throttling --video-capture-use-gpu-memory-buffer --lang=fr --device-scale-factor=1.5 --num-raster-threads=4 --enable-main-frame-before-activation --renderer-client-id=6 --js-flags="--expose-gc --ms-user-locale=fr-FR" --time-ticks-at-unix-epoch=-1752121957593426 --launch-time-ticks=20839361818 --always-read-main-dll --field-trial-handle=1868,i,1615443911623579210,4942058104913918929,262144 --enable-features=AutofillReplaceCachedWebElementsByRendererIds,ForceSWDCompWhenDCompFallbackRequired,PartitionedCookies,PreferredAudioOutputDevices,SharedArrayBuffer,ThirdPartyStoragePartitioning,msAbydos,msAbydosGestureSupport,msAbydosHandwritingAttr,msAggressiveCacheTrimming,msCustomDataPartition,msSingleSignOnOSForPrimaryAccountIsShared,msWebView2EnableDraggableRegions,msWebView2NoTabForScreenShare,msWebView2SetUserAgentOverrideOnIframes,msWebView2TerminateServiceWorkerWhenIdleIgnoringCdpSessions,msWebView2TextureStream,msWindowsTaskManager --disable-features=BackForwardCache,BackgroundTabLoadingFromPerformanceManager,BreakoutBoxPreferCaptureTimestampInVideoFrames,CloseOmniboxPopupOnInactiveAreaClick,CollectAVProductsInfo,CollectCodeIntegrityInfo,EnableHangWatcher,FilterAdsOnAbusiveSites,GetWifiProtocol,LoginDetection,PreconnectToSearch,SafetyHub,SegmentationPlatform,SpareRendererForSitePerProcess,Ukm,WebPayments,msAITrackerClassification,msAbydosForWindowlessWV2,msAffirmVirtualCard,msAllowChromeWebstore,msAllowMSAPrtSSOForNonMSAProfile,msApplicationGuard,msAskBeforeClosingMultipleTabs,msAutoToggleAADPrtSSOForNonAADProfile,msAutofillEdgeCoupons,msAutofillEdgeCouponsAutoApply,msAutofillEdgeServiceRequest,msAutofillEnableEdgeSuggestions,msAutomaticTabFreeze,msBrowserSettingsSupported,msCoarseGeolocationService,msDataProtection,msDesktopMode,msDesktopRewards,msDisableVariationsSeedFetchThrottling,msEEProactiveHistory,msETFOffstoreExtensionFileDataCollection,msETFPasswordTheftDNRActionSignals,msEdgeAdPlatformUI,msEdgeAddWebCapturetoCollections,msEdgeAutofillShowDeployedPassword,msEdgeCaptureSelectionInPDF,msEdgeCloudConfigService,msEdgeCloudConfigServiceV2,msEdgeCohorts,msEdgeCollectionsPrismExperiment1,msEdgeCollectionsPrismOverallMigration,msEdgeComposeNext,msEdgeEnableNurturingFramework,msEdgeEnclavePrefsBasic,msEdgeEnclavePrefsNotification,msEdgeFaviconService,msEdgeHJTelemetry,msEdgeHubAppSkype,msEdgeImageEditorUI,msEdgeLinkDoctor,msEdgeMouseGestureDefaultEnabled,msEdgeMouseGestureSupported,msEdgeNewDeviceFre,msEdgeOnRampFRE,msEdgeOnRampImport,msEdgePDFCMHighlightUX,msEdgePasswordIris,msEdgePasswordIrisSaveBubble,msEdgeProngPersonalization,msEdgeReadingView,msEdgeRose,msEdgeScreenshotUI,msEdgeSendTabToSelf,msEdgeSettingsImport,msEdgeSettingsImportV2,msEdgeShoppingPersistentStorage,msEdgeShoppingUI,msEdgeSmartFind,msEdgeSuperDragDefaultEnabled,msEdgeSuperDragDropSupported,msEdgeTipping,msEdgeTranslate,msEdgeUseCaptivePortalService,msEdgeWebCapture,msEdgeWebCaptureUniformExperience,msEdgeWebContentFilteringFeedback,msEdgeWorkSearchBanner,msEnableCustomJobMemoryLimitsOnXbox,msEnableMIPForPDF,msEnablePdfUpsell,msEnableThirdPartyScanning,msEnableWebSignInCta,msEnableWebToBrowserSignIn,msEndpointDlp,msEnhancedTrackingPreventionEnabled,msEntityExtraction,msExtensionTelemetryFramework,msExternalTaskManager,msFileSystemAccessDirectoryIterationBlocklistCheck,msForceBrowserSignIn,msForeignSessionsPage,msGeolocationAccessService,msGeolocationOSLocationPermissionFallback,msGeolocationSQMService,msGeolocationService,msGrowthInfraLaunchSourceLogging,msGuidedSwitchAllowed,msHubPinPersist,msImplicitSignin,msIrm,msIrmv2,msKlarnaVirtualCard,msLlmConsumerDlpPurview,msLoadStatistics,msLogIsEdgePinnedToTaskbarOnLaunch,msMIPCrossTenantPdfViewSupport,msMdatpWebSiteDlp,msNotificationPermissionForPWA,msNumberOfSitesToPin,msNurturingSitePinningWithWindowsConsent,msOnHoverSearchInSidebar,msOpenOfficeDocumentsInWebViewer,msPasswordBreachDetection,msPdfAnnotationsVisibility,msPdfDataRecovery,msPdfDigitalSignatureRead,msPdfFreeText,msPdfFreeTextForCJK,msPdfHighlightMode,msPdfInking,msPdfKeyphraseSupport,msPdfOOUI,msPdfPopupMarkerRenderer,msPdfShare,msPdfSharedLibrary,msPdfTextNote,msPdfTextNoteMoreMenu,msPdfThumbnailCache,msPdfUnderside,msPdfViewRestore,msPersonalizationUMA,msPriceComparison,msPromptDefaultHandlerForPDF,msReactiveSearch,msReadAloud,msReadAloudPdf,msRedirectToShoreline,msRevokeExtensions,msSaasDlp,msShoppingTrigger,msShorelineSearch,msShorelineSearchFindOnPageWebUI,msShowOfflineGameEntrance,msShowReadAloudIconInAddressBar,msShowUXForAADPrtSSOForNonAADProfile,msSitePinningWithoutUi,msSuspendMessageForNewSessionWhenHavingPendingNavigation,msSyncEdgeCollections,msTabResourceStats,msTokenizationAutofillInlineEnabled,msTouchMode,msTriggeringSignalGenerator,msUserUnderstanding,msVideoSuperResolutionUI,msWalletBuyNow,msWalletCheckout,msWalletDiagnosticDataLogger,msWalletHubEntry,msWalletHubIntlP3,msWalletPartialCard,msWalletPasswordCategorization,msWalletPasswordCategorizationPlatformExpansion,msWalletTokenizationCardMetadata,msWalletTokenizedAutofill,msWebAssist,msWebAssistHistorySearchService,msWebOOUI,msWindowsUserActivities,msZipPayVirtualCard --variations-seed-version --mojo-platform-channel-handle=4180 /pfhostedapp:aac61e14bd51d94c225dc7a3b9c25d8a2f9d4d71 /prefetch:1 PATH: C:\Program Files (x86)\Microsoft\EdgeWebView\Application\138.0.3351.77\msedgewebview2.exe
20250710T15:09:00Z STORRENTI LOKI: Notice: MODULE: ProcessScan MESSAGE: PE-Sieve reported patched process PID: 18960 NAME: msedgewebview2.exe OWNER: torrs CMD: "C:\Program Files (x86)\Microsoft\EdgeWebView\Application\138.0.3351.77\msedgewebview2.exe" --type=renderer --noerrdialogs --user-data-dir="C:\Users\torrs\AppData\Local\Packages\MSTeams_8wekyb3d8bbwe\LocalCache\Microsoft\MSTeams\EBWebView" --webview-exe-name=ms-teams.exe --webview-exe-version=25163.3611.3774.6315 --embedded-browser-webview=1 --embedded-browser-webview-dpi-awareness=2 --no-pre-read-main-dll --autoplay-policy=no-user-gesture-required --disable-background-timer-throttling --video-capture-use-gpu-memory-buffer --lang=fr --device-scale-factor=1.5 --num-raster-threads=4 --enable-main-frame-before-activation --renderer-client-id=6 --js-flags="--expose-gc --ms-user-locale=fr-FR" --time-ticks-at-unix-epoch=-1752121957593426 --launch-time-ticks=20839361818 --always-read-main-dll --field-trial-handle=1868,i,1615443911623579210,4942058104913918929,262144 --enable-features=AutofillReplaceCachedWebElementsByRendererIds,ForceSWDCompWhenDCompFallbackRequired,PartitionedCookies,PreferredAudioOutputDevices,SharedArrayBuffer,ThirdPartyStoragePartitioning,msAbydos,msAbydosGestureSupport,msAbydosHandwritingAttr,msAggressiveCacheTrimming,msCustomDataPartition,msSingleSignOnOSForPrimaryAccountIsShared,msWebView2EnableDraggableRegions,msWebView2NoTabForScreenShare,msWebView2SetUserAgentOverrideOnIframes,msWebView2TerminateServiceWorkerWhenIdleIgnoringCdpSessions,msWebView2TextureStream,msWindowsTaskManager --disable-features=BackForwardCache,BackgroundTabLoadingFromPerformanceManager,BreakoutBoxPreferCaptureTimestampInVideoFrames,CloseOmniboxPopupOnInactiveAreaClick,CollectAVProductsInfo,CollectCodeIntegrityInfo,EnableHangWatcher,FilterAdsOnAbusiveSites,GetWifiProtocol,LoginDetection,PreconnectToSearch,SafetyHub,SegmentationPlatform,SpareRendererForSitePerProcess,Ukm,WebPayments,msAITrackerClassification,msAbydosForWindowlessWV2,msAffirmVirtualCard,msAllowChromeWebstore,msAllowMSAPrtSSOForNonMSAProfile,msApplicationGuard,msAskBeforeClosingMultipleTabs,msAutoToggleAADPrtSSOForNonAADProfile,msAutofillEdgeCoupons,msAutofillEdgeCouponsAutoApply,msAutofillEdgeServiceRequest,msAutofillEnableEdgeSuggestions,msAutomaticTabFreeze,msBrowserSettingsSupported,msCoarseGeolocationService,msDataProtection,msDesktopMode,msDesktopRewards,msDisableVariationsSeedFetchThrottling,msEEProactiveHistory,msETFOffstoreExtensionFileDataCollection,msETFPasswordTheftDNRActionSignals,msEdgeAdPlatformUI,msEdgeAddWebCapturetoCollections,msEdgeAutofillShowDeployedPassword,msEdgeCaptureSelectionInPDF,msEdgeCloudConfigService,msEdgeCloudConfigServiceV2,msEdgeCohorts,msEdgeCollectionsPrismExperiment1,msEdgeCollectionsPrismOverallMigration,msEdgeComposeNext,msEdgeEnableNurturingFramework,msEdgeEnclavePrefsBasic,msEdgeEnclavePrefsNotification,msEdgeFaviconService,msEdgeHJTelemetry,msEdgeHubAppSkype,msEdgeImageEditorUI,msEdgeLinkDoctor,msEdgeMouseGestureDefaultEnabled,msEdgeMouseGestureSupported,msEdgeNewDeviceFre,msEdgeOnRampFRE,msEdgeOnRampImport,msEdgePDFCMHighlightUX,msEdgePasswordIris,msEdgePasswordIrisSaveBubble,msEdgeProngPersonalization,msEdgeReadingView,msEdgeRose,msEdgeScreenshotUI,msEdgeSendTabToSelf,msEdgeSettingsImport,msEdgeSettingsImportV2,msEdgeShoppingPersistentStorage,msEdgeShoppingUI,msEdgeSmartFind,msEdgeSuperDragDefaultEnabled,msEdgeSuperDragDropSupported,msEdgeTipping,msEdgeTranslate,msEdgeUseCaptivePortalService,msEdgeWebCapture,msEdgeWebCaptureUniformExperience,msEdgeWebContentFilteringFeedback,msEdgeWorkSearchBanner,msEnableCustomJobMemoryLimitsOnXbox,msEnableMIPForPDF,msEnablePdfUpsell,msEnableThirdPartyScanning,msEnableWebSignInCta,msEnableWebToBrowserSignIn,msEndpointDlp,msEnhancedTrackingPreventionEnabled,msEntityExtraction,msExtensionTelemetryFramework,msExternalTaskManager,msFileSystemAccessDirectoryIterationBlocklistCheck,msForceBrowserSignIn,msForeignSessionsPage,msGeolocationAccessService,msGeolocationOSLocationPermissionFallback,msGeolocationSQMService,msGeolocationService,msGrowthInfraLaunchSourceLogging,msGuidedSwitchAllowed,msHubPinPersist,msImplicitSignin,msIrm,msIrmv2,msKlarnaVirtualCard,msLlmConsumerDlpPurview,msLoadStatistics,msLogIsEdgePinnedToTaskbarOnLaunch,msMIPCrossTenantPdfViewSupport,msMdatpWebSiteDlp,msNotificationPermissionForPWA,msNumberOfSitesToPin,msNurturingSitePinningWithWindowsConsent,msOnHoverSearchInSidebar,msOpenOfficeDocumentsInWebViewer,msPasswordBreachDetection,msPdfAnnotationsVisibility,msPdfDataRecovery,msPdfDigitalSignatureRead,msPdfFreeText,msPdfFreeTextForCJK,msPdfHighlightMode,msPdfInking,msPdfKeyphraseSupport,msPdfOOUI,msPdfPopupMarkerRenderer,msPdfShare,msPdfSharedLibrary,msPdfTextNote,msPdfTextNoteMoreMenu,msPdfThumbnailCache,msPdfUnderside,msPdfViewRestore,msPersonalizationUMA,msPriceComparison,msPromptDefaultHandlerForPDF,msReactiveSearch,msReadAloud,msReadAloudPdf,msRedirectToShoreline,msRevokeExtensions,msSaasDlp,msShoppingTrigger,msShorelineSearch,msShorelineSearchFindOnPageWebUI,msShowOfflineGameEntrance,msShowReadAloudIconInAddressBar,msShowUXForAADPrtSSOForNonAADProfile,msSitePinningWithoutUi,msSuspendMessageForNewSessionWhenHavingPendingNavigation,msSyncEdgeCollections,msTabResourceStats,msTokenizationAutofillInlineEnabled,msTouchMode,msTriggeringSignalGenerator,msUserUnderstanding,msVideoSuperResolutionUI,msWalletBuyNow,msWalletCheckout,msWalletDiagnosticDataLogger,msWalletHubEntry,msWalletHubIntlP3,msWalletPartialCard,msWalletPasswordCategorization,msWalletPasswordCategorizationPlatformExpansion,msWalletTokenizationCardMetadata,msWalletTokenizedAutofill,msWebAssist,msWebAssistHistorySearchService,msWebOOUI,msWindowsUserActivities,msZipPayVirtualCard --variations-seed-version --mojo-platform-channel-handle=4180 /pfhostedapp:aac61e14bd51d94c225dc7a3b9c25d8a2f9d4d71 /prefetch:1 PATH: C:\Program Files (x86)\Microsoft\EdgeWebView\Application\138.0.3351.77\msedgewebview2.exe PATCHED: 1
20250710T15:09:00Z STORRENTI LOKI: Info: MODULE: ProcessScan MESSAGE: Scanning Process PID: 14188 NAME: Creative Cloud.exe OWNER: torrs CMD: "C:\Program Files\Adobe\Adobe Creative Cloud\ACC\Creative Cloud.exe" --showwindow=false --onOSstartup=true PATH: C:\Program Files\Adobe\Adobe Creative Cloud\ACC\Creative Cloud.exe
20250710T15:09:01Z STORRENTI LOKI: Notice: MODULE: ProcessScan MESSAGE: PE-Sieve reported patched process PID: 14188 NAME: Creative Cloud.exe OWNER: torrs CMD: "C:\Program Files\Adobe\Adobe Creative Cloud\ACC\Creative Cloud.exe" --showwindow=false --onOSstartup=true PATH: C:\Program Files\Adobe\Adobe Creative Cloud\ACC\Creative Cloud.exe PATCHED: 1
20250710T15:09:01Z STORRENTI LOKI: Info: MODULE: ProcessScan MESSAGE: Scanning Process PID: 12132 NAME: Creative Cloud UI Helper.exe OWNER: torrs CMD: "C:\Program Files\Adobe\Adobe Creative Cloud\ACC\Creative Cloud UI Helper.exe" --type=gpu-process --no-sandbox --locales-dir-path="C:\Program Files\Common Files\Adobe\Adobe Desktop Common\CEF\locales" --log-severity=warning --user-agent="Mozilla/5.0 (Windows NT 10.0.0; WOW64) AppleWebKit/537.36 (KHTML, like Gecko) Chrome/116.0.5845.190 Safari/537.36 CreativeCloud/6.7.0.278" --lang=fr --user-data-dir="C:\Users\torrs\AppData\Local\CEF\User Data" --gpu-preferences=WAAAAAAAAADgABAMAAAAAAAAAAAAAAAAAABgAAAAAAA4AAAAAAAAAAAAAAAEAAAAAAAAAAAAAAAAAAAAAAAAAAAAAAAAAAAAGAAAAAAAAAAYAAAAAAAAAAgAAAAAAAAACAAAAAAAAAAIAAAAAAAAAA== --log-file="C:\Users\torrs\AppData\Local\Temp\CreativeCloud\ACC\CEF.log" --mojo-platform-channel-handle=2200 --field-trial-handle=2204,i,17964566612626106580,3286008655474029121,262144 --disable-features=BackForwardCache,CalculateNativeWinOcclusion,DocumentPictureInPictureAPI /prefetch:2 PATH: C:\Program Files\Adobe\Adobe Creative Cloud\ACC\Creative Cloud UI Helper.exe
20250710T15:09:02Z STORRENTI LOKI: Info: MODULE: ProcessScan MESSAGE: PE-Sieve reported no anomalies PID: 12132 NAME: Creative Cloud UI Helper.exe OWNER: torrs CMD: "C:\Program Files\Adobe\Adobe Creative Cloud\ACC\Creative Cloud UI Helper.exe" --type=gpu-process --no-sandbox --locales-dir-path="C:\Program Files\Common Files\Adobe\Adobe Desktop Common\CEF\locales" --log-severity=warning --user-agent="Mozilla/5.0 (Windows NT 10.0.0; WOW64) AppleWebKit/537.36 (KHTML, like Gecko) Chrome/116.0.5845.190 Safari/537.36 CreativeCloud/6.7.0.278" --lang=fr --user-data-dir="C:\Users\torrs\AppData\Local\CEF\User Data" --gpu-preferences=WAAAAAAAAADgABAMAAAAAAAAAAAAAAAAAABgAAAAAAA4AAAAAAAAAAAAAAAEAAAAAAAAAAAAAAAAAAAAAAAAAAAAAAAAAAAAGAAAAAAAAAAYAAAAAAAAAAgAAAAAAAAACAAAAAAAAAAIAAAAAAAAAA== --log-file="C:\Users\torrs\AppData\Local\Temp\CreativeCloud\ACC\CEF.log" --mojo-platform-channel-handle=2200 --field-trial-handle=2204,i,17964566612626106580,3286008655474029121,262144 --disable-features=BackForwardCache,CalculateNativeWinOcclusion,DocumentPictureInPictureAPI /prefetch:2 PATH: C:\Program Files\Adobe\Adobe Creative Cloud\ACC\Creative Cloud UI Helper.exe
20250710T15:09:02Z STORRENTI LOKI: Info: MODULE: ProcessScan MESSAGE: Scanning Process PID: 12380 NAME: Creative Cloud UI Helper.exe OWNER: torrs CMD: "C:\Program Files\Adobe\Adobe Creative Cloud\ACC\Creative Cloud UI Helper.exe" --type=utility --utility-sub-type=storage.mojom.StorageService --lang=fr --service-sandbox-type=service --no-sandbox --locales-dir-path="C:\Program Files\Common Files\Adobe\Adobe Desktop Common\CEF\locales" --log-severity=warning --user-agent="Mozilla/5.0 (Windows NT 10.0.0; WOW64) AppleWebKit/537.36 (KHTML, like Gecko) Chrome/116.0.5845.190 Safari/537.36 CreativeCloud/6.7.0.278" --lang=fr --user-data-dir="C:\Users\torrs\AppData\Local\CEF\User Data" --log-file="C:\Users\torrs\AppData\Local\Temp\CreativeCloud\ACC\CEF.log" --mojo-platform-channel-handle=2508 --field-trial-handle=2204,i,17964566612626106580,3286008655474029121,262144 --disable-features=BackForwardCache,CalculateNativeWinOcclusion,DocumentPictureInPictureAPI /prefetch:8 PATH: C:\Program Files\Adobe\Adobe Creative Cloud\ACC\Creative Cloud UI Helper.exe
20250710T15:09:03Z STORRENTI LOKI: Info: MODULE: ProcessScan MESSAGE: PE-Sieve reported no anomalies PID: 12380 NAME: Creative Cloud UI Helper.exe OWNER: torrs CMD: "C:\Program Files\Adobe\Adobe Creative Cloud\ACC\Creative Cloud UI Helper.exe" --type=utility --utility-sub-type=storage.mojom.StorageService --lang=fr --service-sandbox-type=service --no-sandbox --locales-dir-path="C:\Program Files\Common Files\Adobe\Adobe Desktop Common\CEF\locales" --log-severity=warning --user-agent="Mozilla/5.0 (Windows NT 10.0.0; WOW64) AppleWebKit/537.36 (KHTML, like Gecko) Chrome/116.0.5845.190 Safari/537.36 CreativeCloud/6.7.0.278" --lang=fr --user-data-dir="C:\Users\torrs\AppData\Local\CEF\User Data" --log-file="C:\Users\torrs\AppData\Local\Temp\CreativeCloud\ACC\CEF.log" --mojo-platform-channel-handle=2508 --field-trial-handle=2204,i,17964566612626106580,3286008655474029121,262144 --disable-features=BackForwardCache,CalculateNativeWinOcclusion,DocumentPictureInPictureAPI /prefetch:8 PATH: C:\Program Files\Adobe\Adobe Creative Cloud\ACC\Creative Cloud UI Helper.exe
20250710T15:09:03Z STORRENTI LOKI: Info: MODULE: ProcessScan MESSAGE: Scanning Process PID: 12392 NAME: Creative Cloud UI Helper.exe OWNER: torrs CMD: "C:\Program Files\Adobe\Adobe Creative Cloud\ACC\Creative Cloud UI Helper.exe" --type=utility --utility-sub-type=network.mojom.NetworkService --lang=fr --service-sandbox-type=none --no-sandbox --locales-dir-path="C:\Program Files\Common Files\Adobe\Adobe Desktop Common\CEF\locales" --log-severity=warning --user-agent="Mozilla/5.0 (Windows NT 10.0.0; WOW64) AppleWebKit/537.36 (KHTML, like Gecko) Chrome/116.0.5845.190 Safari/537.36 CreativeCloud/6.7.0.278" --lang=fr --user-data-dir="C:\Users\torrs\AppData\Local\CEF\User Data" --log-file="C:\Users\torrs\AppData\Local\Temp\CreativeCloud\ACC\CEF.log" --mojo-platform-channel-handle=2660 --field-trial-handle=2204,i,17964566612626106580,3286008655474029121,262144 --disable-features=BackForwardCache,CalculateNativeWinOcclusion,DocumentPictureInPictureAPI /prefetch:8 PATH: C:\Program Files\Adobe\Adobe Creative Cloud\ACC\Creative Cloud UI Helper.exe
20250710T15:09:03Z STORRENTI LOKI: Info: MODULE: ProcessScan MESSAGE: PE-Sieve reported no anomalies PID: 12392 NAME: Creative Cloud UI Helper.exe OWNER: torrs CMD: "C:\Program Files\Adobe\Adobe Creative Cloud\ACC\Creative Cloud UI Helper.exe" --type=utility --utility-sub-type=network.mojom.NetworkService --lang=fr --service-sandbox-type=none --no-sandbox --locales-dir-path="C:\Program Files\Common Files\Adobe\Adobe Desktop Common\CEF\locales" --log-severity=warning --user-agent="Mozilla/5.0 (Windows NT 10.0.0; WOW64) AppleWebKit/537.36 (KHTML, like Gecko) Chrome/116.0.5845.190 Safari/537.36 CreativeCloud/6.7.0.278" --lang=fr --user-data-dir="C:\Users\torrs\AppData\Local\CEF\User Data" --log-file="C:\Users\torrs\AppData\Local\Temp\CreativeCloud\ACC\CEF.log" --mojo-platform-channel-handle=2660 --field-trial-handle=2204,i,17964566612626106580,3286008655474029121,262144 --disable-features=BackForwardCache,CalculateNativeWinOcclusion,DocumentPictureInPictureAPI /prefetch:8 PATH: C:\Program Files\Adobe\Adobe Creative Cloud\ACC\Creative Cloud UI Helper.exe
20250710T15:09:03Z STORRENTI LOKI: Info: MODULE: ProcessScan MESSAGE: Scanning Process PID: 26516 NAME: Creative Cloud UI Helper.exe OWNER: torrs CMD: "C:\Program Files\Adobe\Adobe Creative Cloud\ACC\Creative Cloud UI Helper.exe" --type=renderer --locales-dir-path="C:\Program Files\Common Files\Adobe\Adobe Desktop Common\CEF\locales" --log-severity=warning --user-agent="Mozilla/5.0 (Windows NT 10.0.0; WOW64) AppleWebKit/537.36 (KHTML, like Gecko) Chrome/116.0.5845.190 Safari/537.36 CreativeCloud/6.7.0.278" --user-data-dir="C:\Users\torrs\AppData\Local\CEF\User Data" --no-sandbox --autoplay-policy=no-user-gesture-required --log-file="C:\Users\torrs\AppData\Local\Temp\CreativeCloud\ACC\CEF.log" --js-flags=--expose-gc --lang=fr --device-scale-factor=1.5 --num-raster-threads=4 --enable-main-frame-before-activation --renderer-client-id=6 --time-ticks-at-unix-epoch=-1752121957593367 --launch-time-ticks=20841824568 --mojo-platform-channel-handle=1032 --field-trial-handle=2204,i,17964566612626106580,3286008655474029121,262144 --disable-features=BackForwardCache,CalculateNativeWinOcclusion,DocumentPictureInPictureAPI /prefetch:1 PATH: C:\Program Files\Adobe\Adobe Creative Cloud\ACC\Creative Cloud UI Helper.exe
20250710T15:09:04Z STORRENTI LOKI: Info: MODULE: ProcessScan MESSAGE: PE-Sieve reported no anomalies PID: 26516 NAME: Creative Cloud UI Helper.exe OWNER: torrs CMD: "C:\Program Files\Adobe\Adobe Creative Cloud\ACC\Creative Cloud UI Helper.exe" --type=renderer --locales-dir-path="C:\Program Files\Common Files\Adobe\Adobe Desktop Common\CEF\locales" --log-severity=warning --user-agent="Mozilla/5.0 (Windows NT 10.0.0; WOW64) AppleWebKit/537.36 (KHTML, like Gecko) Chrome/116.0.5845.190 Safari/537.36 CreativeCloud/6.7.0.278" --user-data-dir="C:\Users\torrs\AppData\Local\CEF\User Data" --no-sandbox --autoplay-policy=no-user-gesture-required --log-file="C:\Users\torrs\AppData\Local\Temp\CreativeCloud\ACC\CEF.log" --js-flags=--expose-gc --lang=fr --device-scale-factor=1.5 --num-raster-threads=4 --enable-main-frame-before-activation --renderer-client-id=6 --time-ticks-at-unix-epoch=-1752121957593367 --launch-time-ticks=20841824568 --mojo-platform-channel-handle=1032 --field-trial-handle=2204,i,17964566612626106580,3286008655474029121,262144 --disable-features=BackForwardCache,CalculateNativeWinOcclusion,DocumentPictureInPictureAPI /prefetch:1 PATH: C:\Program Files\Adobe\Adobe Creative Cloud\ACC\Creative Cloud UI Helper.exe
20250710T15:09:04Z STORRENTI LOKI: Info: MODULE: ProcessScan MESSAGE: Scanning Process PID: 4068 NAME: Adobe Desktop Service.exe OWNER: torrs CMD: "C:\Program Files (x86)\Common Files\Adobe\Adobe Desktop Common\ADS\Adobe Desktop Service.exe" --onOSstartup=true --showwindow=false --waitForRegistration=true PATH: C:\Program Files (x86)\Common Files\Adobe\Adobe Desktop Common\ADS\Adobe Desktop Service.exe
20250710T15:09:06Z STORRENTI LOKI: Notice: MODULE: ProcessScan MESSAGE: PE-Sieve reported patched process PID: 4068 NAME: Adobe Desktop Service.exe OWNER: torrs CMD: "C:\Program Files (x86)\Common Files\Adobe\Adobe Desktop Common\ADS\Adobe Desktop Service.exe" --onOSstartup=true --showwindow=false --waitForRegistration=true PATH: C:\Program Files (x86)\Common Files\Adobe\Adobe Desktop Common\ADS\Adobe Desktop Service.exe PATCHED: 3
20250710T15:09:06Z STORRENTI LOKI: Notice: MODULE: ProcessScan MESSAGE: Listening process PID: 4068 NAME: Adobe Desktop Service.exe COMMAND: "C:\Program Files (x86)\Common Files\Adobe\Adobe Desktop Common\ADS\Adobe Desktop Service.exe" --onOSstartup=true --showwindow=false --waitForRegistration=true IP: 127.0.0.1 PORT: 15292
20250710T15:09:06Z STORRENTI LOKI: Notice: MODULE: ProcessScan MESSAGE: Listening process PID: 4068 NAME: Adobe Desktop Service.exe COMMAND: "C:\Program Files (x86)\Common Files\Adobe\Adobe Desktop Common\ADS\Adobe Desktop Service.exe" --onOSstartup=true --showwindow=false --waitForRegistration=true IP: 127.0.0.1 PORT: 16494
20250710T15:09:06Z STORRENTI LOKI: Notice: MODULE: ProcessScan MESSAGE: Listening process PID: 4068 NAME: Adobe Desktop Service.exe COMMAND: "C:\Program Files (x86)\Common Files\Adobe\Adobe Desktop Common\ADS\Adobe Desktop Service.exe" --onOSstartup=true --showwindow=false --waitForRegistration=true IP: 127.0.0.1 PORT: 15393
20250710T15:09:06Z STORRENTI LOKI: Info: MODULE: ProcessScan MESSAGE: Scanning Process PID: 17896 NAME: ms-teams.exe OWNER: torrs CMD: "C:\Program Files\WindowsApps\MSTeams_25163.3611.3774.6315_x64__8wekyb3d8bbwe\ms-teams.exe" --process_type=native_module --module_name=SlimCore --native_msg_channel=3ab5c380-9656-4d60-a291-c301cef6adf3_nm_SlimCore_c_ --session_id=47944663-fc0e-4d88-9a81-920b7111c862    /prefetch:1 PATH: C:\Program Files\WindowsApps\MSTeams_25163.3611.3774.6315_x64__8wekyb3d8bbwe\ms-teams.exe
20250710T15:09:07Z STORRENTI LOKI: Info: MODULE: ProcessScan MESSAGE: PE-Sieve reported no anomalies PID: 17896 NAME: ms-teams.exe OWNER: torrs CMD: "C:\Program Files\WindowsApps\MSTeams_25163.3611.3774.6315_x64__8wekyb3d8bbwe\ms-teams.exe" --process_type=native_module --module_name=SlimCore --native_msg_channel=3ab5c380-9656-4d60-a291-c301cef6adf3_nm_SlimCore_c_ --session_id=47944663-fc0e-4d88-9a81-920b7111c862    /prefetch:1 PATH: C:\Program Files\WindowsApps\MSTeams_25163.3611.3774.6315_x64__8wekyb3d8bbwe\ms-teams.exe
20250710T15:09:07Z STORRENTI LOKI: Notice: MODULE: ProcessScan MESSAGE: Established connection PID: 17896 NAME: ms-teams.exe COMMAND: "C:\Program Files\WindowsApps\MSTeams_25163.3611.3774.6315_x64__8wekyb3d8bbwe\ms-teams.exe" --process_type=native_module --module_name=SlimCore --native_msg_channel=3ab5c380-9656-4d60-a291-c301cef6adf3_nm_SlimCore_c_ --session_id=47944663-fc0e-4d88-9a81-920b7111c862    /prefetch:1 LIP: 172.31.200.207 LPORT: 54000 RIP: 52.123.137.106 RPORT: 443
20250710T15:09:07Z STORRENTI LOKI: Notice: MODULE: ProcessScan MESSAGE: Established connection PID: 17896 NAME: ms-teams.exe COMMAND: "C:\Program Files\WindowsApps\MSTeams_25163.3611.3774.6315_x64__8wekyb3d8bbwe\ms-teams.exe" --process_type=native_module --module_name=SlimCore --native_msg_channel=3ab5c380-9656-4d60-a291-c301cef6adf3_nm_SlimCore_c_ --session_id=47944663-fc0e-4d88-9a81-920b7111c862    /prefetch:1 LIP: 172.31.200.207 LPORT: 54046 RIP: 52.123.138.129 RPORT: 443
20250710T15:09:07Z STORRENTI LOKI: Info: MODULE: ProcessScan MESSAGE: Scanning Process PID: 25376 NAME: AcrobatNotificationClient.exe OWNER: torrs CMD: "C:\Program Files\WindowsApps\AcrobatNotificationClient_1.0.4.0_x86__e1rzdqpraam7r\AcrobatNotificationClient.exe" -ServerName:App.AppXj7d2pwbjt1by8j1s5wak729xa46cf4br.mca PATH: C:\Program Files\WindowsApps\AcrobatNotificationClient_1.0.4.0_x86__e1rzdqpraam7r\AcrobatNotificationClient.exe
20250710T15:09:09Z STORRENTI LOKI: Notice: MODULE: ProcessScan MESSAGE: PE-Sieve reported patched process PID: 25376 NAME: AcrobatNotificationClient.exe OWNER: torrs CMD: "C:\Program Files\WindowsApps\AcrobatNotificationClient_1.0.4.0_x86__e1rzdqpraam7r\AcrobatNotificationClient.exe" -ServerName:App.AppXj7d2pwbjt1by8j1s5wak729xa46cf4br.mca PATH: C:\Program Files\WindowsApps\AcrobatNotificationClient_1.0.4.0_x86__e1rzdqpraam7r\AcrobatNotificationClient.exe PATCHED: 2
20250710T15:09:09Z STORRENTI LOKI: Info: MODULE: ProcessScan MESSAGE: Scanning Process PID: 19020 NAME: AppActions.exe OWNER: torrs CMD: "C:\WINDOWS\SystemApps\MicrosoftWindows.Client.CBS_cw5n1h2txyewy\AppActions.exe" -Embedding PATH: C:\WINDOWS\SystemApps\MicrosoftWindows.Client.CBS_cw5n1h2txyewy\AppActions.exe
20250710T15:09:10Z STORRENTI LOKI: Info: MODULE: ProcessScan MESSAGE: PE-Sieve reported no anomalies PID: 19020 NAME: AppActions.exe OWNER: torrs CMD: "C:\WINDOWS\SystemApps\MicrosoftWindows.Client.CBS_cw5n1h2txyewy\AppActions.exe" -Embedding PATH: C:\WINDOWS\SystemApps\MicrosoftWindows.Client.CBS_cw5n1h2txyewy\AppActions.exe
20250710T15:09:10Z STORRENTI LOKI: Info: MODULE: ProcessScan MESSAGE: Scanning Process PID: 16192 NAME: Creative Cloud Helper.exe OWNER: torrs CMD: "C:\Program Files\Adobe\Adobe Creative Cloud\ACC\Creative Cloud Helper.exe" --remoteApplet=LiveType_BL --remoteAppletInstanceID=E9D3AEA6-8C03-4971-8175-056F8AD0BBBC --remoteHelper=CCH_LiveType --vulcanID=COSY PATH: C:\Program Files\Adobe\Adobe Creative Cloud\ACC\Creative Cloud Helper.exe
20250710T15:09:10Z STORRENTI LOKI: Notice: MODULE: ProcessScan MESSAGE: PE-Sieve reported patched process PID: 16192 NAME: Creative Cloud Helper.exe OWNER: torrs CMD: "C:\Program Files\Adobe\Adobe Creative Cloud\ACC\Creative Cloud Helper.exe" --remoteApplet=LiveType_BL --remoteAppletInstanceID=E9D3AEA6-8C03-4971-8175-056F8AD0BBBC --remoteHelper=CCH_LiveType --vulcanID=COSY PATH: C:\Program Files\Adobe\Adobe Creative Cloud\ACC\Creative Cloud Helper.exe PATCHED: 1
20250710T15:09:10Z STORRENTI LOKI: Notice: MODULE: ProcessScan MESSAGE: Established connection PID: 16192 NAME: Creative Cloud Helper.exe COMMAND: "C:\Program Files\Adobe\Adobe Creative Cloud\ACC\Creative Cloud Helper.exe" --remoteApplet=LiveType_BL --remoteAppletInstanceID=E9D3AEA6-8C03-4971-8175-056F8AD0BBBC --remoteHelper=CCH_LiveType --vulcanID=COSY LIP: 172.31.200.207 LPORT: 54410 RIP: 34.232.214.120 RPORT: 443
20250710T15:09:10Z STORRENTI LOKI: Info: MODULE: ProcessScan MESSAGE: Scanning Process PID: 19136 NAME: CoreSync.exe OWNER: torrs CMD: "C:\Program Files (x86)\Adobe\Adobe Sync\CoreSync\CoreSync.exe" PATH: C:\Program Files (x86)\Adobe\Adobe Sync\CoreSync\CoreSync.exe
20250710T15:09:11Z STORRENTI LOKI: Notice: MODULE: ProcessScan MESSAGE: PE-Sieve reported patched process PID: 19136 NAME: CoreSync.exe OWNER: torrs CMD: "C:\Program Files (x86)\Adobe\Adobe Sync\CoreSync\CoreSync.exe" PATH: C:\Program Files (x86)\Adobe\Adobe Sync\CoreSync\CoreSync.exe PATCHED: 2
20250710T15:09:11Z STORRENTI LOKI: Notice: MODULE: ProcessScan MESSAGE: Established connection PID: 19136 NAME: CoreSync.exe COMMAND: "C:\Program Files (x86)\Adobe\Adobe Sync\CoreSync\CoreSync.exe" LIP: 172.31.200.207 LPORT: 54351 RIP: 54.75.196.242 RPORT: 443
20250710T15:09:11Z STORRENTI LOKI: Info: MODULE: ProcessScan MESSAGE: Scanning Process PID: 16312 NAME: msedgewebview2.exe OWNER: torrs CMD: "C:\Program Files (x86)\Microsoft\EdgeWebView\Application\138.0.3351.77\msedgewebview2.exe" --type=utility --utility-sub-type=audio.mojom.AudioService --lang=fr --service-sandbox-type=audio --video-capture-use-gpu-memory-buffer --noerrdialogs --user-data-dir="C:\Users\torrs\AppData\Local\Packages\MSTeams_8wekyb3d8bbwe\LocalCache\Microsoft\MSTeams\EBWebView" --webview-exe-name=ms-teams.exe --webview-exe-version=25163.3611.3774.6315 --embedded-browser-webview=1 --embedded-browser-webview-dpi-awareness=2 --no-pre-read-main-dll --always-read-main-dll --field-trial-handle=1868,i,1615443911623579210,4942058104913918929,262144 --enable-features=AutofillReplaceCachedWebElementsByRendererIds,ForceSWDCompWhenDCompFallbackRequired,PartitionedCookies,PreferredAudioOutputDevices,SharedArrayBuffer,ThirdPartyStoragePartitioning,msAbydos,msAbydosGestureSupport,msAbydosHandwritingAttr,msAggressiveCacheTrimming,msCustomDataPartition,msSingleSignOnOSForPrimaryAccountIsShared,msWebView2EnableDraggableRegions,msWebView2NoTabForScreenShare,msWebView2SetUserAgentOverrideOnIframes,msWebView2TerminateServiceWorkerWhenIdleIgnoringCdpSessions,msWebView2TextureStream,msWindowsTaskManager --disable-features=BackForwardCache,BackgroundTabLoadingFromPerformanceManager,BreakoutBoxPreferCaptureTimestampInVideoFrames,CloseOmniboxPopupOnInactiveAreaClick,CollectAVProductsInfo,CollectCodeIntegrityInfo,EnableHangWatcher,FilterAdsOnAbusiveSites,GetWifiProtocol,LoginDetection,PreconnectToSearch,SafetyHub,SegmentationPlatform,SpareRendererForSitePerProcess,Ukm,WebPayments,msAITrackerClassification,msAbydosForWindowlessWV2,msAffirmVirtualCard,msAllowChromeWebstore,msAllowMSAPrtSSOForNonMSAProfile,msApplicationGuard,msAskBeforeClosingMultipleTabs,msAutoToggleAADPrtSSOForNonAADProfile,msAutofillEdgeCoupons,msAutofillEdgeCouponsAutoApply,msAutofillEdgeServiceRequest,msAutofillEnableEdgeSuggestions,msAutomaticTabFreeze,msBrowserSettingsSupported,msCoarseGeolocationService,msDataProtection,msDesktopMode,msDesktopRewards,msDisableVariationsSeedFetchThrottling,msEEProactiveHistory,msETFOffstoreExtensionFileDataCollection,msETFPasswordTheftDNRActionSignals,msEdgeAdPlatformUI,msEdgeAddWebCapturetoCollections,msEdgeAutofillShowDeployedPassword,msEdgeCaptureSelectionInPDF,msEdgeCloudConfigService,msEdgeCloudConfigServiceV2,msEdgeCohorts,msEdgeCollectionsPrismExperiment1,msEdgeCollectionsPrismOverallMigration,msEdgeComposeNext,msEdgeEnableNurturingFramework,msEdgeEnclavePrefsBasic,msEdgeEnclavePrefsNotification,msEdgeFaviconService,msEdgeHJTelemetry,msEdgeHubAppSkype,msEdgeImageEditorUI,msEdgeLinkDoctor,msEdgeMouseGestureDefaultEnabled,msEdgeMouseGestureSupported,msEdgeNewDeviceFre,msEdgeOnRampFRE,msEdgeOnRampImport,msEdgePDFCMHighlightUX,msEdgePasswordIris,msEdgePasswordIrisSaveBubble,msEdgeProngPersonalization,msEdgeReadingView,msEdgeRose,msEdgeScreenshotUI,msEdgeSendTabToSelf,msEdgeSettingsImport,msEdgeSettingsImportV2,msEdgeShoppingPersistentStorage,msEdgeShoppingUI,msEdgeSmartFind,msEdgeSuperDragDefaultEnabled,msEdgeSuperDragDropSupported,msEdgeTipping,msEdgeTranslate,msEdgeUseCaptivePortalService,msEdgeWebCapture,msEdgeWebCaptureUniformExperience,msEdgeWebContentFilteringFeedback,msEdgeWorkSearchBanner,msEnableCustomJobMemoryLimitsOnXbox,msEnableMIPForPDF,msEnablePdfUpsell,msEnableThirdPartyScanning,msEnableWebSignInCta,msEnableWebToBrowserSignIn,msEndpointDlp,msEnhancedTrackingPreventionEnabled,msEntityExtraction,msExtensionTelemetryFramework,msExternalTaskManager,msFileSystemAccessDirectoryIterationBlocklistCheck,msForceBrowserSignIn,msForeignSessionsPage,msGeolocationAccessService,msGeolocationOSLocationPermissionFallback,msGeolocationSQMService,msGeolocationService,msGrowthInfraLaunchSourceLogging,msGuidedSwitchAllowed,msHubPinPersist,msImplicitSignin,msIrm,msIrmv2,msKlarnaVirtualCard,msLlmConsumerDlpPurview,msLoadStatistics,msLogIsEdgePinnedToTaskbarOnLaunch,msMIPCrossTenantPdfViewSupport,msMdatpWebSiteDlp,msNotificationPermissionForPWA,msNumberOfSitesToPin,msNurturingSitePinningWithWindowsConsent,msOnHoverSearchInSidebar,msOpenOfficeDocumentsInWebViewer,msPasswordBreachDetection,msPdfAnnotationsVisibility,msPdfDataRecovery,msPdfDigitalSignatureRead,msPdfFreeText,msPdfFreeTextForCJK,msPdfHighlightMode,msPdfInking,msPdfKeyphraseSupport,msPdfOOUI,msPdfPopupMarkerRenderer,msPdfShare,msPdfSharedLibrary,msPdfTextNote,msPdfTextNoteMoreMenu,msPdfThumbnailCache,msPdfUnderside,msPdfViewRestore,msPersonalizationUMA,msPriceComparison,msPromptDefaultHandlerForPDF,msReactiveSearch,msReadAloud,msReadAloudPdf,msRedirectToShoreline,msRevokeExtensions,msSaasDlp,msShoppingTrigger,msShorelineSearch,msShorelineSearchFindOnPageWebUI,msShowOfflineGameEntrance,msShowReadAloudIconInAddressBar,msShowUXForAADPrtSSOForNonAADProfile,msSitePinningWithoutUi,msSuspendMessageForNewSessionWhenHavingPendingNavigation,msSyncEdgeCollections,msTabResourceStats,msTokenizationAutofillInlineEnabled,msTouchMode,msTriggeringSignalGenerator,msUserUnderstanding,msVideoSuperResolutionUI,msWalletBuyNow,msWalletCheckout,msWalletDiagnosticDataLogger,msWalletHubEntry,msWalletHubIntlP3,msWalletPartialCard,msWalletPasswordCategorization,msWalletPasswordCategorizationPlatformExpansion,msWalletTokenizationCardMetadata,msWalletTokenizedAutofill,msWebAssist,msWebAssistHistorySearchService,msWebOOUI,msWindowsUserActivities,msZipPayVirtualCard --variations-seed-version --mojo-platform-channel-handle=4684 /prefetch:12 /pfhostedapp:aac61e14bd51d94c225dc7a3b9c25d8a2f9d4d71 PATH: C:\Program Files (x86)\Microsoft\EdgeWebView\Application\138.0.3351.77\msedgewebview2.exe
20250710T15:09:11Z STORRENTI LOKI: Notice: MODULE: ProcessScan MESSAGE: PE-Sieve reported patched process PID: 16312 NAME: msedgewebview2.exe OWNER: torrs CMD: "C:\Program Files (x86)\Microsoft\EdgeWebView\Application\138.0.3351.77\msedgewebview2.exe" --type=utility --utility-sub-type=audio.mojom.AudioService --lang=fr --service-sandbox-type=audio --video-capture-use-gpu-memory-buffer --noerrdialogs --user-data-dir="C:\Users\torrs\AppData\Local\Packages\MSTeams_8wekyb3d8bbwe\LocalCache\Microsoft\MSTeams\EBWebView" --webview-exe-name=ms-teams.exe --webview-exe-version=25163.3611.3774.6315 --embedded-browser-webview=1 --embedded-browser-webview-dpi-awareness=2 --no-pre-read-main-dll --always-read-main-dll --field-trial-handle=1868,i,1615443911623579210,4942058104913918929,262144 --enable-features=AutofillReplaceCachedWebElementsByRendererIds,ForceSWDCompWhenDCompFallbackRequired,PartitionedCookies,PreferredAudioOutputDevices,SharedArrayBuffer,ThirdPartyStoragePartitioning,msAbydos,msAbydosGestureSupport,msAbydosHandwritingAttr,msAggressiveCacheTrimming,msCustomDataPartition,msSingleSignOnOSForPrimaryAccountIsShared,msWebView2EnableDraggableRegions,msWebView2NoTabForScreenShare,msWebView2SetUserAgentOverrideOnIframes,msWebView2TerminateServiceWorkerWhenIdleIgnoringCdpSessions,msWebView2TextureStream,msWindowsTaskManager --disable-features=BackForwardCache,BackgroundTabLoadingFromPerformanceManager,BreakoutBoxPreferCaptureTimestampInVideoFrames,CloseOmniboxPopupOnInactiveAreaClick,CollectAVProductsInfo,CollectCodeIntegrityInfo,EnableHangWatcher,FilterAdsOnAbusiveSites,GetWifiProtocol,LoginDetection,PreconnectToSearch,SafetyHub,SegmentationPlatform,SpareRendererForSitePerProcess,Ukm,WebPayments,msAITrackerClassification,msAbydosForWindowlessWV2,msAffirmVirtualCard,msAllowChromeWebstore,msAllowMSAPrtSSOForNonMSAProfile,msApplicationGuard,msAskBeforeClosingMultipleTabs,msAutoToggleAADPrtSSOForNonAADProfile,msAutofillEdgeCoupons,msAutofillEdgeCouponsAutoApply,msAutofillEdgeServiceRequest,msAutofillEnableEdgeSuggestions,msAutomaticTabFreeze,msBrowserSettingsSupported,msCoarseGeolocationService,msDataProtection,msDesktopMode,msDesktopRewards,msDisableVariationsSeedFetchThrottling,msEEProactiveHistory,msETFOffstoreExtensionFileDataCollection,msETFPasswordTheftDNRActionSignals,msEdgeAdPlatformUI,msEdgeAddWebCapturetoCollections,msEdgeAutofillShowDeployedPassword,msEdgeCaptureSelectionInPDF,msEdgeCloudConfigService,msEdgeCloudConfigServiceV2,msEdgeCohorts,msEdgeCollectionsPrismExperiment1,msEdgeCollectionsPrismOverallMigration,msEdgeComposeNext,msEdgeEnableNurturingFramework,msEdgeEnclavePrefsBasic,msEdgeEnclavePrefsNotification,msEdgeFaviconService,msEdgeHJTelemetry,msEdgeHubAppSkype,msEdgeImageEditorUI,msEdgeLinkDoctor,msEdgeMouseGestureDefaultEnabled,msEdgeMouseGestureSupported,msEdgeNewDeviceFre,msEdgeOnRampFRE,msEdgeOnRampImport,msEdgePDFCMHighlightUX,msEdgePasswordIris,msEdgePasswordIrisSaveBubble,msEdgeProngPersonalization,msEdgeReadingView,msEdgeRose,msEdgeScreenshotUI,msEdgeSendTabToSelf,msEdgeSettingsImport,msEdgeSettingsImportV2,msEdgeShoppingPersistentStorage,msEdgeShoppingUI,msEdgeSmartFind,msEdgeSuperDragDefaultEnabled,msEdgeSuperDragDropSupported,msEdgeTipping,msEdgeTranslate,msEdgeUseCaptivePortalService,msEdgeWebCapture,msEdgeWebCaptureUniformExperience,msEdgeWebContentFilteringFeedback,msEdgeWorkSearchBanner,msEnableCustomJobMemoryLimitsOnXbox,msEnableMIPForPDF,msEnablePdfUpsell,msEnableThirdPartyScanning,msEnableWebSignInCta,msEnableWebToBrowserSignIn,msEndpointDlp,msEnhancedTrackingPreventionEnabled,msEntityExtraction,msExtensionTelemetryFramework,msExternalTaskManager,msFileSystemAccessDirectoryIterationBlocklistCheck,msForceBrowserSignIn,msForeignSessionsPage,msGeolocationAccessService,msGeolocationOSLocationPermissionFallback,msGeolocationSQMService,msGeolocationService,msGrowthInfraLaunchSourceLogging,msGuidedSwitchAllowed,msHubPinPersist,msImplicitSignin,msIrm,msIrmv2,msKlarnaVirtualCard,msLlmConsumerDlpPurview,msLoadStatistics,msLogIsEdgePinnedToTaskbarOnLaunch,msMIPCrossTenantPdfViewSupport,msMdatpWebSiteDlp,msNotificationPermissionForPWA,msNumberOfSitesToPin,msNurturingSitePinningWithWindowsConsent,msOnHoverSearchInSidebar,msOpenOfficeDocumentsInWebViewer,msPasswordBreachDetection,msPdfAnnotationsVisibility,msPdfDataRecovery,msPdfDigitalSignatureRead,msPdfFreeText,msPdfFreeTextForCJK,msPdfHighlightMode,msPdfInking,msPdfKeyphraseSupport,msPdfOOUI,msPdfPopupMarkerRenderer,msPdfShare,msPdfSharedLibrary,msPdfTextNote,msPdfTextNoteMoreMenu,msPdfThumbnailCache,msPdfUnderside,msPdfViewRestore,msPersonalizationUMA,msPriceComparison,msPromptDefaultHandlerForPDF,msReactiveSearch,msReadAloud,msReadAloudPdf,msRedirectToShoreline,msRevokeExtensions,msSaasDlp,msShoppingTrigger,msShorelineSearch,msShorelineSearchFindOnPageWebUI,msShowOfflineGameEntrance,msShowReadAloudIconInAddressBar,msShowUXForAADPrtSSOForNonAADProfile,msSitePinningWithoutUi,msSuspendMessageForNewSessionWhenHavingPendingNavigation,msSyncEdgeCollections,msTabResourceStats,msTokenizationAutofillInlineEnabled,msTouchMode,msTriggeringSignalGenerator,msUserUnderstanding,msVideoSuperResolutionUI,msWalletBuyNow,msWalletCheckout,msWalletDiagnosticDataLogger,msWalletHubEntry,msWalletHubIntlP3,msWalletPartialCard,msWalletPasswordCategorization,msWalletPasswordCategorizationPlatformExpansion,msWalletTokenizationCardMetadata,msWalletTokenizedAutofill,msWebAssist,msWebAssistHistorySearchService,msWebOOUI,msWindowsUserActivities,msZipPayVirtualCard --variations-seed-version --mojo-platform-channel-handle=4684 /prefetch:12 /pfhostedapp:aac61e14bd51d94c225dc7a3b9c25d8a2f9d4d71 PATH: C:\Program Files (x86)\Microsoft\EdgeWebView\Application\138.0.3351.77\msedgewebview2.exe PATCHED: 1
20250710T15:09:12Z STORRENTI LOKI: Info: MODULE: ProcessScan MESSAGE: Scanning Process PID: 13844 NAME: AdobeNotificationClient.exe OWNER: torrs CMD: "C:\Program Files\Common Files\Adobe\Adobe OS Extension\AdobeNotificationClient.exe" -ServerName:CreativeCloud.AppXkc26ec7ewq1x9dww5fbpte7xrjdypftp.mca PATH: C:\Program Files\Common Files\Adobe\Adobe OS Extension\AdobeNotificationClient.exe
20250710T15:09:12Z STORRENTI LOKI: Info: MODULE: ProcessScan MESSAGE: PE-Sieve reported no anomalies PID: 13844 NAME: AdobeNotificationClient.exe OWNER: torrs CMD: "C:\Program Files\Common Files\Adobe\Adobe OS Extension\AdobeNotificationClient.exe" -ServerName:CreativeCloud.AppXkc26ec7ewq1x9dww5fbpte7xrjdypftp.mca PATH: C:\Program Files\Common Files\Adobe\Adobe OS Extension\AdobeNotificationClient.exe
20250710T15:09:12Z STORRENTI LOKI: Info: MODULE: ProcessScan MESSAGE: Scanning Process PID: 18252 NAME: jusched.exe OWNER: torrs CMD: "C:\Program Files (x86)\Common Files\Java\Java Update\jusched.exe"  PATH: C:\Program Files (x86)\Common Files\Java\Java Update\jusched.exe
20250710T15:09:30Z STORRENTI LOKI: Notice: MODULE: ProcessScan MESSAGE: PE-Sieve reported patched process PID: 18252 NAME: jusched.exe OWNER: torrs CMD: "C:\Program Files (x86)\Common Files\Java\Java Update\jusched.exe"  PATH: C:\Program Files (x86)\Common Files\Java\Java Update\jusched.exe PATCHED: 2
20250710T15:09:31Z STORRENTI LOKI: Info: MODULE: ProcessScan MESSAGE: Scanning Process PID: 9936 NAME: RuntimeBroker.exe OWNER: torrs CMD: C:\Windows\System32\RuntimeBroker.exe -Embedding PATH: C:\Windows\System32\RuntimeBroker.exe
20250710T15:09:31Z STORRENTI LOKI: Info: MODULE: ProcessScan MESSAGE: PE-Sieve reported no anomalies PID: 9936 NAME: RuntimeBroker.exe OWNER: torrs CMD: C:\Windows\System32\RuntimeBroker.exe -Embedding PATH: C:\Windows\System32\RuntimeBroker.exe
20250710T15:09:31Z STORRENTI LOKI: Info: MODULE: ProcessScan MESSAGE: Scanning Process PID: 20740 NAME: msedgewebview2.exe OWNER: torrs CMD: "C:\Program Files (x86)\Microsoft\EdgeWebView\Application\138.0.3351.77\msedgewebview2.exe" --embedded-browser-webview=1 --webview-exe-name=WidgetBoard.exe --webview-exe-version=525.15301.20.0 --user-data-dir="C:\Users\torrs\AppData\Local\Packages\MicrosoftWindows.Client.WebExperience_cw5n1h2txyewy\LocalState\EBWebView" --noerrdialogs --embedded-browser-webview-dpi-awareness=2 --disk-cache-size=52428800 --edge-webview-enable-mojo-ipcz --enable-features=msSingleSignOnOSForPrimaryAccountIsShared,msEdgeFluentOverlayScrollbar --lang=fr-FR --mojo-named-platform-channel-pipe=13424.11496.13710470937116293253 /pfhostedapp:db8c44eb335051370de465f53c7a357f1d8eb33d PATH: C:\Program Files (x86)\Microsoft\EdgeWebView\Application\138.0.3351.77\msedgewebview2.exe
20250710T15:09:32Z STORRENTI LOKI: Notice: MODULE: ProcessScan MESSAGE: PE-Sieve reported patched process PID: 20740 NAME: msedgewebview2.exe OWNER: torrs CMD: "C:\Program Files (x86)\Microsoft\EdgeWebView\Application\138.0.3351.77\msedgewebview2.exe" --embedded-browser-webview=1 --webview-exe-name=WidgetBoard.exe --webview-exe-version=525.15301.20.0 --user-data-dir="C:\Users\torrs\AppData\Local\Packages\MicrosoftWindows.Client.WebExperience_cw5n1h2txyewy\LocalState\EBWebView" --noerrdialogs --embedded-browser-webview-dpi-awareness=2 --disk-cache-size=52428800 --edge-webview-enable-mojo-ipcz --enable-features=msSingleSignOnOSForPrimaryAccountIsShared,msEdgeFluentOverlayScrollbar --lang=fr-FR --mojo-named-platform-channel-pipe=13424.11496.13710470937116293253 /pfhostedapp:db8c44eb335051370de465f53c7a357f1d8eb33d PATH: C:\Program Files (x86)\Microsoft\EdgeWebView\Application\138.0.3351.77\msedgewebview2.exe PATCHED: 1
20250710T15:09:32Z STORRENTI LOKI: Info: MODULE: ProcessScan MESSAGE: Scanning Process PID: 26160 NAME: msedgewebview2.exe OWNER: torrs CMD: "C:\Program Files (x86)\Microsoft\EdgeWebView\Application\138.0.3351.77\msedgewebview2.exe" --type=crashpad-handler --user-data-dir=C:\Users\torrs\AppData\Local\Packages\MicrosoftWindows.Client.WebExperience_cw5n1h2txyewy\LocalState\EBWebView /prefetch:4 /pfhostedapp:db8c44eb335051370de465f53c7a357f1d8eb33d --monitor-self-annotation=ptype=crashpad-handler --database=C:\Users\torrs\AppData\Local\Packages\MicrosoftWindows.Client.WebExperience_cw5n1h2txyewy\LocalState\EBWebView\Crashpad --annotation=IsOfficialBuild=1 --annotation=channel= --annotation=chromium-version=138.0.7204.97 "--annotation=exe=C:\Program Files (x86)\Microsoft\EdgeWebView\Application\138.0.3351.77\msedgewebview2.exe" --annotation=plat=Win64 "--annotation=prod=Edge WebView2" --annotation=ver=138.0.3351.77 --initial-client-data=0x178,0x17c,0x180,0x154,0x188,0x7fffcf03a178,0x7fffcf03a184,0x7fffcf03a190 PATH: C:\Program Files (x86)\Microsoft\EdgeWebView\Application\138.0.3351.77\msedgewebview2.exe
20250710T15:09:32Z STORRENTI LOKI: Info: MODULE: ProcessScan MESSAGE: PE-Sieve reported no anomalies PID: 26160 NAME: msedgewebview2.exe OWNER: torrs CMD: "C:\Program Files (x86)\Microsoft\EdgeWebView\Application\138.0.3351.77\msedgewebview2.exe" --type=crashpad-handler --user-data-dir=C:\Users\torrs\AppData\Local\Packages\MicrosoftWindows.Client.WebExperience_cw5n1h2txyewy\LocalState\EBWebView /prefetch:4 /pfhostedapp:db8c44eb335051370de465f53c7a357f1d8eb33d --monitor-self-annotation=ptype=crashpad-handler --database=C:\Users\torrs\AppData\Local\Packages\MicrosoftWindows.Client.WebExperience_cw5n1h2txyewy\LocalState\EBWebView\Crashpad --annotation=IsOfficialBuild=1 --annotation=channel= --annotation=chromium-version=138.0.7204.97 "--annotation=exe=C:\Program Files (x86)\Microsoft\EdgeWebView\Application\138.0.3351.77\msedgewebview2.exe" --annotation=plat=Win64 "--annotation=prod=Edge WebView2" --annotation=ver=138.0.3351.77 --initial-client-data=0x178,0x17c,0x180,0x154,0x188,0x7fffcf03a178,0x7fffcf03a184,0x7fffcf03a190 PATH: C:\Program Files (x86)\Microsoft\EdgeWebView\Application\138.0.3351.77\msedgewebview2.exe
20250710T15:09:32Z STORRENTI LOKI: Info: MODULE: ProcessScan MESSAGE: Scanning Process PID: 12900 NAME: msedgewebview2.exe OWNER: torrs CMD: "C:\Program Files (x86)\Microsoft\EdgeWebView\Application\138.0.3351.77\msedgewebview2.exe" --type=gpu-process --noerrdialogs --user-data-dir="C:\Users\torrs\AppData\Local\Packages\MicrosoftWindows.Client.WebExperience_cw5n1h2txyewy\LocalState\EBWebView" --webview-exe-name=WidgetBoard.exe --webview-exe-version=525.15301.20.0 --embedded-browser-webview=1 --embedded-browser-webview-dpi-awareness=2 --no-pre-read-main-dll --gpu-preferences=UAAAAAAAAADgAAAEAAAAAAAAAAAAAAAAAABgAAEAAAAAAAAAAAAAAAAAAAACAAAAAAAAAAAAAAAAAAAAAAAAABAAAAAAAAAAEAAAAAAAAAAIAAAAAAAAAAgAAAAAAAAA --always-read-main-dll --field-trial-handle=1832,i,5554052982409128379,470341925311675467,262144 --enable-features=ForceSWDCompWhenDCompFallbackRequired,msAggressiveCacheTrimming,msCustomDataPartition,msEdgeFluentOverlayScrollbar,msSingleSignOnOSForPrimaryAccountIsShared,msWebView2NoTabForScreenShare,msWindowsTaskManager --disable-features=BackForwardCache,BackgroundTabLoadingFromPerformanceManager,CloseOmniboxPopupOnInactiveAreaClick,CollectAVProductsInfo,CollectCodeIntegrityInfo,EnableHangWatcher,FilterAdsOnAbusiveSites,GetWifiProtocol,LoginDetection,PreconnectToSearch,SafetyHub,SegmentationPlatform,SpareRendererForSitePerProcess,Ukm,WebPayments,msAITrackerClassification,msAbydosForWindowlessWV2,msAffirmVirtualCard,msAllowChromeWebstore,msAllowMSAPrtSSOForNonMSAProfile,msApplicationGuard,msAskBeforeClosingMultipleTabs,msAutoToggleAADPrtSSOForNonAADProfile,msAutofillEdgeCoupons,msAutofillEdgeCouponsAutoApply,msAutofillEdgeServiceRequest,msAutofillEnableEdgeSuggestions,msAutomaticTabFreeze,msBrowserSettingsSupported,msCoarseGeolocationService,msDataProtection,msDesktopMode,msDesktopRewards,msDisableVariationsSeedFetchThrottling,msEEProactiveHistory,msETFOffstoreExtensionFileDataCollection,msETFPasswordTheftDNRActionSignals,msEdgeAdPlatformUI,msEdgeAddWebCapturetoCollections,msEdgeAutofillShowDeployedPassword,msEdgeCaptureSelectionInPDF,msEdgeCloudConfigService,msEdgeCloudConfigServiceV2,msEdgeCohorts,msEdgeCollectionsPrismExperiment1,msEdgeCollectionsPrismOverallMigration,msEdgeComposeNext,msEdgeEnableNurturingFramework,msEdgeEnclavePrefsBasic,msEdgeEnclavePrefsNotification,msEdgeFaviconService,msEdgeHJTelemetry,msEdgeHubAppSkype,msEdgeImageEditorUI,msEdgeLinkDoctor,msEdgeMouseGestureDefaultEnabled,msEdgeMouseGestureSupported,msEdgeNewDeviceFre,msEdgeOnRampFRE,msEdgeOnRampImport,msEdgePDFCMHighlightUX,msEdgePasswordIris,msEdgePasswordIrisSaveBubble,msEdgeProngPersonalization,msEdgeReadingView,msEdgeRose,msEdgeScreenshotUI,msEdgeSendTabToSelf,msEdgeSettingsImport,msEdgeSettingsImportV2,msEdgeShoppingPersistentStorage,msEdgeShoppingUI,msEdgeSmartFind,msEdgeSuperDragDefaultEnabled,msEdgeSuperDragDropSupported,msEdgeTipping,msEdgeTranslate,msEdgeUseCaptivePortalService,msEdgeWebCapture,msEdgeWebCaptureUniformExperience,msEdgeWebContentFilteringFeedback,msEdgeWorkSearchBanner,msEnableCustomJobMemoryLimitsOnXbox,msEnableMIPForPDF,msEnablePdfUpsell,msEnableThirdPartyScanning,msEnableWebSignInCta,msEnableWebToBrowserSignIn,msEndpointDlp,msEntityExtraction,msExtensionTelemetryFramework,msExternalTaskManager,msFileSystemAccessDirectoryIterationBlocklistCheck,msForceBrowserSignIn,msForeignSessionsPage,msGeolocationAccessService,msGeolocationOSLocationPermissionFallback,msGeolocationSQMService,msGeolocationService,msGrowthInfraLaunchSourceLogging,msGuidedSwitchAllowed,msHubPinPersist,msImplicitSignin,msIrm,msIrmv2,msKlarnaVirtualCard,msLlmConsumerDlpPurview,msLoadStatistics,msLogIsEdgePinnedToTaskbarOnLaunch,msMIPCrossTenantPdfViewSupport,msMdatpWebSiteDlp,msNotificationPermissionForPWA,msNumberOfSitesToPin,msNurturingSitePinningWithWindowsConsent,msOnHoverSearchInSidebar,msOpenOfficeDocumentsInWebViewer,msPasswordBreachDetection,msPdfAnnotationsVisibility,msPdfDataRecovery,msPdfDigitalSignatureRead,msPdfFreeText,msPdfFreeTextForCJK,msPdfHighlightMode,msPdfInking,msPdfKeyphraseSupport,msPdfOOUI,msPdfPopupMarkerRenderer,msPdfShare,msPdfSharedLibrary,msPdfTextNote,msPdfTextNoteMoreMenu,msPdfThumbnailCache,msPdfUnderside,msPdfViewRestore,msPersonalizationUMA,msPriceComparison,msPromptDefaultHandlerForPDF,msReactiveSearch,msReadAloud,msReadAloudPdf,msRedirectToShoreline,msRevokeExtensions,msSaasDlp,msShoppingTrigger,msShorelineSearch,msShorelineSearchFindOnPageWebUI,msShowOfflineGameEntrance,msShowReadAloudIconInAddressBar,msShowUXForAADPrtSSOForNonAADProfile,msSitePinningWithoutUi,msSuspendMessageForNewSessionWhenHavingPendingNavigation,msSyncEdgeCollections,msTabResourceStats,msTokenizationAutofillInlineEnabled,msTouchMode,msTriggeringSignalGenerator,msUserUnderstanding,msVideoSuperResolutionUI,msWalletBuyNow,msWalletCheckout,msWalletDiagnosticDataLogger,msWalletHubEntry,msWalletHubIntlP3,msWalletPartialCard,msWalletPasswordCategorization,msWalletPasswordCategorizationPlatformExpansion,msWalletTokenizationCardMetadata,msWalletTokenizedAutofill,msWebAssist,msWebAssistHistorySearchService,msWebOOUI,msWindowsUserActivities,msZipPayVirtualCard --variations-seed-version --mojo-platform-channel-handle=1828 /prefetch:2 /pfhostedapp:db8c44eb335051370de465f53c7a357f1d8eb33d PATH: C:\Program Files (x86)\Microsoft\EdgeWebView\Application\138.0.3351.77\msedgewebview2.exe
20250710T15:09:33Z STORRENTI LOKI: Notice: MODULE: ProcessScan MESSAGE: PE-Sieve reported patched process PID: 12900 NAME: msedgewebview2.exe OWNER: torrs CMD: "C:\Program Files (x86)\Microsoft\EdgeWebView\Application\138.0.3351.77\msedgewebview2.exe" --type=gpu-process --noerrdialogs --user-data-dir="C:\Users\torrs\AppData\Local\Packages\MicrosoftWindows.Client.WebExperience_cw5n1h2txyewy\LocalState\EBWebView" --webview-exe-name=WidgetBoard.exe --webview-exe-version=525.15301.20.0 --embedded-browser-webview=1 --embedded-browser-webview-dpi-awareness=2 --no-pre-read-main-dll --gpu-preferences=UAAAAAAAAADgAAAEAAAAAAAAAAAAAAAAAABgAAEAAAAAAAAAAAAAAAAAAAACAAAAAAAAAAAAAAAAAAAAAAAAABAAAAAAAAAAEAAAAAAAAAAIAAAAAAAAAAgAAAAAAAAA --always-read-main-dll --field-trial-handle=1832,i,5554052982409128379,470341925311675467,262144 --enable-features=ForceSWDCompWhenDCompFallbackRequired,msAggressiveCacheTrimming,msCustomDataPartition,msEdgeFluentOverlayScrollbar,msSingleSignOnOSForPrimaryAccountIsShared,msWebView2NoTabForScreenShare,msWindowsTaskManager --disable-features=BackForwardCache,BackgroundTabLoadingFromPerformanceManager,CloseOmniboxPopupOnInactiveAreaClick,CollectAVProductsInfo,CollectCodeIntegrityInfo,EnableHangWatcher,FilterAdsOnAbusiveSites,GetWifiProtocol,LoginDetection,PreconnectToSearch,SafetyHub,SegmentationPlatform,SpareRendererForSitePerProcess,Ukm,WebPayments,msAITrackerClassification,msAbydosForWindowlessWV2,msAffirmVirtualCard,msAllowChromeWebstore,msAllowMSAPrtSSOForNonMSAProfile,msApplicationGuard,msAskBeforeClosingMultipleTabs,msAutoToggleAADPrtSSOForNonAADProfile,msAutofillEdgeCoupons,msAutofillEdgeCouponsAutoApply,msAutofillEdgeServiceRequest,msAutofillEnableEdgeSuggestions,msAutomaticTabFreeze,msBrowserSettingsSupported,msCoarseGeolocationService,msDataProtection,msDesktopMode,msDesktopRewards,msDisableVariationsSeedFetchThrottling,msEEProactiveHistory,msETFOffstoreExtensionFileDataCollection,msETFPasswordTheftDNRActionSignals,msEdgeAdPlatformUI,msEdgeAddWebCapturetoCollections,msEdgeAutofillShowDeployedPassword,msEdgeCaptureSelectionInPDF,msEdgeCloudConfigService,msEdgeCloudConfigServiceV2,msEdgeCohorts,msEdgeCollectionsPrismExperiment1,msEdgeCollectionsPrismOverallMigration,msEdgeComposeNext,msEdgeEnableNurturingFramework,msEdgeEnclavePrefsBasic,msEdgeEnclavePrefsNotification,msEdgeFaviconService,msEdgeHJTelemetry,msEdgeHubAppSkype,msEdgeImageEditorUI,msEdgeLinkDoctor,msEdgeMouseGestureDefaultEnabled,msEdgeMouseGestureSupported,msEdgeNewDeviceFre,msEdgeOnRampFRE,msEdgeOnRampImport,msEdgePDFCMHighlightUX,msEdgePasswordIris,msEdgePasswordIrisSaveBubble,msEdgeProngPersonalization,msEdgeReadingView,msEdgeRose,msEdgeScreenshotUI,msEdgeSendTabToSelf,msEdgeSettingsImport,msEdgeSettingsImportV2,msEdgeShoppingPersistentStorage,msEdgeShoppingUI,msEdgeSmartFind,msEdgeSuperDragDefaultEnabled,msEdgeSuperDragDropSupported,msEdgeTipping,msEdgeTranslate,msEdgeUseCaptivePortalService,msEdgeWebCapture,msEdgeWebCaptureUniformExperience,msEdgeWebContentFilteringFeedback,msEdgeWorkSearchBanner,msEnableCustomJobMemoryLimitsOnXbox,msEnableMIPForPDF,msEnablePdfUpsell,msEnableThirdPartyScanning,msEnableWebSignInCta,msEnableWebToBrowserSignIn,msEndpointDlp,msEntityExtraction,msExtensionTelemetryFramework,msExternalTaskManager,msFileSystemAccessDirectoryIterationBlocklistCheck,msForceBrowserSignIn,msForeignSessionsPage,msGeolocationAccessService,msGeolocationOSLocationPermissionFallback,msGeolocationSQMService,msGeolocationService,msGrowthInfraLaunchSourceLogging,msGuidedSwitchAllowed,msHubPinPersist,msImplicitSignin,msIrm,msIrmv2,msKlarnaVirtualCard,msLlmConsumerDlpPurview,msLoadStatistics,msLogIsEdgePinnedToTaskbarOnLaunch,msMIPCrossTenantPdfViewSupport,msMdatpWebSiteDlp,msNotificationPermissionForPWA,msNumberOfSitesToPin,msNurturingSitePinningWithWindowsConsent,msOnHoverSearchInSidebar,msOpenOfficeDocumentsInWebViewer,msPasswordBreachDetection,msPdfAnnotationsVisibility,msPdfDataRecovery,msPdfDigitalSignatureRead,msPdfFreeText,msPdfFreeTextForCJK,msPdfHighlightMode,msPdfInking,msPdfKeyphraseSupport,msPdfOOUI,msPdfPopupMarkerRenderer,msPdfShare,msPdfSharedLibrary,msPdfTextNote,msPdfTextNoteMoreMenu,msPdfThumbnailCache,msPdfUnderside,msPdfViewRestore,msPersonalizationUMA,msPriceComparison,msPromptDefaultHandlerForPDF,msReactiveSearch,msReadAloud,msReadAloudPdf,msRedirectToShoreline,msRevokeExtensions,msSaasDlp,msShoppingTrigger,msShorelineSearch,msShorelineSearchFindOnPageWebUI,msShowOfflineGameEntrance,msShowReadAloudIconInAddressBar,msShowUXForAADPrtSSOForNonAADProfile,msSitePinningWithoutUi,msSuspendMessageForNewSessionWhenHavingPendingNavigation,msSyncEdgeCollections,msTabResourceStats,msTokenizationAutofillInlineEnabled,msTouchMode,msTriggeringSignalGenerator,msUserUnderstanding,msVideoSuperResolutionUI,msWalletBuyNow,msWalletCheckout,msWalletDiagnosticDataLogger,msWalletHubEntry,msWalletHubIntlP3,msWalletPartialCard,msWalletPasswordCategorization,msWalletPasswordCategorizationPlatformExpansion,msWalletTokenizationCardMetadata,msWalletTokenizedAutofill,msWebAssist,msWebAssistHistorySearchService,msWebOOUI,msWindowsUserActivities,msZipPayVirtualCard --variations-seed-version --mojo-platform-channel-handle=1828 /prefetch:2 /pfhostedapp:db8c44eb335051370de465f53c7a357f1d8eb33d PATH: C:\Program Files (x86)\Microsoft\EdgeWebView\Application\138.0.3351.77\msedgewebview2.exe PATCHED: 1
20250710T15:09:33Z STORRENTI LOKI: Info: MODULE: ProcessScan MESSAGE: Scanning Process PID: 8132 NAME: msedgewebview2.exe OWNER: torrs CMD: "C:\Program Files (x86)\Microsoft\EdgeWebView\Application\138.0.3351.77\msedgewebview2.exe" --type=utility --utility-sub-type=network.mojom.NetworkService --lang=fr --service-sandbox-type=none --noerrdialogs --user-data-dir="C:\Users\torrs\AppData\Local\Packages\MicrosoftWindows.Client.WebExperience_cw5n1h2txyewy\LocalState\EBWebView" --webview-exe-name=WidgetBoard.exe --webview-exe-version=525.15301.20.0 --embedded-browser-webview=1 --embedded-browser-webview-dpi-awareness=2 --no-pre-read-main-dll --always-read-main-dll --field-trial-handle=1832,i,5554052982409128379,470341925311675467,262144 --enable-features=ForceSWDCompWhenDCompFallbackRequired,msAggressiveCacheTrimming,msCustomDataPartition,msEdgeFluentOverlayScrollbar,msSingleSignOnOSForPrimaryAccountIsShared,msWebView2NoTabForScreenShare,msWindowsTaskManager --disable-features=BackForwardCache,BackgroundTabLoadingFromPerformanceManager,CloseOmniboxPopupOnInactiveAreaClick,CollectAVProductsInfo,CollectCodeIntegrityInfo,EnableHangWatcher,FilterAdsOnAbusiveSites,GetWifiProtocol,LoginDetection,PreconnectToSearch,SafetyHub,SegmentationPlatform,SpareRendererForSitePerProcess,Ukm,WebPayments,msAITrackerClassification,msAbydosForWindowlessWV2,msAffirmVirtualCard,msAllowChromeWebstore,msAllowMSAPrtSSOForNonMSAProfile,msApplicationGuard,msAskBeforeClosingMultipleTabs,msAutoToggleAADPrtSSOForNonAADProfile,msAutofillEdgeCoupons,msAutofillEdgeCouponsAutoApply,msAutofillEdgeServiceRequest,msAutofillEnableEdgeSuggestions,msAutomaticTabFreeze,msBrowserSettingsSupported,msCoarseGeolocationService,msDataProtection,msDesktopMode,msDesktopRewards,msDisableVariationsSeedFetchThrottling,msEEProactiveHistory,msETFOffstoreExtensionFileDataCollection,msETFPasswordTheftDNRActionSignals,msEdgeAdPlatformUI,msEdgeAddWebCapturetoCollections,msEdgeAutofillShowDeployedPassword,msEdgeCaptureSelectionInPDF,msEdgeCloudConfigService,msEdgeCloudConfigServiceV2,msEdgeCohorts,msEdgeCollectionsPrismExperiment1,msEdgeCollectionsPrismOverallMigration,msEdgeComposeNext,msEdgeEnableNurturingFramework,msEdgeEnclavePrefsBasic,msEdgeEnclavePrefsNotification,msEdgeFaviconService,msEdgeHJTelemetry,msEdgeHubAppSkype,msEdgeImageEditorUI,msEdgeLinkDoctor,msEdgeMouseGestureDefaultEnabled,msEdgeMouseGestureSupported,msEdgeNewDeviceFre,msEdgeOnRampFRE,msEdgeOnRampImport,msEdgePDFCMHighlightUX,msEdgePasswordIris,msEdgePasswordIrisSaveBubble,msEdgeProngPersonalization,msEdgeReadingView,msEdgeRose,msEdgeScreenshotUI,msEdgeSendTabToSelf,msEdgeSettingsImport,msEdgeSettingsImportV2,msEdgeShoppingPersistentStorage,msEdgeShoppingUI,msEdgeSmartFind,msEdgeSuperDragDefaultEnabled,msEdgeSuperDragDropSupported,msEdgeTipping,msEdgeTranslate,msEdgeUseCaptivePortalService,msEdgeWebCapture,msEdgeWebCaptureUniformExperience,msEdgeWebContentFilteringFeedback,msEdgeWorkSearchBanner,msEnableCustomJobMemoryLimitsOnXbox,msEnableMIPForPDF,msEnablePdfUpsell,msEnableThirdPartyScanning,msEnableWebSignInCta,msEnableWebToBrowserSignIn,msEndpointDlp,msEntityExtraction,msExtensionTelemetryFramework,msExternalTaskManager,msFileSystemAccessDirectoryIterationBlocklistCheck,msForceBrowserSignIn,msForeignSessionsPage,msGeolocationAccessService,msGeolocationOSLocationPermissionFallback,msGeolocationSQMService,msGeolocationService,msGrowthInfraLaunchSourceLogging,msGuidedSwitchAllowed,msHubPinPersist,msImplicitSignin,msIrm,msIrmv2,msKlarnaVirtualCard,msLlmConsumerDlpPurview,msLoadStatistics,msLogIsEdgePinnedToTaskbarOnLaunch,msMIPCrossTenantPdfViewSupport,msMdatpWebSiteDlp,msNotificationPermissionForPWA,msNumberOfSitesToPin,msNurturingSitePinningWithWindowsConsent,msOnHoverSearchInSidebar,msOpenOfficeDocumentsInWebViewer,msPasswordBreachDetection,msPdfAnnotationsVisibility,msPdfDataRecovery,msPdfDigitalSignatureRead,msPdfFreeText,msPdfFreeTextForCJK,msPdfHighlightMode,msPdfInking,msPdfKeyphraseSupport,msPdfOOUI,msPdfPopupMarkerRenderer,msPdfShare,msPdfSharedLibrary,msPdfTextNote,msPdfTextNoteMoreMenu,msPdfThumbnailCache,msPdfUnderside,msPdfViewRestore,msPersonalizationUMA,msPriceComparison,msPromptDefaultHandlerForPDF,msReactiveSearch,msReadAloud,msReadAloudPdf,msRedirectToShoreline,msRevokeExtensions,msSaasDlp,msShoppingTrigger,msShorelineSearch,msShorelineSearchFindOnPageWebUI,msShowOfflineGameEntrance,msShowReadAloudIconInAddressBar,msShowUXForAADPrtSSOForNonAADProfile,msSitePinningWithoutUi,msSuspendMessageForNewSessionWhenHavingPendingNavigation,msSyncEdgeCollections,msTabResourceStats,msTokenizationAutofillInlineEnabled,msTouchMode,msTriggeringSignalGenerator,msUserUnderstanding,msVideoSuperResolutionUI,msWalletBuyNow,msWalletCheckout,msWalletDiagnosticDataLogger,msWalletHubEntry,msWalletHubIntlP3,msWalletPartialCard,msWalletPasswordCategorization,msWalletPasswordCategorizationPlatformExpansion,msWalletTokenizationCardMetadata,msWalletTokenizedAutofill,msWebAssist,msWebAssistHistorySearchService,msWebOOUI,msWindowsUserActivities,msZipPayVirtualCard --variations-seed-version --mojo-platform-channel-handle=2004 /prefetch:11 /pfhostedapp:db8c44eb335051370de465f53c7a357f1d8eb33d PATH: C:\Program Files (x86)\Microsoft\EdgeWebView\Application\138.0.3351.77\msedgewebview2.exe
20250710T15:09:33Z STORRENTI LOKI: Info: MODULE: ProcessScan MESSAGE: PE-Sieve reported no anomalies PID: 8132 NAME: msedgewebview2.exe OWNER: torrs CMD: "C:\Program Files (x86)\Microsoft\EdgeWebView\Application\138.0.3351.77\msedgewebview2.exe" --type=utility --utility-sub-type=network.mojom.NetworkService --lang=fr --service-sandbox-type=none --noerrdialogs --user-data-dir="C:\Users\torrs\AppData\Local\Packages\MicrosoftWindows.Client.WebExperience_cw5n1h2txyewy\LocalState\EBWebView" --webview-exe-name=WidgetBoard.exe --webview-exe-version=525.15301.20.0 --embedded-browser-webview=1 --embedded-browser-webview-dpi-awareness=2 --no-pre-read-main-dll --always-read-main-dll --field-trial-handle=1832,i,5554052982409128379,470341925311675467,262144 --enable-features=ForceSWDCompWhenDCompFallbackRequired,msAggressiveCacheTrimming,msCustomDataPartition,msEdgeFluentOverlayScrollbar,msSingleSignOnOSForPrimaryAccountIsShared,msWebView2NoTabForScreenShare,msWindowsTaskManager --disable-features=BackForwardCache,BackgroundTabLoadingFromPerformanceManager,CloseOmniboxPopupOnInactiveAreaClick,CollectAVProductsInfo,CollectCodeIntegrityInfo,EnableHangWatcher,FilterAdsOnAbusiveSites,GetWifiProtocol,LoginDetection,PreconnectToSearch,SafetyHub,SegmentationPlatform,SpareRendererForSitePerProcess,Ukm,WebPayments,msAITrackerClassification,msAbydosForWindowlessWV2,msAffirmVirtualCard,msAllowChromeWebstore,msAllowMSAPrtSSOForNonMSAProfile,msApplicationGuard,msAskBeforeClosingMultipleTabs,msAutoToggleAADPrtSSOForNonAADProfile,msAutofillEdgeCoupons,msAutofillEdgeCouponsAutoApply,msAutofillEdgeServiceRequest,msAutofillEnableEdgeSuggestions,msAutomaticTabFreeze,msBrowserSettingsSupported,msCoarseGeolocationService,msDataProtection,msDesktopMode,msDesktopRewards,msDisableVariationsSeedFetchThrottling,msEEProactiveHistory,msETFOffstoreExtensionFileDataCollection,msETFPasswordTheftDNRActionSignals,msEdgeAdPlatformUI,msEdgeAddWebCapturetoCollections,msEdgeAutofillShowDeployedPassword,msEdgeCaptureSelectionInPDF,msEdgeCloudConfigService,msEdgeCloudConfigServiceV2,msEdgeCohorts,msEdgeCollectionsPrismExperiment1,msEdgeCollectionsPrismOverallMigration,msEdgeComposeNext,msEdgeEnableNurturingFramework,msEdgeEnclavePrefsBasic,msEdgeEnclavePrefsNotification,msEdgeFaviconService,msEdgeHJTelemetry,msEdgeHubAppSkype,msEdgeImageEditorUI,msEdgeLinkDoctor,msEdgeMouseGestureDefaultEnabled,msEdgeMouseGestureSupported,msEdgeNewDeviceFre,msEdgeOnRampFRE,msEdgeOnRampImport,msEdgePDFCMHighlightUX,msEdgePasswordIris,msEdgePasswordIrisSaveBubble,msEdgeProngPersonalization,msEdgeReadingView,msEdgeRose,msEdgeScreenshotUI,msEdgeSendTabToSelf,msEdgeSettingsImport,msEdgeSettingsImportV2,msEdgeShoppingPersistentStorage,msEdgeShoppingUI,msEdgeSmartFind,msEdgeSuperDragDefaultEnabled,msEdgeSuperDragDropSupported,msEdgeTipping,msEdgeTranslate,msEdgeUseCaptivePortalService,msEdgeWebCapture,msEdgeWebCaptureUniformExperience,msEdgeWebContentFilteringFeedback,msEdgeWorkSearchBanner,msEnableCustomJobMemoryLimitsOnXbox,msEnableMIPForPDF,msEnablePdfUpsell,msEnableThirdPartyScanning,msEnableWebSignInCta,msEnableWebToBrowserSignIn,msEndpointDlp,msEntityExtraction,msExtensionTelemetryFramework,msExternalTaskManager,msFileSystemAccessDirectoryIterationBlocklistCheck,msForceBrowserSignIn,msForeignSessionsPage,msGeolocationAccessService,msGeolocationOSLocationPermissionFallback,msGeolocationSQMService,msGeolocationService,msGrowthInfraLaunchSourceLogging,msGuidedSwitchAllowed,msHubPinPersist,msImplicitSignin,msIrm,msIrmv2,msKlarnaVirtualCard,msLlmConsumerDlpPurview,msLoadStatistics,msLogIsEdgePinnedToTaskbarOnLaunch,msMIPCrossTenantPdfViewSupport,msMdatpWebSiteDlp,msNotificationPermissionForPWA,msNumberOfSitesToPin,msNurturingSitePinningWithWindowsConsent,msOnHoverSearchInSidebar,msOpenOfficeDocumentsInWebViewer,msPasswordBreachDetection,msPdfAnnotationsVisibility,msPdfDataRecovery,msPdfDigitalSignatureRead,msPdfFreeText,msPdfFreeTextForCJK,msPdfHighlightMode,msPdfInking,msPdfKeyphraseSupport,msPdfOOUI,msPdfPopupMarkerRenderer,msPdfShare,msPdfSharedLibrary,msPdfTextNote,msPdfTextNoteMoreMenu,msPdfThumbnailCache,msPdfUnderside,msPdfViewRestore,msPersonalizationUMA,msPriceComparison,msPromptDefaultHandlerForPDF,msReactiveSearch,msReadAloud,msReadAloudPdf,msRedirectToShoreline,msRevokeExtensions,msSaasDlp,msShoppingTrigger,msShorelineSearch,msShorelineSearchFindOnPageWebUI,msShowOfflineGameEntrance,msShowReadAloudIconInAddressBar,msShowUXForAADPrtSSOForNonAADProfile,msSitePinningWithoutUi,msSuspendMessageForNewSessionWhenHavingPendingNavigation,msSyncEdgeCollections,msTabResourceStats,msTokenizationAutofillInlineEnabled,msTouchMode,msTriggeringSignalGenerator,msUserUnderstanding,msVideoSuperResolutionUI,msWalletBuyNow,msWalletCheckout,msWalletDiagnosticDataLogger,msWalletHubEntry,msWalletHubIntlP3,msWalletPartialCard,msWalletPasswordCategorization,msWalletPasswordCategorizationPlatformExpansion,msWalletTokenizationCardMetadata,msWalletTokenizedAutofill,msWebAssist,msWebAssistHistorySearchService,msWebOOUI,msWindowsUserActivities,msZipPayVirtualCard --variations-seed-version --mojo-platform-channel-handle=2004 /prefetch:11 /pfhostedapp:db8c44eb335051370de465f53c7a357f1d8eb33d PATH: C:\Program Files (x86)\Microsoft\EdgeWebView\Application\138.0.3351.77\msedgewebview2.exe
20250710T15:09:34Z STORRENTI LOKI: Info: MODULE: ProcessScan MESSAGE: Scanning Process PID: 13764 NAME: msedgewebview2.exe OWNER: torrs CMD: "C:\Program Files (x86)\Microsoft\EdgeWebView\Application\138.0.3351.77\msedgewebview2.exe" --type=utility --utility-sub-type=storage.mojom.StorageService --lang=fr --service-sandbox-type=service --noerrdialogs --user-data-dir="C:\Users\torrs\AppData\Local\Packages\MicrosoftWindows.Client.WebExperience_cw5n1h2txyewy\LocalState\EBWebView" --webview-exe-name=WidgetBoard.exe --webview-exe-version=525.15301.20.0 --embedded-browser-webview=1 --embedded-browser-webview-dpi-awareness=2 --no-pre-read-main-dll --always-read-main-dll --field-trial-handle=1832,i,5554052982409128379,470341925311675467,262144 --enable-features=ForceSWDCompWhenDCompFallbackRequired,msAggressiveCacheTrimming,msCustomDataPartition,msEdgeFluentOverlayScrollbar,msSingleSignOnOSForPrimaryAccountIsShared,msWebView2NoTabForScreenShare,msWindowsTaskManager --disable-features=BackForwardCache,BackgroundTabLoadingFromPerformanceManager,CloseOmniboxPopupOnInactiveAreaClick,CollectAVProductsInfo,CollectCodeIntegrityInfo,EnableHangWatcher,FilterAdsOnAbusiveSites,GetWifiProtocol,LoginDetection,PreconnectToSearch,SafetyHub,SegmentationPlatform,SpareRendererForSitePerProcess,Ukm,WebPayments,msAITrackerClassification,msAbydosForWindowlessWV2,msAffirmVirtualCard,msAllowChromeWebstore,msAllowMSAPrtSSOForNonMSAProfile,msApplicationGuard,msAskBeforeClosingMultipleTabs,msAutoToggleAADPrtSSOForNonAADProfile,msAutofillEdgeCoupons,msAutofillEdgeCouponsAutoApply,msAutofillEdgeServiceRequest,msAutofillEnableEdgeSuggestions,msAutomaticTabFreeze,msBrowserSettingsSupported,msCoarseGeolocationService,msDataProtection,msDesktopMode,msDesktopRewards,msDisableVariationsSeedFetchThrottling,msEEProactiveHistory,msETFOffstoreExtensionFileDataCollection,msETFPasswordTheftDNRActionSignals,msEdgeAdPlatformUI,msEdgeAddWebCapturetoCollections,msEdgeAutofillShowDeployedPassword,msEdgeCaptureSelectionInPDF,msEdgeCloudConfigService,msEdgeCloudConfigServiceV2,msEdgeCohorts,msEdgeCollectionsPrismExperiment1,msEdgeCollectionsPrismOverallMigration,msEdgeComposeNext,msEdgeEnableNurturingFramework,msEdgeEnclavePrefsBasic,msEdgeEnclavePrefsNotification,msEdgeFaviconService,msEdgeHJTelemetry,msEdgeHubAppSkype,msEdgeImageEditorUI,msEdgeLinkDoctor,msEdgeMouseGestureDefaultEnabled,msEdgeMouseGestureSupported,msEdgeNewDeviceFre,msEdgeOnRampFRE,msEdgeOnRampImport,msEdgePDFCMHighlightUX,msEdgePasswordIris,msEdgePasswordIrisSaveBubble,msEdgeProngPersonalization,msEdgeReadingView,msEdgeRose,msEdgeScreenshotUI,msEdgeSendTabToSelf,msEdgeSettingsImport,msEdgeSettingsImportV2,msEdgeShoppingPersistentStorage,msEdgeShoppingUI,msEdgeSmartFind,msEdgeSuperDragDefaultEnabled,msEdgeSuperDragDropSupported,msEdgeTipping,msEdgeTranslate,msEdgeUseCaptivePortalService,msEdgeWebCapture,msEdgeWebCaptureUniformExperience,msEdgeWebContentFilteringFeedback,msEdgeWorkSearchBanner,msEnableCustomJobMemoryLimitsOnXbox,msEnableMIPForPDF,msEnablePdfUpsell,msEnableThirdPartyScanning,msEnableWebSignInCta,msEnableWebToBrowserSignIn,msEndpointDlp,msEntityExtraction,msExtensionTelemetryFramework,msExternalTaskManager,msFileSystemAccessDirectoryIterationBlocklistCheck,msForceBrowserSignIn,msForeignSessionsPage,msGeolocationAccessService,msGeolocationOSLocationPermissionFallback,msGeolocationSQMService,msGeolocationService,msGrowthInfraLaunchSourceLogging,msGuidedSwitchAllowed,msHubPinPersist,msImplicitSignin,msIrm,msIrmv2,msKlarnaVirtualCard,msLlmConsumerDlpPurview,msLoadStatistics,msLogIsEdgePinnedToTaskbarOnLaunch,msMIPCrossTenantPdfViewSupport,msMdatpWebSiteDlp,msNotificationPermissionForPWA,msNumberOfSitesToPin,msNurturingSitePinningWithWindowsConsent,msOnHoverSearchInSidebar,msOpenOfficeDocumentsInWebViewer,msPasswordBreachDetection,msPdfAnnotationsVisibility,msPdfDataRecovery,msPdfDigitalSignatureRead,msPdfFreeText,msPdfFreeTextForCJK,msPdfHighlightMode,msPdfInking,msPdfKeyphraseSupport,msPdfOOUI,msPdfPopupMarkerRenderer,msPdfShare,msPdfSharedLibrary,msPdfTextNote,msPdfTextNoteMoreMenu,msPdfThumbnailCache,msPdfUnderside,msPdfViewRestore,msPersonalizationUMA,msPriceComparison,msPromptDefaultHandlerForPDF,msReactiveSearch,msReadAloud,msReadAloudPdf,msRedirectToShoreline,msRevokeExtensions,msSaasDlp,msShoppingTrigger,msShorelineSearch,msShorelineSearchFindOnPageWebUI,msShowOfflineGameEntrance,msShowReadAloudIconInAddressBar,msShowUXForAADPrtSSOForNonAADProfile,msSitePinningWithoutUi,msSuspendMessageForNewSessionWhenHavingPendingNavigation,msSyncEdgeCollections,msTabResourceStats,msTokenizationAutofillInlineEnabled,msTouchMode,msTriggeringSignalGenerator,msUserUnderstanding,msVideoSuperResolutionUI,msWalletBuyNow,msWalletCheckout,msWalletDiagnosticDataLogger,msWalletHubEntry,msWalletHubIntlP3,msWalletPartialCard,msWalletPasswordCategorization,msWalletPasswordCategorizationPlatformExpansion,msWalletTokenizationCardMetadata,msWalletTokenizedAutofill,msWebAssist,msWebAssistHistorySearchService,msWebOOUI,msWindowsUserActivities,msZipPayVirtualCard --variations-seed-version --mojo-platform-channel-handle=2404 /prefetch:13 /pfhostedapp:db8c44eb335051370de465f53c7a357f1d8eb33d PATH: C:\Program Files (x86)\Microsoft\EdgeWebView\Application\138.0.3351.77\msedgewebview2.exe
20250710T15:09:34Z STORRENTI LOKI: Notice: MODULE: ProcessScan MESSAGE: PE-Sieve reported patched process PID: 13764 NAME: msedgewebview2.exe OWNER: torrs CMD: "C:\Program Files (x86)\Microsoft\EdgeWebView\Application\138.0.3351.77\msedgewebview2.exe" --type=utility --utility-sub-type=storage.mojom.StorageService --lang=fr --service-sandbox-type=service --noerrdialogs --user-data-dir="C:\Users\torrs\AppData\Local\Packages\MicrosoftWindows.Client.WebExperience_cw5n1h2txyewy\LocalState\EBWebView" --webview-exe-name=WidgetBoard.exe --webview-exe-version=525.15301.20.0 --embedded-browser-webview=1 --embedded-browser-webview-dpi-awareness=2 --no-pre-read-main-dll --always-read-main-dll --field-trial-handle=1832,i,5554052982409128379,470341925311675467,262144 --enable-features=ForceSWDCompWhenDCompFallbackRequired,msAggressiveCacheTrimming,msCustomDataPartition,msEdgeFluentOverlayScrollbar,msSingleSignOnOSForPrimaryAccountIsShared,msWebView2NoTabForScreenShare,msWindowsTaskManager --disable-features=BackForwardCache,BackgroundTabLoadingFromPerformanceManager,CloseOmniboxPopupOnInactiveAreaClick,CollectAVProductsInfo,CollectCodeIntegrityInfo,EnableHangWatcher,FilterAdsOnAbusiveSites,GetWifiProtocol,LoginDetection,PreconnectToSearch,SafetyHub,SegmentationPlatform,SpareRendererForSitePerProcess,Ukm,WebPayments,msAITrackerClassification,msAbydosForWindowlessWV2,msAffirmVirtualCard,msAllowChromeWebstore,msAllowMSAPrtSSOForNonMSAProfile,msApplicationGuard,msAskBeforeClosingMultipleTabs,msAutoToggleAADPrtSSOForNonAADProfile,msAutofillEdgeCoupons,msAutofillEdgeCouponsAutoApply,msAutofillEdgeServiceRequest,msAutofillEnableEdgeSuggestions,msAutomaticTabFreeze,msBrowserSettingsSupported,msCoarseGeolocationService,msDataProtection,msDesktopMode,msDesktopRewards,msDisableVariationsSeedFetchThrottling,msEEProactiveHistory,msETFOffstoreExtensionFileDataCollection,msETFPasswordTheftDNRActionSignals,msEdgeAdPlatformUI,msEdgeAddWebCapturetoCollections,msEdgeAutofillShowDeployedPassword,msEdgeCaptureSelectionInPDF,msEdgeCloudConfigService,msEdgeCloudConfigServiceV2,msEdgeCohorts,msEdgeCollectionsPrismExperiment1,msEdgeCollectionsPrismOverallMigration,msEdgeComposeNext,msEdgeEnableNurturingFramework,msEdgeEnclavePrefsBasic,msEdgeEnclavePrefsNotification,msEdgeFaviconService,msEdgeHJTelemetry,msEdgeHubAppSkype,msEdgeImageEditorUI,msEdgeLinkDoctor,msEdgeMouseGestureDefaultEnabled,msEdgeMouseGestureSupported,msEdgeNewDeviceFre,msEdgeOnRampFRE,msEdgeOnRampImport,msEdgePDFCMHighlightUX,msEdgePasswordIris,msEdgePasswordIrisSaveBubble,msEdgeProngPersonalization,msEdgeReadingView,msEdgeRose,msEdgeScreenshotUI,msEdgeSendTabToSelf,msEdgeSettingsImport,msEdgeSettingsImportV2,msEdgeShoppingPersistentStorage,msEdgeShoppingUI,msEdgeSmartFind,msEdgeSuperDragDefaultEnabled,msEdgeSuperDragDropSupported,msEdgeTipping,msEdgeTranslate,msEdgeUseCaptivePortalService,msEdgeWebCapture,msEdgeWebCaptureUniformExperience,msEdgeWebContentFilteringFeedback,msEdgeWorkSearchBanner,msEnableCustomJobMemoryLimitsOnXbox,msEnableMIPForPDF,msEnablePdfUpsell,msEnableThirdPartyScanning,msEnableWebSignInCta,msEnableWebToBrowserSignIn,msEndpointDlp,msEntityExtraction,msExtensionTelemetryFramework,msExternalTaskManager,msFileSystemAccessDirectoryIterationBlocklistCheck,msForceBrowserSignIn,msForeignSessionsPage,msGeolocationAccessService,msGeolocationOSLocationPermissionFallback,msGeolocationSQMService,msGeolocationService,msGrowthInfraLaunchSourceLogging,msGuidedSwitchAllowed,msHubPinPersist,msImplicitSignin,msIrm,msIrmv2,msKlarnaVirtualCard,msLlmConsumerDlpPurview,msLoadStatistics,msLogIsEdgePinnedToTaskbarOnLaunch,msMIPCrossTenantPdfViewSupport,msMdatpWebSiteDlp,msNotificationPermissionForPWA,msNumberOfSitesToPin,msNurturingSitePinningWithWindowsConsent,msOnHoverSearchInSidebar,msOpenOfficeDocumentsInWebViewer,msPasswordBreachDetection,msPdfAnnotationsVisibility,msPdfDataRecovery,msPdfDigitalSignatureRead,msPdfFreeText,msPdfFreeTextForCJK,msPdfHighlightMode,msPdfInking,msPdfKeyphraseSupport,msPdfOOUI,msPdfPopupMarkerRenderer,msPdfShare,msPdfSharedLibrary,msPdfTextNote,msPdfTextNoteMoreMenu,msPdfThumbnailCache,msPdfUnderside,msPdfViewRestore,msPersonalizationUMA,msPriceComparison,msPromptDefaultHandlerForPDF,msReactiveSearch,msReadAloud,msReadAloudPdf,msRedirectToShoreline,msRevokeExtensions,msSaasDlp,msShoppingTrigger,msShorelineSearch,msShorelineSearchFindOnPageWebUI,msShowOfflineGameEntrance,msShowReadAloudIconInAddressBar,msShowUXForAADPrtSSOForNonAADProfile,msSitePinningWithoutUi,msSuspendMessageForNewSessionWhenHavingPendingNavigation,msSyncEdgeCollections,msTabResourceStats,msTokenizationAutofillInlineEnabled,msTouchMode,msTriggeringSignalGenerator,msUserUnderstanding,msVideoSuperResolutionUI,msWalletBuyNow,msWalletCheckout,msWalletDiagnosticDataLogger,msWalletHubEntry,msWalletHubIntlP3,msWalletPartialCard,msWalletPasswordCategorization,msWalletPasswordCategorizationPlatformExpansion,msWalletTokenizationCardMetadata,msWalletTokenizedAutofill,msWebAssist,msWebAssistHistorySearchService,msWebOOUI,msWindowsUserActivities,msZipPayVirtualCard --variations-seed-version --mojo-platform-channel-handle=2404 /prefetch:13 /pfhostedapp:db8c44eb335051370de465f53c7a357f1d8eb33d PATH: C:\Program Files (x86)\Microsoft\EdgeWebView\Application\138.0.3351.77\msedgewebview2.exe PATCHED: 1
20250710T15:09:34Z STORRENTI LOKI: Info: MODULE: ProcessScan MESSAGE: Scanning Process PID: 19912 NAME: msedgewebview2.exe OWNER: torrs CMD: "C:\Program Files (x86)\Microsoft\EdgeWebView\Application\138.0.3351.77\msedgewebview2.exe" --type=renderer --noerrdialogs --user-data-dir="C:\Users\torrs\AppData\Local\Packages\MicrosoftWindows.Client.WebExperience_cw5n1h2txyewy\LocalState\EBWebView" --webview-exe-name=WidgetBoard.exe --webview-exe-version=525.15301.20.0 --embedded-browser-webview=1 --embedded-browser-webview-dpi-awareness=2 --no-pre-read-main-dll --video-capture-use-gpu-memory-buffer --lang=fr --device-scale-factor=1.5 --num-raster-threads=4 --enable-main-frame-before-activation --renderer-client-id=5 --js-flags="--expose-gc --ms-user-locale=fr_FR" --time-ticks-at-unix-epoch=-1752121960404433 --launch-time-ticks=20873012412 --always-read-main-dll --field-trial-handle=1832,i,5554052982409128379,470341925311675467,262144 --enable-features=ForceSWDCompWhenDCompFallbackRequired,msAggressiveCacheTrimming,msCustomDataPartition,msEdgeFluentOverlayScrollbar,msSingleSignOnOSForPrimaryAccountIsShared,msWebView2NoTabForScreenShare,msWindowsTaskManager --disable-features=BackForwardCache,BackgroundTabLoadingFromPerformanceManager,CloseOmniboxPopupOnInactiveAreaClick,CollectAVProductsInfo,CollectCodeIntegrityInfo,EnableHangWatcher,FilterAdsOnAbusiveSites,GetWifiProtocol,LoginDetection,PreconnectToSearch,SafetyHub,SegmentationPlatform,SpareRendererForSitePerProcess,Ukm,WebPayments,msAITrackerClassification,msAbydosForWindowlessWV2,msAffirmVirtualCard,msAllowChromeWebstore,msAllowMSAPrtSSOForNonMSAProfile,msApplicationGuard,msAskBeforeClosingMultipleTabs,msAutoToggleAADPrtSSOForNonAADProfile,msAutofillEdgeCoupons,msAutofillEdgeCouponsAutoApply,msAutofillEdgeServiceRequest,msAutofillEnableEdgeSuggestions,msAutomaticTabFreeze,msBrowserSettingsSupported,msCoarseGeolocationService,msDataProtection,msDesktopMode,msDesktopRewards,msDisableVariationsSeedFetchThrottling,msEEProactiveHistory,msETFOffstoreExtensionFileDataCollection,msETFPasswordTheftDNRActionSignals,msEdgeAdPlatformUI,msEdgeAddWebCapturetoCollections,msEdgeAutofillShowDeployedPassword,msEdgeCaptureSelectionInPDF,msEdgeCloudConfigService,msEdgeCloudConfigServiceV2,msEdgeCohorts,msEdgeCollectionsPrismExperiment1,msEdgeCollectionsPrismOverallMigration,msEdgeComposeNext,msEdgeEnableNurturingFramework,msEdgeEnclavePrefsBasic,msEdgeEnclavePrefsNotification,msEdgeFaviconService,msEdgeHJTelemetry,msEdgeHubAppSkype,msEdgeImageEditorUI,msEdgeLinkDoctor,msEdgeMouseGestureDefaultEnabled,msEdgeMouseGestureSupported,msEdgeNewDeviceFre,msEdgeOnRampFRE,msEdgeOnRampImport,msEdgePDFCMHighlightUX,msEdgePasswordIris,msEdgePasswordIrisSaveBubble,msEdgeProngPersonalization,msEdgeReadingView,msEdgeRose,msEdgeScreenshotUI,msEdgeSendTabToSelf,msEdgeSettingsImport,msEdgeSettingsImportV2,msEdgeShoppingPersistentStorage,msEdgeShoppingUI,msEdgeSmartFind,msEdgeSuperDragDefaultEnabled,msEdgeSuperDragDropSupported,msEdgeTipping,msEdgeTranslate,msEdgeUseCaptivePortalService,msEdgeWebCapture,msEdgeWebCaptureUniformExperience,msEdgeWebContentFilteringFeedback,msEdgeWorkSearchBanner,msEnableCustomJobMemoryLimitsOnXbox,msEnableMIPForPDF,msEnablePdfUpsell,msEnableThirdPartyScanning,msEnableWebSignInCta,msEnableWebToBrowserSignIn,msEndpointDlp,msEntityExtraction,msExtensionTelemetryFramework,msExternalTaskManager,msFileSystemAccessDirectoryIterationBlocklistCheck,msForceBrowserSignIn,msForeignSessionsPage,msGeolocationAccessService,msGeolocationOSLocationPermissionFallback,msGeolocationSQMService,msGeolocationService,msGrowthInfraLaunchSourceLogging,msGuidedSwitchAllowed,msHubPinPersist,msImplicitSignin,msIrm,msIrmv2,msKlarnaVirtualCard,msLlmConsumerDlpPurview,msLoadStatistics,msLogIsEdgePinnedToTaskbarOnLaunch,msMIPCrossTenantPdfViewSupport,msMdatpWebSiteDlp,msNotificationPermissionForPWA,msNumberOfSitesToPin,msNurturingSitePinningWithWindowsConsent,msOnHoverSearchInSidebar,msOpenOfficeDocumentsInWebViewer,msPasswordBreachDetection,msPdfAnnotationsVisibility,msPdfDataRecovery,msPdfDigitalSignatureRead,msPdfFreeText,msPdfFreeTextForCJK,msPdfHighlightMode,msPdfInking,msPdfKeyphraseSupport,msPdfOOUI,msPdfPopupMarkerRenderer,msPdfShare,msPdfSharedLibrary,msPdfTextNote,msPdfTextNoteMoreMenu,msPdfThumbnailCache,msPdfUnderside,msPdfViewRestore,msPersonalizationUMA,msPriceComparison,msPromptDefaultHandlerForPDF,msReactiveSearch,msReadAloud,msReadAloudPdf,msRedirectToShoreline,msRevokeExtensions,msSaasDlp,msShoppingTrigger,msShorelineSearch,msShorelineSearchFindOnPageWebUI,msShowOfflineGameEntrance,msShowReadAloudIconInAddressBar,msShowUXForAADPrtSSOForNonAADProfile,msSitePinningWithoutUi,msSuspendMessageForNewSessionWhenHavingPendingNavigation,msSyncEdgeCollections,msTabResourceStats,msTokenizationAutofillInlineEnabled,msTouchMode,msTriggeringSignalGenerator,msUserUnderstanding,msVideoSuperResolutionUI,msWalletBuyNow,msWalletCheckout,msWalletDiagnosticDataLogger,msWalletHubEntry,msWalletHubIntlP3,msWalletPartialCard,msWalletPasswordCategorization,msWalletPasswordCategorizationPlatformExpansion,msWalletTokenizationCardMetadata,msWalletTokenizedAutofill,msWebAssist,msWebAssistHistorySearchService,msWebOOUI,msWindowsUserActivities,msZipPayVirtualCard --variations-seed-version --mojo-platform-channel-handle=3888 /pfhostedapp:db8c44eb335051370de465f53c7a357f1d8eb33d /prefetch:1 PATH: C:\Program Files (x86)\Microsoft\EdgeWebView\Application\138.0.3351.77\msedgewebview2.exe
20250710T15:09:35Z STORRENTI LOKI: Notice: MODULE: ProcessScan MESSAGE: PE-Sieve reported patched process PID: 19912 NAME: msedgewebview2.exe OWNER: torrs CMD: "C:\Program Files (x86)\Microsoft\EdgeWebView\Application\138.0.3351.77\msedgewebview2.exe" --type=renderer --noerrdialogs --user-data-dir="C:\Users\torrs\AppData\Local\Packages\MicrosoftWindows.Client.WebExperience_cw5n1h2txyewy\LocalState\EBWebView" --webview-exe-name=WidgetBoard.exe --webview-exe-version=525.15301.20.0 --embedded-browser-webview=1 --embedded-browser-webview-dpi-awareness=2 --no-pre-read-main-dll --video-capture-use-gpu-memory-buffer --lang=fr --device-scale-factor=1.5 --num-raster-threads=4 --enable-main-frame-before-activation --renderer-client-id=5 --js-flags="--expose-gc --ms-user-locale=fr_FR" --time-ticks-at-unix-epoch=-1752121960404433 --launch-time-ticks=20873012412 --always-read-main-dll --field-trial-handle=1832,i,5554052982409128379,470341925311675467,262144 --enable-features=ForceSWDCompWhenDCompFallbackRequired,msAggressiveCacheTrimming,msCustomDataPartition,msEdgeFluentOverlayScrollbar,msSingleSignOnOSForPrimaryAccountIsShared,msWebView2NoTabForScreenShare,msWindowsTaskManager --disable-features=BackForwardCache,BackgroundTabLoadingFromPerformanceManager,CloseOmniboxPopupOnInactiveAreaClick,CollectAVProductsInfo,CollectCodeIntegrityInfo,EnableHangWatcher,FilterAdsOnAbusiveSites,GetWifiProtocol,LoginDetection,PreconnectToSearch,SafetyHub,SegmentationPlatform,SpareRendererForSitePerProcess,Ukm,WebPayments,msAITrackerClassification,msAbydosForWindowlessWV2,msAffirmVirtualCard,msAllowChromeWebstore,msAllowMSAPrtSSOForNonMSAProfile,msApplicationGuard,msAskBeforeClosingMultipleTabs,msAutoToggleAADPrtSSOForNonAADProfile,msAutofillEdgeCoupons,msAutofillEdgeCouponsAutoApply,msAutofillEdgeServiceRequest,msAutofillEnableEdgeSuggestions,msAutomaticTabFreeze,msBrowserSettingsSupported,msCoarseGeolocationService,msDataProtection,msDesktopMode,msDesktopRewards,msDisableVariationsSeedFetchThrottling,msEEProactiveHistory,msETFOffstoreExtensionFileDataCollection,msETFPasswordTheftDNRActionSignals,msEdgeAdPlatformUI,msEdgeAddWebCapturetoCollections,msEdgeAutofillShowDeployedPassword,msEdgeCaptureSelectionInPDF,msEdgeCloudConfigService,msEdgeCloudConfigServiceV2,msEdgeCohorts,msEdgeCollectionsPrismExperiment1,msEdgeCollectionsPrismOverallMigration,msEdgeComposeNext,msEdgeEnableNurturingFramework,msEdgeEnclavePrefsBasic,msEdgeEnclavePrefsNotification,msEdgeFaviconService,msEdgeHJTelemetry,msEdgeHubAppSkype,msEdgeImageEditorUI,msEdgeLinkDoctor,msEdgeMouseGestureDefaultEnabled,msEdgeMouseGestureSupported,msEdgeNewDeviceFre,msEdgeOnRampFRE,msEdgeOnRampImport,msEdgePDFCMHighlightUX,msEdgePasswordIris,msEdgePasswordIrisSaveBubble,msEdgeProngPersonalization,msEdgeReadingView,msEdgeRose,msEdgeScreenshotUI,msEdgeSendTabToSelf,msEdgeSettingsImport,msEdgeSettingsImportV2,msEdgeShoppingPersistentStorage,msEdgeShoppingUI,msEdgeSmartFind,msEdgeSuperDragDefaultEnabled,msEdgeSuperDragDropSupported,msEdgeTipping,msEdgeTranslate,msEdgeUseCaptivePortalService,msEdgeWebCapture,msEdgeWebCaptureUniformExperience,msEdgeWebContentFilteringFeedback,msEdgeWorkSearchBanner,msEnableCustomJobMemoryLimitsOnXbox,msEnableMIPForPDF,msEnablePdfUpsell,msEnableThirdPartyScanning,msEnableWebSignInCta,msEnableWebToBrowserSignIn,msEndpointDlp,msEntityExtraction,msExtensionTelemetryFramework,msExternalTaskManager,msFileSystemAccessDirectoryIterationBlocklistCheck,msForceBrowserSignIn,msForeignSessionsPage,msGeolocationAccessService,msGeolocationOSLocationPermissionFallback,msGeolocationSQMService,msGeolocationService,msGrowthInfraLaunchSourceLogging,msGuidedSwitchAllowed,msHubPinPersist,msImplicitSignin,msIrm,msIrmv2,msKlarnaVirtualCard,msLlmConsumerDlpPurview,msLoadStatistics,msLogIsEdgePinnedToTaskbarOnLaunch,msMIPCrossTenantPdfViewSupport,msMdatpWebSiteDlp,msNotificationPermissionForPWA,msNumberOfSitesToPin,msNurturingSitePinningWithWindowsConsent,msOnHoverSearchInSidebar,msOpenOfficeDocumentsInWebViewer,msPasswordBreachDetection,msPdfAnnotationsVisibility,msPdfDataRecovery,msPdfDigitalSignatureRead,msPdfFreeText,msPdfFreeTextForCJK,msPdfHighlightMode,msPdfInking,msPdfKeyphraseSupport,msPdfOOUI,msPdfPopupMarkerRenderer,msPdfShare,msPdfSharedLibrary,msPdfTextNote,msPdfTextNoteMoreMenu,msPdfThumbnailCache,msPdfUnderside,msPdfViewRestore,msPersonalizationUMA,msPriceComparison,msPromptDefaultHandlerForPDF,msReactiveSearch,msReadAloud,msReadAloudPdf,msRedirectToShoreline,msRevokeExtensions,msSaasDlp,msShoppingTrigger,msShorelineSearch,msShorelineSearchFindOnPageWebUI,msShowOfflineGameEntrance,msShowReadAloudIconInAddressBar,msShowUXForAADPrtSSOForNonAADProfile,msSitePinningWithoutUi,msSuspendMessageForNewSessionWhenHavingPendingNavigation,msSyncEdgeCollections,msTabResourceStats,msTokenizationAutofillInlineEnabled,msTouchMode,msTriggeringSignalGenerator,msUserUnderstanding,msVideoSuperResolutionUI,msWalletBuyNow,msWalletCheckout,msWalletDiagnosticDataLogger,msWalletHubEntry,msWalletHubIntlP3,msWalletPartialCard,msWalletPasswordCategorization,msWalletPasswordCategorizationPlatformExpansion,msWalletTokenizationCardMetadata,msWalletTokenizedAutofill,msWebAssist,msWebAssistHistorySearchService,msWebOOUI,msWindowsUserActivities,msZipPayVirtualCard --variations-seed-version --mojo-platform-channel-handle=3888 /pfhostedapp:db8c44eb335051370de465f53c7a357f1d8eb33d /prefetch:1 PATH: C:\Program Files (x86)\Microsoft\EdgeWebView\Application\138.0.3351.77\msedgewebview2.exe PATCHED: 1
20250710T15:09:35Z STORRENTI LOKI: Info: MODULE: ProcessScan MESSAGE: Scanning Process PID: 14548 NAME: msedgewebview2.exe OWNER: torrs CMD: "C:\Program Files (x86)\Microsoft\EdgeWebView\Application\138.0.3351.77\msedgewebview2.exe" --type=renderer --noerrdialogs --user-data-dir="C:\Users\torrs\AppData\Local\Packages\MicrosoftWindows.Client.WebExperience_cw5n1h2txyewy\LocalState\EBWebView" --webview-exe-name=WidgetBoard.exe --webview-exe-version=525.15301.20.0 --embedded-browser-webview=1 --embedded-browser-webview-dpi-awareness=2 --no-pre-read-main-dll --video-capture-use-gpu-memory-buffer --lang=fr --device-scale-factor=1.5 --num-raster-threads=4 --enable-main-frame-before-activation --renderer-client-id=6 --js-flags="--expose-gc --ms-user-locale=fr-FR" --time-ticks-at-unix-epoch=-1752121960404433 --launch-time-ticks=20873048672 --always-read-main-dll --field-trial-handle=1832,i,5554052982409128379,470341925311675467,262144 --enable-features=ForceSWDCompWhenDCompFallbackRequired,msAggressiveCacheTrimming,msCustomDataPartition,msEdgeFluentOverlayScrollbar,msSingleSignOnOSForPrimaryAccountIsShared,msWebView2NoTabForScreenShare,msWindowsTaskManager --disable-features=BackForwardCache,BackgroundTabLoadingFromPerformanceManager,CloseOmniboxPopupOnInactiveAreaClick,CollectAVProductsInfo,CollectCodeIntegrityInfo,EnableHangWatcher,FilterAdsOnAbusiveSites,GetWifiProtocol,LoginDetection,PreconnectToSearch,SafetyHub,SegmentationPlatform,SpareRendererForSitePerProcess,Ukm,WebPayments,msAITrackerClassification,msAbydosForWindowlessWV2,msAffirmVirtualCard,msAllowChromeWebstore,msAllowMSAPrtSSOForNonMSAProfile,msApplicationGuard,msAskBeforeClosingMultipleTabs,msAutoToggleAADPrtSSOForNonAADProfile,msAutofillEdgeCoupons,msAutofillEdgeCouponsAutoApply,msAutofillEdgeServiceRequest,msAutofillEnableEdgeSuggestions,msAutomaticTabFreeze,msBrowserSettingsSupported,msCoarseGeolocationService,msDataProtection,msDesktopMode,msDesktopRewards,msDisableVariationsSeedFetchThrottling,msEEProactiveHistory,msETFOffstoreExtensionFileDataCollection,msETFPasswordTheftDNRActionSignals,msEdgeAdPlatformUI,msEdgeAddWebCapturetoCollections,msEdgeAutofillShowDeployedPassword,msEdgeCaptureSelectionInPDF,msEdgeCloudConfigService,msEdgeCloudConfigServiceV2,msEdgeCohorts,msEdgeCollectionsPrismExperiment1,msEdgeCollectionsPrismOverallMigration,msEdgeComposeNext,msEdgeEnableNurturingFramework,msEdgeEnclavePrefsBasic,msEdgeEnclavePrefsNotification,msEdgeFaviconService,msEdgeHJTelemetry,msEdgeHubAppSkype,msEdgeImageEditorUI,msEdgeLinkDoctor,msEdgeMouseGestureDefaultEnabled,msEdgeMouseGestureSupported,msEdgeNewDeviceFre,msEdgeOnRampFRE,msEdgeOnRampImport,msEdgePDFCMHighlightUX,msEdgePasswordIris,msEdgePasswordIrisSaveBubble,msEdgeProngPersonalization,msEdgeReadingView,msEdgeRose,msEdgeScreenshotUI,msEdgeSendTabToSelf,msEdgeSettingsImport,msEdgeSettingsImportV2,msEdgeShoppingPersistentStorage,msEdgeShoppingUI,msEdgeSmartFind,msEdgeSuperDragDefaultEnabled,msEdgeSuperDragDropSupported,msEdgeTipping,msEdgeTranslate,msEdgeUseCaptivePortalService,msEdgeWebCapture,msEdgeWebCaptureUniformExperience,msEdgeWebContentFilteringFeedback,msEdgeWorkSearchBanner,msEnableCustomJobMemoryLimitsOnXbox,msEnableMIPForPDF,msEnablePdfUpsell,msEnableThirdPartyScanning,msEnableWebSignInCta,msEnableWebToBrowserSignIn,msEndpointDlp,msEntityExtraction,msExtensionTelemetryFramework,msExternalTaskManager,msFileSystemAccessDirectoryIterationBlocklistCheck,msForceBrowserSignIn,msForeignSessionsPage,msGeolocationAccessService,msGeolocationOSLocationPermissionFallback,msGeolocationSQMService,msGeolocationService,msGrowthInfraLaunchSourceLogging,msGuidedSwitchAllowed,msHubPinPersist,msImplicitSignin,msIrm,msIrmv2,msKlarnaVirtualCard,msLlmConsumerDlpPurview,msLoadStatistics,msLogIsEdgePinnedToTaskbarOnLaunch,msMIPCrossTenantPdfViewSupport,msMdatpWebSiteDlp,msNotificationPermissionForPWA,msNumberOfSitesToPin,msNurturingSitePinningWithWindowsConsent,msOnHoverSearchInSidebar,msOpenOfficeDocumentsInWebViewer,msPasswordBreachDetection,msPdfAnnotationsVisibility,msPdfDataRecovery,msPdfDigitalSignatureRead,msPdfFreeText,msPdfFreeTextForCJK,msPdfHighlightMode,msPdfInking,msPdfKeyphraseSupport,msPdfOOUI,msPdfPopupMarkerRenderer,msPdfShare,msPdfSharedLibrary,msPdfTextNote,msPdfTextNoteMoreMenu,msPdfThumbnailCache,msPdfUnderside,msPdfViewRestore,msPersonalizationUMA,msPriceComparison,msPromptDefaultHandlerForPDF,msReactiveSearch,msReadAloud,msReadAloudPdf,msRedirectToShoreline,msRevokeExtensions,msSaasDlp,msShoppingTrigger,msShorelineSearch,msShorelineSearchFindOnPageWebUI,msShowOfflineGameEntrance,msShowReadAloudIconInAddressBar,msShowUXForAADPrtSSOForNonAADProfile,msSitePinningWithoutUi,msSuspendMessageForNewSessionWhenHavingPendingNavigation,msSyncEdgeCollections,msTabResourceStats,msTokenizationAutofillInlineEnabled,msTouchMode,msTriggeringSignalGenerator,msUserUnderstanding,msVideoSuperResolutionUI,msWalletBuyNow,msWalletCheckout,msWalletDiagnosticDataLogger,msWalletHubEntry,msWalletHubIntlP3,msWalletPartialCard,msWalletPasswordCategorization,msWalletPasswordCategorizationPlatformExpansion,msWalletTokenizationCardMetadata,msWalletTokenizedAutofill,msWebAssist,msWebAssistHistorySearchService,msWebOOUI,msWindowsUserActivities,msZipPayVirtualCard --variations-seed-version --mojo-platform-channel-handle=4240 /pfhostedapp:db8c44eb335051370de465f53c7a357f1d8eb33d /prefetch:1 PATH: C:\Program Files (x86)\Microsoft\EdgeWebView\Application\138.0.3351.77\msedgewebview2.exe
20250710T15:09:36Z STORRENTI LOKI: Notice: MODULE: ProcessScan MESSAGE: PE-Sieve reported patched process PID: 14548 NAME: msedgewebview2.exe OWNER: torrs CMD: "C:\Program Files (x86)\Microsoft\EdgeWebView\Application\138.0.3351.77\msedgewebview2.exe" --type=renderer --noerrdialogs --user-data-dir="C:\Users\torrs\AppData\Local\Packages\MicrosoftWindows.Client.WebExperience_cw5n1h2txyewy\LocalState\EBWebView" --webview-exe-name=WidgetBoard.exe --webview-exe-version=525.15301.20.0 --embedded-browser-webview=1 --embedded-browser-webview-dpi-awareness=2 --no-pre-read-main-dll --video-capture-use-gpu-memory-buffer --lang=fr --device-scale-factor=1.5 --num-raster-threads=4 --enable-main-frame-before-activation --renderer-client-id=6 --js-flags="--expose-gc --ms-user-locale=fr-FR" --time-ticks-at-unix-epoch=-1752121960404433 --launch-time-ticks=20873048672 --always-read-main-dll --field-trial-handle=1832,i,5554052982409128379,470341925311675467,262144 --enable-features=ForceSWDCompWhenDCompFallbackRequired,msAggressiveCacheTrimming,msCustomDataPartition,msEdgeFluentOverlayScrollbar,msSingleSignOnOSForPrimaryAccountIsShared,msWebView2NoTabForScreenShare,msWindowsTaskManager --disable-features=BackForwardCache,BackgroundTabLoadingFromPerformanceManager,CloseOmniboxPopupOnInactiveAreaClick,CollectAVProductsInfo,CollectCodeIntegrityInfo,EnableHangWatcher,FilterAdsOnAbusiveSites,GetWifiProtocol,LoginDetection,PreconnectToSearch,SafetyHub,SegmentationPlatform,SpareRendererForSitePerProcess,Ukm,WebPayments,msAITrackerClassification,msAbydosForWindowlessWV2,msAffirmVirtualCard,msAllowChromeWebstore,msAllowMSAPrtSSOForNonMSAProfile,msApplicationGuard,msAskBeforeClosingMultipleTabs,msAutoToggleAADPrtSSOForNonAADProfile,msAutofillEdgeCoupons,msAutofillEdgeCouponsAutoApply,msAutofillEdgeServiceRequest,msAutofillEnableEdgeSuggestions,msAutomaticTabFreeze,msBrowserSettingsSupported,msCoarseGeolocationService,msDataProtection,msDesktopMode,msDesktopRewards,msDisableVariationsSeedFetchThrottling,msEEProactiveHistory,msETFOffstoreExtensionFileDataCollection,msETFPasswordTheftDNRActionSignals,msEdgeAdPlatformUI,msEdgeAddWebCapturetoCollections,msEdgeAutofillShowDeployedPassword,msEdgeCaptureSelectionInPDF,msEdgeCloudConfigService,msEdgeCloudConfigServiceV2,msEdgeCohorts,msEdgeCollectionsPrismExperiment1,msEdgeCollectionsPrismOverallMigration,msEdgeComposeNext,msEdgeEnableNurturingFramework,msEdgeEnclavePrefsBasic,msEdgeEnclavePrefsNotification,msEdgeFaviconService,msEdgeHJTelemetry,msEdgeHubAppSkype,msEdgeImageEditorUI,msEdgeLinkDoctor,msEdgeMouseGestureDefaultEnabled,msEdgeMouseGestureSupported,msEdgeNewDeviceFre,msEdgeOnRampFRE,msEdgeOnRampImport,msEdgePDFCMHighlightUX,msEdgePasswordIris,msEdgePasswordIrisSaveBubble,msEdgeProngPersonalization,msEdgeReadingView,msEdgeRose,msEdgeScreenshotUI,msEdgeSendTabToSelf,msEdgeSettingsImport,msEdgeSettingsImportV2,msEdgeShoppingPersistentStorage,msEdgeShoppingUI,msEdgeSmartFind,msEdgeSuperDragDefaultEnabled,msEdgeSuperDragDropSupported,msEdgeTipping,msEdgeTranslate,msEdgeUseCaptivePortalService,msEdgeWebCapture,msEdgeWebCaptureUniformExperience,msEdgeWebContentFilteringFeedback,msEdgeWorkSearchBanner,msEnableCustomJobMemoryLimitsOnXbox,msEnableMIPForPDF,msEnablePdfUpsell,msEnableThirdPartyScanning,msEnableWebSignInCta,msEnableWebToBrowserSignIn,msEndpointDlp,msEntityExtraction,msExtensionTelemetryFramework,msExternalTaskManager,msFileSystemAccessDirectoryIterationBlocklistCheck,msForceBrowserSignIn,msForeignSessionsPage,msGeolocationAccessService,msGeolocationOSLocationPermissionFallback,msGeolocationSQMService,msGeolocationService,msGrowthInfraLaunchSourceLogging,msGuidedSwitchAllowed,msHubPinPersist,msImplicitSignin,msIrm,msIrmv2,msKlarnaVirtualCard,msLlmConsumerDlpPurview,msLoadStatistics,msLogIsEdgePinnedToTaskbarOnLaunch,msMIPCrossTenantPdfViewSupport,msMdatpWebSiteDlp,msNotificationPermissionForPWA,msNumberOfSitesToPin,msNurturingSitePinningWithWindowsConsent,msOnHoverSearchInSidebar,msOpenOfficeDocumentsInWebViewer,msPasswordBreachDetection,msPdfAnnotationsVisibility,msPdfDataRecovery,msPdfDigitalSignatureRead,msPdfFreeText,msPdfFreeTextForCJK,msPdfHighlightMode,msPdfInking,msPdfKeyphraseSupport,msPdfOOUI,msPdfPopupMarkerRenderer,msPdfShare,msPdfSharedLibrary,msPdfTextNote,msPdfTextNoteMoreMenu,msPdfThumbnailCache,msPdfUnderside,msPdfViewRestore,msPersonalizationUMA,msPriceComparison,msPromptDefaultHandlerForPDF,msReactiveSearch,msReadAloud,msReadAloudPdf,msRedirectToShoreline,msRevokeExtensions,msSaasDlp,msShoppingTrigger,msShorelineSearch,msShorelineSearchFindOnPageWebUI,msShowOfflineGameEntrance,msShowReadAloudIconInAddressBar,msShowUXForAADPrtSSOForNonAADProfile,msSitePinningWithoutUi,msSuspendMessageForNewSessionWhenHavingPendingNavigation,msSyncEdgeCollections,msTabResourceStats,msTokenizationAutofillInlineEnabled,msTouchMode,msTriggeringSignalGenerator,msUserUnderstanding,msVideoSuperResolutionUI,msWalletBuyNow,msWalletCheckout,msWalletDiagnosticDataLogger,msWalletHubEntry,msWalletHubIntlP3,msWalletPartialCard,msWalletPasswordCategorization,msWalletPasswordCategorizationPlatformExpansion,msWalletTokenizationCardMetadata,msWalletTokenizedAutofill,msWebAssist,msWebAssistHistorySearchService,msWebOOUI,msWindowsUserActivities,msZipPayVirtualCard --variations-seed-version --mojo-platform-channel-handle=4240 /pfhostedapp:db8c44eb335051370de465f53c7a357f1d8eb33d /prefetch:1 PATH: C:\Program Files (x86)\Microsoft\EdgeWebView\Application\138.0.3351.77\msedgewebview2.exe PATCHED: 1
20250710T15:09:36Z STORRENTI LOKI: Info: MODULE: ProcessScan MESSAGE: Scanning Process PID: 4444 NAME: svchost.exe OWNER: torrs CMD: C:\WINDOWS\system32\svchost.exe -k UnistackSvcGroup PATH: C:\WINDOWS\system32\svchost.exe
20250710T15:09:36Z STORRENTI LOKI: Info: MODULE: ProcessScan MESSAGE: PE-Sieve reported no anomalies PID: 4444 NAME: svchost.exe OWNER: torrs CMD: C:\WINDOWS\system32\svchost.exe -k UnistackSvcGroup PATH: C:\WINDOWS\system32\svchost.exe
20250710T15:09:36Z STORRENTI LOKI: Info: MODULE: ProcessScan MESSAGE: Scanning Process PID: 20136 NAME: RuntimeBroker.exe OWNER: torrs CMD: C:\Windows\System32\RuntimeBroker.exe -Embedding PATH: C:\Windows\System32\RuntimeBroker.exe
20250710T15:09:36Z STORRENTI LOKI: Info: MODULE: ProcessScan MESSAGE: PE-Sieve reported no anomalies PID: 20136 NAME: RuntimeBroker.exe OWNER: torrs CMD: C:\Windows\System32\RuntimeBroker.exe -Embedding PATH: C:\Windows\System32\RuntimeBroker.exe
20250710T15:09:36Z STORRENTI LOKI: Info: MODULE: ProcessScan MESSAGE: Scanning Process PID: 11936 NAME: backgroundTaskHost.exe OWNER: torrs CMD: "C:\WINDOWS\system32\backgroundTaskHost.exe" -ServerName:App.AppXfkd8mejksk4ancwf4vtyhmkvtzn1jcbs.mca PATH: C:\WINDOWS\system32\backgroundTaskHost.exe
20250710T15:09:37Z STORRENTI LOKI: Info: MODULE: ProcessScan MESSAGE: PE-Sieve reported no anomalies PID: 11936 NAME: backgroundTaskHost.exe OWNER: torrs CMD: "C:\WINDOWS\system32\backgroundTaskHost.exe" -ServerName:App.AppXfkd8mejksk4ancwf4vtyhmkvtzn1jcbs.mca PATH: C:\WINDOWS\system32\backgroundTaskHost.exe
20250710T15:09:37Z STORRENTI LOKI: Info: MODULE: ProcessScan MESSAGE: Scanning Process PID: 14988 NAME: PhoneExperienceHost.exe OWNER: torrs CMD: "C:\Program Files\WindowsApps\Microsoft.YourPhone_1.25061.44.0_x64__8wekyb3d8bbwe\PhoneExperienceHost.exe" -ComServer:Background -Embedding PATH: C:\Program Files\WindowsApps\Microsoft.YourPhone_1.25061.44.0_x64__8wekyb3d8bbwe\PhoneExperienceHost.exe
20250710T15:09:39Z STORRENTI LOKI: Info: MODULE: ProcessScan MESSAGE: PE-Sieve reported no anomalies PID: 14988 NAME: PhoneExperienceHost.exe OWNER: torrs CMD: "C:\Program Files\WindowsApps\Microsoft.YourPhone_1.25061.44.0_x64__8wekyb3d8bbwe\PhoneExperienceHost.exe" -ComServer:Background -Embedding PATH: C:\Program Files\WindowsApps\Microsoft.YourPhone_1.25061.44.0_x64__8wekyb3d8bbwe\PhoneExperienceHost.exe
20250710T15:09:39Z STORRENTI LOKI: Info: MODULE: ProcessScan MESSAGE: Scanning Process PID: 18528 NAME: backgroundTaskHost.exe OWNER: torrs CMD: "C:\WINDOWS\system32\backgroundTaskHost.exe" -ServerName:OobeHost.AppXdcwkjpb46w3zw4hbmx5jfxajhymjka0d.mca PATH: C:\WINDOWS\system32\backgroundTaskHost.exe
20250710T15:09:40Z STORRENTI LOKI: Info: MODULE: ProcessScan MESSAGE: PE-Sieve reported no anomalies PID: 18528 NAME: backgroundTaskHost.exe OWNER: torrs CMD: "C:\WINDOWS\system32\backgroundTaskHost.exe" -ServerName:OobeHost.AppXdcwkjpb46w3zw4hbmx5jfxajhymjka0d.mca PATH: C:\WINDOWS\system32\backgroundTaskHost.exe
20250710T15:09:40Z STORRENTI LOKI: Info: MODULE: ProcessScan MESSAGE: Scanning Process PID: 23884 NAME: RuntimeBroker.exe OWNER: torrs CMD: C:\Windows\System32\RuntimeBroker.exe -Embedding PATH: C:\Windows\System32\RuntimeBroker.exe
20250710T15:09:40Z STORRENTI LOKI: Info: MODULE: ProcessScan MESSAGE: PE-Sieve reported no anomalies PID: 23884 NAME: RuntimeBroker.exe OWNER: torrs CMD: C:\Windows\System32\RuntimeBroker.exe -Embedding PATH: C:\Windows\System32\RuntimeBroker.exe
20250710T15:09:40Z STORRENTI LOKI: Info: MODULE: ProcessScan MESSAGE: Scanning Process PID: 19724 NAME: svchost.exe OWNER: Système CMD: C:\WINDOWS\System32\svchost.exe -k LocalSystemNetworkRestricted -p -s Netman PATH: C:\WINDOWS\System32\svchost.exe
20250710T15:09:40Z STORRENTI LOKI: Info: MODULE: ProcessScan MESSAGE: PE-Sieve reported no anomalies PID: 19724 NAME: svchost.exe OWNER: Système CMD: C:\WINDOWS\System32\svchost.exe -k LocalSystemNetworkRestricted -p -s Netman PATH: C:\WINDOWS\System32\svchost.exe
20250710T15:09:40Z STORRENTI LOKI: Info: MODULE: ProcessScan MESSAGE: Scanning Process PID: 20236 NAME: ApplicationFrameHost.exe OWNER: torrs CMD: C:\WINDOWS\system32\ApplicationFrameHost.exe -Embedding PATH: C:\WINDOWS\system32\ApplicationFrameHost.exe
20250710T15:09:41Z STORRENTI LOKI: Info: MODULE: ProcessScan MESSAGE: PE-Sieve reported no anomalies PID: 20236 NAME: ApplicationFrameHost.exe OWNER: torrs CMD: C:\WINDOWS\system32\ApplicationFrameHost.exe -Embedding PATH: C:\WINDOWS\system32\ApplicationFrameHost.exe
20250710T15:09:41Z STORRENTI LOKI: Info: MODULE: ProcessScan MESSAGE: Scanning Process PID: 4512 NAME: svchost.exe OWNER: torrs CMD: C:\WINDOWS\system32\svchost.exe -k DevicesFlow -s DevicesFlowUserSvc PATH: C:\WINDOWS\system32\svchost.exe
20250710T15:09:41Z STORRENTI LOKI: Info: MODULE: ProcessScan MESSAGE: PE-Sieve reported no anomalies PID: 4512 NAME: svchost.exe OWNER: torrs CMD: C:\WINDOWS\system32\svchost.exe -k DevicesFlow -s DevicesFlowUserSvc PATH: C:\WINDOWS\system32\svchost.exe
20250710T15:09:41Z STORRENTI LOKI: Info: MODULE: ProcessScan MESSAGE: Scanning Process PID: 24792 NAME: backgroundTaskHost.exe OWNER: torrs CMD: "C:\WINDOWS\system32\backgroundTaskHost.exe" -ServerName:App.AppXfkd8mejksk4ancwf4vtyhmkvtzn1jcbs.mca PATH: C:\WINDOWS\system32\backgroundTaskHost.exe
20250710T15:09:42Z STORRENTI LOKI: Info: MODULE: ProcessScan MESSAGE: PE-Sieve reported no anomalies PID: 24792 NAME: backgroundTaskHost.exe OWNER: torrs CMD: "C:\WINDOWS\system32\backgroundTaskHost.exe" -ServerName:App.AppXfkd8mejksk4ancwf4vtyhmkvtzn1jcbs.mca PATH: C:\WINDOWS\system32\backgroundTaskHost.exe
20250710T15:09:42Z STORRENTI LOKI: Info: MODULE: ProcessScan MESSAGE: Scanning Process PID: 19720 NAME: backgroundTaskHost.exe OWNER: torrs CMD: "C:\WINDOWS\system32\backgroundTaskHost.exe" -ServerName:App.AppXfkd8mejksk4ancwf4vtyhmkvtzn1jcbs.mca PATH: C:\WINDOWS\system32\backgroundTaskHost.exe
20250710T15:09:42Z STORRENTI LOKI: Info: MODULE: ProcessScan MESSAGE: PE-Sieve reported no anomalies PID: 19720 NAME: backgroundTaskHost.exe OWNER: torrs CMD: "C:\WINDOWS\system32\backgroundTaskHost.exe" -ServerName:App.AppXfkd8mejksk4ancwf4vtyhmkvtzn1jcbs.mca PATH: C:\WINDOWS\system32\backgroundTaskHost.exe
20250710T15:09:43Z STORRENTI LOKI: Info: MODULE: ProcessScan MESSAGE: Scanning Process PID: 12336 NAME: backgroundTaskHost.exe OWNER: torrs CMD: "C:\WINDOWS\system32\backgroundTaskHost.exe" -ServerName:App.AppXfkd8mejksk4ancwf4vtyhmkvtzn1jcbs.mca PATH: C:\WINDOWS\system32\backgroundTaskHost.exe
20250710T15:09:43Z STORRENTI LOKI: Info: MODULE: ProcessScan MESSAGE: PE-Sieve reported no anomalies PID: 12336 NAME: backgroundTaskHost.exe OWNER: torrs CMD: "C:\WINDOWS\system32\backgroundTaskHost.exe" -ServerName:App.AppXfkd8mejksk4ancwf4vtyhmkvtzn1jcbs.mca PATH: C:\WINDOWS\system32\backgroundTaskHost.exe
20250710T15:09:43Z STORRENTI LOKI: Info: MODULE: ProcessScan MESSAGE: Scanning Process PID: 18516 NAME: CCXProcess.exe OWNER: torrs CMD: "C:\Program Files\Adobe\Adobe Creative Cloud Experience\CCXProcess.exe" PATH: C:\Program Files\Adobe\Adobe Creative Cloud Experience\CCXProcess.exe
20250710T15:09:43Z STORRENTI LOKI: Info: MODULE: ProcessScan MESSAGE: PE-Sieve reported no anomalies PID: 18516 NAME: CCXProcess.exe OWNER: torrs CMD: "C:\Program Files\Adobe\Adobe Creative Cloud Experience\CCXProcess.exe" PATH: C:\Program Files\Adobe\Adobe Creative Cloud Experience\CCXProcess.exe
20250710T15:09:43Z STORRENTI LOKI: Info: MODULE: ProcessScan MESSAGE: Scanning Process PID: 22500 NAME: node.exe OWNER: torrs CMD: "C:\Program Files\Adobe\Adobe Creative Cloud Experience\libs\node.exe" "C:\Program Files\Adobe\Adobe Creative Cloud Experience\js\main.js" PATH: C:\Program Files\Adobe\Adobe Creative Cloud Experience\libs\node.exe
20250710T15:09:44Z STORRENTI LOKI: Info: MODULE: ProcessScan MESSAGE: PE-Sieve reported no anomalies PID: 22500 NAME: node.exe OWNER: torrs CMD: "C:\Program Files\Adobe\Adobe Creative Cloud Experience\libs\node.exe" "C:\Program Files\Adobe\Adobe Creative Cloud Experience\js\main.js" PATH: C:\Program Files\Adobe\Adobe Creative Cloud Experience\libs\node.exe
20250710T15:09:44Z STORRENTI LOKI: Info: MODULE: ProcessScan MESSAGE: Scanning Process PID: 22764 NAME: conhost.exe OWNER: torrs CMD: \??\C:\WINDOWS\system32\conhost.exe 0x4 PATH: C:\WINDOWS\system32\conhost.exe
20250710T15:09:44Z STORRENTI LOKI: Info: MODULE: ProcessScan MESSAGE: PE-Sieve reported no anomalies PID: 22764 NAME: conhost.exe OWNER: torrs CMD: \??\C:\WINDOWS\system32\conhost.exe 0x4 PATH: C:\WINDOWS\system32\conhost.exe
20250710T15:09:44Z STORRENTI LOKI: Info: MODULE: ProcessScan MESSAGE: Scanning Process PID: 22760 NAME: WmiPrvSE.exe OWNER: SERVICE LOCAL CMD: C:\WINDOWS\system32\wbem\wmiprvse.exe PATH: C:\WINDOWS\system32\wbem\wmiprvse.exe
20250710T15:09:44Z STORRENTI LOKI: Info: MODULE: ProcessScan MESSAGE: PE-Sieve reported no anomalies PID: 22760 NAME: WmiPrvSE.exe OWNER: SERVICE LOCAL CMD: C:\WINDOWS\system32\wbem\wmiprvse.exe PATH: C:\WINDOWS\system32\wbem\wmiprvse.exe
20250710T15:09:45Z STORRENTI LOKI: Info: MODULE: ProcessScan MESSAGE: Scanning Process PID: 4700 NAME: svchost.exe OWNER: Système CMD: C:\WINDOWS\System32\svchost.exe -k netsvcs -p -s NetSetupSvc PATH: C:\WINDOWS\System32\svchost.exe
20250710T15:09:45Z STORRENTI LOKI: Info: MODULE: ProcessScan MESSAGE: PE-Sieve reported no anomalies PID: 4700 NAME: svchost.exe OWNER: Système CMD: C:\WINDOWS\System32\svchost.exe -k netsvcs -p -s NetSetupSvc PATH: C:\WINDOWS\System32\svchost.exe
20250710T15:09:45Z STORRENTI LOKI: Info: MODULE: ProcessScan MESSAGE: Scanning Process PID: 16280 NAME: backgroundTaskHost.exe OWNER: torrs CMD: "C:\WINDOWS\system32\backgroundTaskHost.exe" -ServerName:App.AppXfkd8mejksk4ancwf4vtyhmkvtzn1jcbs.mca PATH: C:\WINDOWS\system32\backgroundTaskHost.exe
20250710T15:09:45Z STORRENTI LOKI: Info: MODULE: ProcessScan MESSAGE: PE-Sieve reported no anomalies PID: 16280 NAME: backgroundTaskHost.exe OWNER: torrs CMD: "C:\WINDOWS\system32\backgroundTaskHost.exe" -ServerName:App.AppXfkd8mejksk4ancwf4vtyhmkvtzn1jcbs.mca PATH: C:\WINDOWS\system32\backgroundTaskHost.exe
20250710T15:09:46Z STORRENTI LOKI: Info: MODULE: ProcessScan MESSAGE: Scanning Process PID: 18300 NAME: SystemSettings.exe OWNER: torrs CMD: "C:\Windows\ImmersiveControlPanel\SystemSettings.exe" -ServerName:microsoft.windows.immersivecontrolpanel PATH: C:\Windows\ImmersiveControlPanel\SystemSettings.exe
20250710T15:09:48Z STORRENTI LOKI: Info: MODULE: ProcessScan MESSAGE: PE-Sieve reported no anomalies PID: 18300 NAME: SystemSettings.exe OWNER: torrs CMD: "C:\Windows\ImmersiveControlPanel\SystemSettings.exe" -ServerName:microsoft.windows.immersivecontrolpanel PATH: C:\Windows\ImmersiveControlPanel\SystemSettings.exe
20250710T15:09:48Z STORRENTI LOKI: Info: MODULE: ProcessScan MESSAGE: Scanning Process PID: 4884 NAME: svchost.exe OWNER: SERVICE LOCAL CMD: C:\WINDOWS\system32\svchost.exe -k LocalService -p -s SstpSvc PATH: C:\WINDOWS\system32\svchost.exe
20250710T15:09:48Z STORRENTI LOKI: Info: MODULE: ProcessScan MESSAGE: PE-Sieve reported no anomalies PID: 4884 NAME: svchost.exe OWNER: SERVICE LOCAL CMD: C:\WINDOWS\system32\svchost.exe -k LocalService -p -s SstpSvc PATH: C:\WINDOWS\system32\svchost.exe
20250710T15:09:48Z STORRENTI LOKI: Info: MODULE: ProcessScan MESSAGE: Scanning Process PID: 13068 NAME: svchost.exe OWNER: Système CMD: C:\WINDOWS\System32\svchost.exe -k netsvcs PATH: C:\WINDOWS\System32\svchost.exe
20250710T15:09:48Z STORRENTI LOKI: Info: MODULE: ProcessScan MESSAGE: PE-Sieve reported no anomalies PID: 13068 NAME: svchost.exe OWNER: Système CMD: C:\WINDOWS\System32\svchost.exe -k netsvcs PATH: C:\WINDOWS\System32\svchost.exe
20250710T15:09:48Z STORRENTI LOKI: Info: MODULE: ProcessScan MESSAGE: Scanning Process PID: 7624 NAME: UserOOBEBroker.exe OWNER: torrs CMD: C:\Windows\System32\oobe\UserOOBEBroker.exe -Embedding PATH: C:\Windows\System32\oobe\UserOOBEBroker.exe
20250710T15:09:48Z STORRENTI LOKI: Info: MODULE: ProcessScan MESSAGE: PE-Sieve reported no anomalies PID: 7624 NAME: UserOOBEBroker.exe OWNER: torrs CMD: C:\Windows\System32\oobe\UserOOBEBroker.exe -Embedding PATH: C:\Windows\System32\oobe\UserOOBEBroker.exe
20250710T15:09:49Z STORRENTI LOKI: Info: MODULE: ProcessScan MESSAGE: Scanning Process PID: 6764 NAME: backgroundTaskHost.exe OWNER: torrs CMD: "C:\WINDOWS\system32\backgroundTaskHost.exe" -ServerName:App.AppXfkd8mejksk4ancwf4vtyhmkvtzn1jcbs.mca PATH: C:\WINDOWS\system32\backgroundTaskHost.exe
20250710T15:09:49Z STORRENTI LOKI: Info: MODULE: ProcessScan MESSAGE: PE-Sieve reported no anomalies PID: 6764 NAME: backgroundTaskHost.exe OWNER: torrs CMD: "C:\WINDOWS\system32\backgroundTaskHost.exe" -ServerName:App.AppXfkd8mejksk4ancwf4vtyhmkvtzn1jcbs.mca PATH: C:\WINDOWS\system32\backgroundTaskHost.exe
20250710T15:09:49Z STORRENTI LOKI: Info: MODULE: ProcessScan MESSAGE: Scanning Process PID: 26168 NAME: Discord.exe OWNER: torrs CMD: "C:\Users\torrs\AppData\Local\Discord\app-1.0.9198\Discord.exe"  PATH: C:\Users\torrs\AppData\Local\Discord\app-1.0.9198\Discord.exe
20250710T15:09:50Z STORRENTI LOKI: Info: MODULE: ProcessScan MESSAGE: PE-Sieve reported no anomalies PID: 26168 NAME: Discord.exe OWNER: torrs CMD: "C:\Users\torrs\AppData\Local\Discord\app-1.0.9198\Discord.exe"  PATH: C:\Users\torrs\AppData\Local\Discord\app-1.0.9198\Discord.exe
20250710T15:09:50Z STORRENTI LOKI: Info: MODULE: ProcessScan MESSAGE: Scanning Process PID: 18996 NAME: Discord.exe OWNER: torrs CMD: C:\Users\torrs\AppData\Local\Discord\app-1.0.9198\Discord.exe --type=crashpad-handler --user-data-dir=C:\Users\torrs\AppData\Roaming\discord /prefetch:4 --no-rate-limit --monitor-self-annotation=ptype=crashpad-handler --database=C:\Users\torrs\AppData\Roaming\discord\Crashpad --url=https://f.a.k/e --annotation=_productName=discord --annotation=_version=1.0.9198 --annotation=plat=Win64 --annotation=prod=Electron --annotation=ver=35.3.0 --initial-client-data=0x4dc,0x4e4,0x4e8,0x4d0,0x4ec,0x7ff790eba064,0x7ff790eba070,0x7ff790eba080 PATH: C:\Users\torrs\AppData\Local\Discord\app-1.0.9198\Discord.exe
20250710T15:09:51Z STORRENTI LOKI: Info: MODULE: ProcessScan MESSAGE: PE-Sieve reported no anomalies PID: 18996 NAME: Discord.exe OWNER: torrs CMD: C:\Users\torrs\AppData\Local\Discord\app-1.0.9198\Discord.exe --type=crashpad-handler --user-data-dir=C:\Users\torrs\AppData\Roaming\discord /prefetch:4 --no-rate-limit --monitor-self-annotation=ptype=crashpad-handler --database=C:\Users\torrs\AppData\Roaming\discord\Crashpad --url=https://f.a.k/e --annotation=_productName=discord --annotation=_version=1.0.9198 --annotation=plat=Win64 --annotation=prod=Electron --annotation=ver=35.3.0 --initial-client-data=0x4dc,0x4e4,0x4e8,0x4d0,0x4ec,0x7ff790eba064,0x7ff790eba070,0x7ff790eba080 PATH: C:\Users\torrs\AppData\Local\Discord\app-1.0.9198\Discord.exe
20250710T15:09:51Z STORRENTI LOKI: Info: MODULE: ProcessScan MESSAGE: Scanning Process PID: 15620 NAME: Discord.exe OWNER: torrs CMD: "C:\Users\torrs\AppData\Local\Discord\app-1.0.9198\Discord.exe" --type=gpu-process --user-data-dir="C:\Users\torrs\AppData\Roaming\discord" --gpu-preferences=UAAAAAAAAADgAAAEAAAAAAAAAAAAAAAAAABgAAEAAAAAAAAAAAAAAAAAAAACAAAAAAAAAAAAAAAAAAAAAAAAABAAAAAAAAAAEAAAAAAAAAAIAAAAAAAAAAgAAAAAAAAA --field-trial-handle=1748,i,6617465473336449321,18334161154950289303,262144 --disable-features=AllowAggressiveThrottlingWithWebSocket,HardwareMediaKeyHandling,IntensiveWakeUpThrottling,MediaSessionService,SpareRendererForSitePerProcess,UseEcoQoSForBackgroundProcess,WinDelaySpellcheckServiceInit,WinRetrieveSuggestionsOnlyOnDemand --variations-seed-version --mojo-platform-channel-handle=1792 /prefetch:2 PATH: C:\Users\torrs\AppData\Local\Discord\app-1.0.9198\Discord.exe
20250710T15:09:53Z STORRENTI LOKI: Notice: MODULE: ProcessScan MESSAGE: PE-Sieve reported patched process PID: 15620 NAME: Discord.exe OWNER: torrs CMD: "C:\Users\torrs\AppData\Local\Discord\app-1.0.9198\Discord.exe" --type=gpu-process --user-data-dir="C:\Users\torrs\AppData\Roaming\discord" --gpu-preferences=UAAAAAAAAADgAAAEAAAAAAAAAAAAAAAAAABgAAEAAAAAAAAAAAAAAAAAAAACAAAAAAAAAAAAAAAAAAAAAAAAABAAAAAAAAAAEAAAAAAAAAAIAAAAAAAAAAgAAAAAAAAA --field-trial-handle=1748,i,6617465473336449321,18334161154950289303,262144 --disable-features=AllowAggressiveThrottlingWithWebSocket,HardwareMediaKeyHandling,IntensiveWakeUpThrottling,MediaSessionService,SpareRendererForSitePerProcess,UseEcoQoSForBackgroundProcess,WinDelaySpellcheckServiceInit,WinRetrieveSuggestionsOnlyOnDemand --variations-seed-version --mojo-platform-channel-handle=1792 /prefetch:2 PATH: C:\Users\torrs\AppData\Local\Discord\app-1.0.9198\Discord.exe PATCHED: 2
20250710T15:09:53Z STORRENTI LOKI: Info: MODULE: ProcessScan MESSAGE: Scanning Process PID: 16748 NAME: Discord.exe OWNER: torrs CMD: "C:\Users\torrs\AppData\Local\Discord\app-1.0.9198\Discord.exe" --type=utility --utility-sub-type=network.mojom.NetworkService --lang=fr --service-sandbox-type=none --user-data-dir="C:\Users\torrs\AppData\Roaming\discord" --standard-schemes=disclip --secure-schemes=disclip,sentry-ipc --bypasscsp-schemes=sentry-ipc --cors-schemes=sentry-ipc --fetch-schemes=disclip,sentry-ipc --streaming-schemes=disclip --field-trial-handle=1748,i,6617465473336449321,18334161154950289303,262144 --disable-features=AllowAggressiveThrottlingWithWebSocket,HardwareMediaKeyHandling,IntensiveWakeUpThrottling,MediaSessionService,SpareRendererForSitePerProcess,UseEcoQoSForBackgroundProcess,WinDelaySpellcheckServiceInit,WinRetrieveSuggestionsOnlyOnDemand --variations-seed-version --mojo-platform-channel-handle=1932 /prefetch:11 PATH: C:\Users\torrs\AppData\Local\Discord\app-1.0.9198\Discord.exe
20250710T15:09:53Z STORRENTI LOKI: Info: MODULE: ProcessScan MESSAGE: PE-Sieve reported no anomalies PID: 16748 NAME: Discord.exe OWNER: torrs CMD: "C:\Users\torrs\AppData\Local\Discord\app-1.0.9198\Discord.exe" --type=utility --utility-sub-type=network.mojom.NetworkService --lang=fr --service-sandbox-type=none --user-data-dir="C:\Users\torrs\AppData\Roaming\discord" --standard-schemes=disclip --secure-schemes=disclip,sentry-ipc --bypasscsp-schemes=sentry-ipc --cors-schemes=sentry-ipc --fetch-schemes=disclip,sentry-ipc --streaming-schemes=disclip --field-trial-handle=1748,i,6617465473336449321,18334161154950289303,262144 --disable-features=AllowAggressiveThrottlingWithWebSocket,HardwareMediaKeyHandling,IntensiveWakeUpThrottling,MediaSessionService,SpareRendererForSitePerProcess,UseEcoQoSForBackgroundProcess,WinDelaySpellcheckServiceInit,WinRetrieveSuggestionsOnlyOnDemand --variations-seed-version --mojo-platform-channel-handle=1932 /prefetch:11 PATH: C:\Users\torrs\AppData\Local\Discord\app-1.0.9198\Discord.exe
20250710T15:09:53Z STORRENTI LOKI: Notice: MODULE: ProcessScan MESSAGE: Established connection PID: 16748 NAME: Discord.exe COMMAND: "C:\Users\torrs\AppData\Local\Discord\app-1.0.9198\Discord.exe" --type=utility --utility-sub-type=network.mojom.NetworkService --lang=fr --service-sandbox-type=none --user-data-dir="C:\Users\torrs\AppData\Roaming\discord" --standard-schemes=disclip --secure-schemes=disclip,sentry-ipc --bypasscsp-schemes=sentry-ipc --cors-schemes=sentry-ipc --fetch-schemes=disclip,sentry-ipc --streaming-schemes=disclip --field-trial-handle=1748,i,6617465473336449321,18334161154950289303,262144 --disable-features=AllowAggressiveThrottlingWithWebSocket,HardwareMediaKeyHandling,IntensiveWakeUpThrottling,MediaSessionService,SpareRendererForSitePerProcess,UseEcoQoSForBackgroundProcess,WinDelaySpellcheckServiceInit,WinRetrieveSuggestionsOnlyOnDemand --variations-seed-version --mojo-platform-channel-handle=1932 /prefetch:11 LIP: 172.31.200.207 LPORT: 54026 RIP: 162.159.130.234 RPORT: 443
20250710T15:09:53Z STORRENTI LOKI: Info: MODULE: ProcessScan MESSAGE: Scanning Process PID: 14572 NAME: Discord.exe OWNER: torrs CMD: "C:\Users\torrs\AppData\Local\Discord\app-1.0.9198\Discord.exe" --type=renderer --user-data-dir="C:\Users\torrs\AppData\Roaming\discord" --standard-schemes=disclip --secure-schemes=disclip,sentry-ipc --bypasscsp-schemes=sentry-ipc --cors-schemes=sentry-ipc --fetch-schemes=disclip,sentry-ipc --streaming-schemes=disclip --app-user-model-id=com.squirrel.Discord.Discord --app-path="C:\Users\torrs\AppData\Local\Discord\app-1.0.9198\resources\app.asar" --no-sandbox --no-zygote --enable-blink-features=EnumerateDevices,AudioOutputDevices --autoplay-policy=no-user-gesture-required --disable-background-timer-throttling --video-capture-use-gpu-memory-buffer --lang=fr --device-scale-factor=1.5 --num-raster-threads=4 --enable-main-frame-before-activation --renderer-client-id=6 --time-ticks-at-unix-epoch=-1752121960404432 --launch-time-ticks=26527205459 --field-trial-handle=1748,i,6617465473336449321,18334161154950289303,262144 --disable-features=AllowAggressiveThrottlingWithWebSocket,HardwareMediaKeyHandling,IntensiveWakeUpThrottling,MediaSessionService,SpareRendererForSitePerProcess,UseEcoQoSForBackgroundProcess,WinDelaySpellcheckServiceInit,WinRetrieveSuggestionsOnlyOnDemand --variations-seed-version --mojo-platform-channel-handle=2808 --enable-node-leakage-in-renderers /prefetch:1 PATH: C:\Users\torrs\AppData\Local\Discord\app-1.0.9198\Discord.exe
20250710T15:09:55Z STORRENTI LOKI: Notice: MODULE: ProcessScan MESSAGE: PE-Sieve reported patched process PID: 14572 NAME: Discord.exe OWNER: torrs CMD: "C:\Users\torrs\AppData\Local\Discord\app-1.0.9198\Discord.exe" --type=renderer --user-data-dir="C:\Users\torrs\AppData\Roaming\discord" --standard-schemes=disclip --secure-schemes=disclip,sentry-ipc --bypasscsp-schemes=sentry-ipc --cors-schemes=sentry-ipc --fetch-schemes=disclip,sentry-ipc --streaming-schemes=disclip --app-user-model-id=com.squirrel.Discord.Discord --app-path="C:\Users\torrs\AppData\Local\Discord\app-1.0.9198\resources\app.asar" --no-sandbox --no-zygote --enable-blink-features=EnumerateDevices,AudioOutputDevices --autoplay-policy=no-user-gesture-required --disable-background-timer-throttling --video-capture-use-gpu-memory-buffer --lang=fr --device-scale-factor=1.5 --num-raster-threads=4 --enable-main-frame-before-activation --renderer-client-id=6 --time-ticks-at-unix-epoch=-1752121960404432 --launch-time-ticks=26527205459 --field-trial-handle=1748,i,6617465473336449321,18334161154950289303,262144 --disable-features=AllowAggressiveThrottlingWithWebSocket,HardwareMediaKeyHandling,IntensiveWakeUpThrottling,MediaSessionService,SpareRendererForSitePerProcess,UseEcoQoSForBackgroundProcess,WinDelaySpellcheckServiceInit,WinRetrieveSuggestionsOnlyOnDemand --variations-seed-version --mojo-platform-channel-handle=2808 --enable-node-leakage-in-renderers /prefetch:1 PATH: C:\Users\torrs\AppData\Local\Discord\app-1.0.9198\Discord.exe PATCHED: 1
20250710T15:09:55Z STORRENTI LOKI: Notice: MODULE: ProcessScan MESSAGE: Listening process PID: 14572 NAME: Discord.exe COMMAND: "C:\Users\torrs\AppData\Local\Discord\app-1.0.9198\Discord.exe" --type=renderer --user-data-dir="C:\Users\torrs\AppData\Roaming\discord" --standard-schemes=disclip --secure-schemes=disclip,sentry-ipc --bypasscsp-schemes=sentry-ipc --cors-schemes=sentry-ipc --fetch-schemes=disclip,sentry-ipc --streaming-schemes=disclip --app-user-model-id=com.squirrel.Discord.Discord --app-path="C:\Users\torrs\AppData\Local\Discord\app-1.0.9198\resources\app.asar" --no-sandbox --no-zygote --enable-blink-features=EnumerateDevices,AudioOutputDevices --autoplay-policy=no-user-gesture-required --disable-background-timer-throttling --video-capture-use-gpu-memory-buffer --lang=fr --device-scale-factor=1.5 --num-raster-threads=4 --enable-main-frame-before-activation --renderer-client-id=6 --time-ticks-at-unix-epoch=-1752121960404432 --launch-time-ticks=26527205459 --field-trial-handle=1748,i,6617465473336449321,18334161154950289303,262144 --disable-features=AllowAggressiveThrottlingWithWebSocket,HardwareMediaKeyHandling,IntensiveWakeUpThrottling,MediaSessionService,SpareRendererForSitePerProcess,UseEcoQoSForBackgroundProcess,WinDelaySpellcheckServiceInit,WinRetrieveSuggestionsOnlyOnDemand --variations-seed-version --mojo-platform-channel-handle=2808 --enable-node-leakage-in-renderers /prefetch:1 IP: 127.0.0.1 PORT: 6463
20250710T15:09:55Z STORRENTI LOKI: Info: MODULE: ProcessScan MESSAGE: Scanning Process PID: 20360 NAME: Discord.exe OWNER: torrs CMD: "C:\Users\torrs\AppData\Local\Discord\app-1.0.9198\Discord.exe" --type=utility --utility-sub-type=audio.mojom.AudioService --lang=fr --service-sandbox-type=audio --video-capture-use-gpu-memory-buffer --user-data-dir="C:\Users\torrs\AppData\Roaming\discord" --standard-schemes=disclip --secure-schemes=disclip,sentry-ipc --bypasscsp-schemes=sentry-ipc --cors-schemes=sentry-ipc --fetch-schemes=disclip,sentry-ipc --streaming-schemes=disclip --field-trial-handle=1748,i,6617465473336449321,18334161154950289303,262144 --disable-features=AllowAggressiveThrottlingWithWebSocket,HardwareMediaKeyHandling,IntensiveWakeUpThrottling,MediaSessionService,SpareRendererForSitePerProcess,UseEcoQoSForBackgroundProcess,WinDelaySpellcheckServiceInit,WinRetrieveSuggestionsOnlyOnDemand --variations-seed-version --mojo-platform-channel-handle=4148 /prefetch:12 PATH: C:\Users\torrs\AppData\Local\Discord\app-1.0.9198\Discord.exe
20250710T15:09:56Z STORRENTI LOKI: Notice: MODULE: ProcessScan MESSAGE: PE-Sieve reported patched process PID: 20360 NAME: Discord.exe OWNER: torrs CMD: "C:\Users\torrs\AppData\Local\Discord\app-1.0.9198\Discord.exe" --type=utility --utility-sub-type=audio.mojom.AudioService --lang=fr --service-sandbox-type=audio --video-capture-use-gpu-memory-buffer --user-data-dir="C:\Users\torrs\AppData\Roaming\discord" --standard-schemes=disclip --secure-schemes=disclip,sentry-ipc --bypasscsp-schemes=sentry-ipc --cors-schemes=sentry-ipc --fetch-schemes=disclip,sentry-ipc --streaming-schemes=disclip --field-trial-handle=1748,i,6617465473336449321,18334161154950289303,262144 --disable-features=AllowAggressiveThrottlingWithWebSocket,HardwareMediaKeyHandling,IntensiveWakeUpThrottling,MediaSessionService,SpareRendererForSitePerProcess,UseEcoQoSForBackgroundProcess,WinDelaySpellcheckServiceInit,WinRetrieveSuggestionsOnlyOnDemand --variations-seed-version --mojo-platform-channel-handle=4148 /prefetch:12 PATH: C:\Users\torrs\AppData\Local\Discord\app-1.0.9198\Discord.exe PATCHED: 1
20250710T15:09:56Z STORRENTI LOKI: Info: MODULE: ProcessScan MESSAGE: Scanning Process PID: 11212 NAME: msedgewebview2.exe OWNER: torrs CMD: "C:\Program Files (x86)\Microsoft\EdgeWebView\Application\138.0.3351.77\msedgewebview2.exe" --type=utility --utility-sub-type=audio.mojom.AudioService --lang=fr --service-sandbox-type=audio --video-capture-use-gpu-memory-buffer --noerrdialogs --user-data-dir="C:\Users\torrs\AppData\Local\Packages\MicrosoftWindows.Client.WebExperience_cw5n1h2txyewy\LocalState\EBWebView" --webview-exe-name=WidgetBoard.exe --webview-exe-version=525.15301.20.0 --embedded-browser-webview=1 --embedded-browser-webview-dpi-awareness=2 --no-pre-read-main-dll --always-read-main-dll --field-trial-handle=1832,i,5554052982409128379,470341925311675467,262144 --enable-features=ForceSWDCompWhenDCompFallbackRequired,msAggressiveCacheTrimming,msCustomDataPartition,msEdgeFluentOverlayScrollbar,msSingleSignOnOSForPrimaryAccountIsShared,msWebView2NoTabForScreenShare,msWindowsTaskManager --disable-features=BackForwardCache,BackgroundTabLoadingFromPerformanceManager,CloseOmniboxPopupOnInactiveAreaClick,CollectAVProductsInfo,CollectCodeIntegrityInfo,EnableHangWatcher,FilterAdsOnAbusiveSites,GetWifiProtocol,LoginDetection,PreconnectToSearch,SafetyHub,SegmentationPlatform,SpareRendererForSitePerProcess,Ukm,WebPayments,msAITrackerClassification,msAbydosForWindowlessWV2,msAffirmVirtualCard,msAllowChromeWebstore,msAllowMSAPrtSSOForNonMSAProfile,msApplicationGuard,msAskBeforeClosingMultipleTabs,msAutoToggleAADPrtSSOForNonAADProfile,msAutofillEdgeCoupons,msAutofillEdgeCouponsAutoApply,msAutofillEdgeServiceRequest,msAutofillEnableEdgeSuggestions,msAutomaticTabFreeze,msBrowserSettingsSupported,msCoarseGeolocationService,msDataProtection,msDesktopMode,msDesktopRewards,msDisableVariationsSeedFetchThrottling,msEEProactiveHistory,msETFOffstoreExtensionFileDataCollection,msETFPasswordTheftDNRActionSignals,msEdgeAdPlatformUI,msEdgeAddWebCapturetoCollections,msEdgeAutofillShowDeployedPassword,msEdgeCaptureSelectionInPDF,msEdgeCloudConfigService,msEdgeCloudConfigServiceV2,msEdgeCohorts,msEdgeCollectionsPrismExperiment1,msEdgeCollectionsPrismOverallMigration,msEdgeComposeNext,msEdgeEnableNurturingFramework,msEdgeEnclavePrefsBasic,msEdgeEnclavePrefsNotification,msEdgeFaviconService,msEdgeHJTelemetry,msEdgeHubAppSkype,msEdgeImageEditorUI,msEdgeLinkDoctor,msEdgeMouseGestureDefaultEnabled,msEdgeMouseGestureSupported,msEdgeNewDeviceFre,msEdgeOnRampFRE,msEdgeOnRampImport,msEdgePDFCMHighlightUX,msEdgePasswordIris,msEdgePasswordIrisSaveBubble,msEdgeProngPersonalization,msEdgeReadingView,msEdgeRose,msEdgeScreenshotUI,msEdgeSendTabToSelf,msEdgeSettingsImport,msEdgeSettingsImportV2,msEdgeShoppingPersistentStorage,msEdgeShoppingUI,msEdgeSmartFind,msEdgeSuperDragDefaultEnabled,msEdgeSuperDragDropSupported,msEdgeTipping,msEdgeTranslate,msEdgeUseCaptivePortalService,msEdgeWebCapture,msEdgeWebCaptureUniformExperience,msEdgeWebContentFilteringFeedback,msEdgeWorkSearchBanner,msEnableCustomJobMemoryLimitsOnXbox,msEnableMIPForPDF,msEnablePdfUpsell,msEnableThirdPartyScanning,msEnableWebSignInCta,msEnableWebToBrowserSignIn,msEndpointDlp,msEntityExtraction,msExtensionTelemetryFramework,msExternalTaskManager,msFileSystemAccessDirectoryIterationBlocklistCheck,msForceBrowserSignIn,msForeignSessionsPage,msGeolocationAccessService,msGeolocationOSLocationPermissionFallback,msGeolocationSQMService,msGeolocationService,msGrowthInfraLaunchSourceLogging,msGuidedSwitchAllowed,msHubPinPersist,msImplicitSignin,msIrm,msIrmv2,msKlarnaVirtualCard,msLlmConsumerDlpPurview,msLoadStatistics,msLogIsEdgePinnedToTaskbarOnLaunch,msMIPCrossTenantPdfViewSupport,msMdatpWebSiteDlp,msNotificationPermissionForPWA,msNumberOfSitesToPin,msNurturingSitePinningWithWindowsConsent,msOnHoverSearchInSidebar,msOpenOfficeDocumentsInWebViewer,msPasswordBreachDetection,msPdfAnnotationsVisibility,msPdfDataRecovery,msPdfDigitalSignatureRead,msPdfFreeText,msPdfFreeTextForCJK,msPdfHighlightMode,msPdfInking,msPdfKeyphraseSupport,msPdfOOUI,msPdfPopupMarkerRenderer,msPdfShare,msPdfSharedLibrary,msPdfTextNote,msPdfTextNoteMoreMenu,msPdfThumbnailCache,msPdfUnderside,msPdfViewRestore,msPersonalizationUMA,msPriceComparison,msPromptDefaultHandlerForPDF,msReactiveSearch,msReadAloud,msReadAloudPdf,msRedirectToShoreline,msRevokeExtensions,msSaasDlp,msShoppingTrigger,msShorelineSearch,msShorelineSearchFindOnPageWebUI,msShowOfflineGameEntrance,msShowReadAloudIconInAddressBar,msShowUXForAADPrtSSOForNonAADProfile,msSitePinningWithoutUi,msSuspendMessageForNewSessionWhenHavingPendingNavigation,msSyncEdgeCollections,msTabResourceStats,msTokenizationAutofillInlineEnabled,msTouchMode,msTriggeringSignalGenerator,msUserUnderstanding,msVideoSuperResolutionUI,msWalletBuyNow,msWalletCheckout,msWalletDiagnosticDataLogger,msWalletHubEntry,msWalletHubIntlP3,msWalletPartialCard,msWalletPasswordCategorization,msWalletPasswordCategorizationPlatformExpansion,msWalletTokenizationCardMetadata,msWalletTokenizedAutofill,msWebAssist,msWebAssistHistorySearchService,msWebOOUI,msWindowsUserActivities,msZipPayVirtualCard --variations-seed-version --mojo-platform-channel-handle=6160 /prefetch:12 /pfhostedapp:db8c44eb335051370de465f53c7a357f1d8eb33d PATH: C:\Program Files (x86)\Microsoft\EdgeWebView\Application\138.0.3351.77\msedgewebview2.exe
20250710T15:09:56Z STORRENTI LOKI: Notice: MODULE: ProcessScan MESSAGE: PE-Sieve reported patched process PID: 11212 NAME: msedgewebview2.exe OWNER: torrs CMD: "C:\Program Files (x86)\Microsoft\EdgeWebView\Application\138.0.3351.77\msedgewebview2.exe" --type=utility --utility-sub-type=audio.mojom.AudioService --lang=fr --service-sandbox-type=audio --video-capture-use-gpu-memory-buffer --noerrdialogs --user-data-dir="C:\Users\torrs\AppData\Local\Packages\MicrosoftWindows.Client.WebExperience_cw5n1h2txyewy\LocalState\EBWebView" --webview-exe-name=WidgetBoard.exe --webview-exe-version=525.15301.20.0 --embedded-browser-webview=1 --embedded-browser-webview-dpi-awareness=2 --no-pre-read-main-dll --always-read-main-dll --field-trial-handle=1832,i,5554052982409128379,470341925311675467,262144 --enable-features=ForceSWDCompWhenDCompFallbackRequired,msAggressiveCacheTrimming,msCustomDataPartition,msEdgeFluentOverlayScrollbar,msSingleSignOnOSForPrimaryAccountIsShared,msWebView2NoTabForScreenShare,msWindowsTaskManager --disable-features=BackForwardCache,BackgroundTabLoadingFromPerformanceManager,CloseOmniboxPopupOnInactiveAreaClick,CollectAVProductsInfo,CollectCodeIntegrityInfo,EnableHangWatcher,FilterAdsOnAbusiveSites,GetWifiProtocol,LoginDetection,PreconnectToSearch,SafetyHub,SegmentationPlatform,SpareRendererForSitePerProcess,Ukm,WebPayments,msAITrackerClassification,msAbydosForWindowlessWV2,msAffirmVirtualCard,msAllowChromeWebstore,msAllowMSAPrtSSOForNonMSAProfile,msApplicationGuard,msAskBeforeClosingMultipleTabs,msAutoToggleAADPrtSSOForNonAADProfile,msAutofillEdgeCoupons,msAutofillEdgeCouponsAutoApply,msAutofillEdgeServiceRequest,msAutofillEnableEdgeSuggestions,msAutomaticTabFreeze,msBrowserSettingsSupported,msCoarseGeolocationService,msDataProtection,msDesktopMode,msDesktopRewards,msDisableVariationsSeedFetchThrottling,msEEProactiveHistory,msETFOffstoreExtensionFileDataCollection,msETFPasswordTheftDNRActionSignals,msEdgeAdPlatformUI,msEdgeAddWebCapturetoCollections,msEdgeAutofillShowDeployedPassword,msEdgeCaptureSelectionInPDF,msEdgeCloudConfigService,msEdgeCloudConfigServiceV2,msEdgeCohorts,msEdgeCollectionsPrismExperiment1,msEdgeCollectionsPrismOverallMigration,msEdgeComposeNext,msEdgeEnableNurturingFramework,msEdgeEnclavePrefsBasic,msEdgeEnclavePrefsNotification,msEdgeFaviconService,msEdgeHJTelemetry,msEdgeHubAppSkype,msEdgeImageEditorUI,msEdgeLinkDoctor,msEdgeMouseGestureDefaultEnabled,msEdgeMouseGestureSupported,msEdgeNewDeviceFre,msEdgeOnRampFRE,msEdgeOnRampImport,msEdgePDFCMHighlightUX,msEdgePasswordIris,msEdgePasswordIrisSaveBubble,msEdgeProngPersonalization,msEdgeReadingView,msEdgeRose,msEdgeScreenshotUI,msEdgeSendTabToSelf,msEdgeSettingsImport,msEdgeSettingsImportV2,msEdgeShoppingPersistentStorage,msEdgeShoppingUI,msEdgeSmartFind,msEdgeSuperDragDefaultEnabled,msEdgeSuperDragDropSupported,msEdgeTipping,msEdgeTranslate,msEdgeUseCaptivePortalService,msEdgeWebCapture,msEdgeWebCaptureUniformExperience,msEdgeWebContentFilteringFeedback,msEdgeWorkSearchBanner,msEnableCustomJobMemoryLimitsOnXbox,msEnableMIPForPDF,msEnablePdfUpsell,msEnableThirdPartyScanning,msEnableWebSignInCta,msEnableWebToBrowserSignIn,msEndpointDlp,msEntityExtraction,msExtensionTelemetryFramework,msExternalTaskManager,msFileSystemAccessDirectoryIterationBlocklistCheck,msForceBrowserSignIn,msForeignSessionsPage,msGeolocationAccessService,msGeolocationOSLocationPermissionFallback,msGeolocationSQMService,msGeolocationService,msGrowthInfraLaunchSourceLogging,msGuidedSwitchAllowed,msHubPinPersist,msImplicitSignin,msIrm,msIrmv2,msKlarnaVirtualCard,msLlmConsumerDlpPurview,msLoadStatistics,msLogIsEdgePinnedToTaskbarOnLaunch,msMIPCrossTenantPdfViewSupport,msMdatpWebSiteDlp,msNotificationPermissionForPWA,msNumberOfSitesToPin,msNurturingSitePinningWithWindowsConsent,msOnHoverSearchInSidebar,msOpenOfficeDocumentsInWebViewer,msPasswordBreachDetection,msPdfAnnotationsVisibility,msPdfDataRecovery,msPdfDigitalSignatureRead,msPdfFreeText,msPdfFreeTextForCJK,msPdfHighlightMode,msPdfInking,msPdfKeyphraseSupport,msPdfOOUI,msPdfPopupMarkerRenderer,msPdfShare,msPdfSharedLibrary,msPdfTextNote,msPdfTextNoteMoreMenu,msPdfThumbnailCache,msPdfUnderside,msPdfViewRestore,msPersonalizationUMA,msPriceComparison,msPromptDefaultHandlerForPDF,msReactiveSearch,msReadAloud,msReadAloudPdf,msRedirectToShoreline,msRevokeExtensions,msSaasDlp,msShoppingTrigger,msShorelineSearch,msShorelineSearchFindOnPageWebUI,msShowOfflineGameEntrance,msShowReadAloudIconInAddressBar,msShowUXForAADPrtSSOForNonAADProfile,msSitePinningWithoutUi,msSuspendMessageForNewSessionWhenHavingPendingNavigation,msSyncEdgeCollections,msTabResourceStats,msTokenizationAutofillInlineEnabled,msTouchMode,msTriggeringSignalGenerator,msUserUnderstanding,msVideoSuperResolutionUI,msWalletBuyNow,msWalletCheckout,msWalletDiagnosticDataLogger,msWalletHubEntry,msWalletHubIntlP3,msWalletPartialCard,msWalletPasswordCategorization,msWalletPasswordCategorizationPlatformExpansion,msWalletTokenizationCardMetadata,msWalletTokenizedAutofill,msWebAssist,msWebAssistHistorySearchService,msWebOOUI,msWindowsUserActivities,msZipPayVirtualCard --variations-seed-version --mojo-platform-channel-handle=6160 /prefetch:12 /pfhostedapp:db8c44eb335051370de465f53c7a357f1d8eb33d PATH: C:\Program Files (x86)\Microsoft\EdgeWebView\Application\138.0.3351.77\msedgewebview2.exe PATCHED: 1
20250710T15:09:56Z STORRENTI LOKI: Info: MODULE: ProcessScan MESSAGE: Scanning Process PID: 14708 NAME: ShellExperienceHost.exe OWNER: torrs CMD: "C:\WINDOWS\SystemApps\ShellExperienceHost_cw5n1h2txyewy\ShellExperienceHost.exe" -ServerName:App.AppXtk181tbxbce2qsex02s8tw7hfxa9xb3t.mca PATH: C:\WINDOWS\SystemApps\ShellExperienceHost_cw5n1h2txyewy\ShellExperienceHost.exe
20250710T15:09:57Z STORRENTI LOKI: Info: MODULE: ProcessScan MESSAGE: PE-Sieve reported no anomalies PID: 14708 NAME: ShellExperienceHost.exe OWNER: torrs CMD: "C:\WINDOWS\SystemApps\ShellExperienceHost_cw5n1h2txyewy\ShellExperienceHost.exe" -ServerName:App.AppXtk181tbxbce2qsex02s8tw7hfxa9xb3t.mca PATH: C:\WINDOWS\SystemApps\ShellExperienceHost_cw5n1h2txyewy\ShellExperienceHost.exe
20250710T15:09:57Z STORRENTI LOKI: Info: MODULE: ProcessScan MESSAGE: Scanning Process PID: 14380 NAME: RuntimeBroker.exe OWNER: torrs CMD: C:\Windows\System32\RuntimeBroker.exe -Embedding PATH: C:\Windows\System32\RuntimeBroker.exe
20250710T15:09:58Z STORRENTI LOKI: Info: MODULE: ProcessScan MESSAGE: PE-Sieve reported no anomalies PID: 14380 NAME: RuntimeBroker.exe OWNER: torrs CMD: C:\Windows\System32\RuntimeBroker.exe -Embedding PATH: C:\Windows\System32\RuntimeBroker.exe
20250710T15:09:58Z STORRENTI LOKI: Info: MODULE: ProcessScan MESSAGE: Scanning Process PID: 24408 NAME: FileCoAuth.exe OWNER: torrs CMD: "C:\Program Files\Microsoft OneDrive\25.110.0608.0002\FileCoAuth.exe" -Embedding PATH: C:\Program Files\Microsoft OneDrive\25.110.0608.0002\FileCoAuth.exe
20250710T15:09:58Z STORRENTI LOKI: Info: MODULE: ProcessScan MESSAGE: PE-Sieve reported no anomalies PID: 24408 NAME: FileCoAuth.exe OWNER: torrs CMD: "C:\Program Files\Microsoft OneDrive\25.110.0608.0002\FileCoAuth.exe" -Embedding PATH: C:\Program Files\Microsoft OneDrive\25.110.0608.0002\FileCoAuth.exe
20250710T15:09:58Z STORRENTI LOKI: Info: MODULE: ProcessScan MESSAGE: Scanning Process PID: 21016 NAME: backgroundTaskHost.exe OWNER: torrs CMD: "C:\WINDOWS\system32\backgroundTaskHost.exe" -ServerName:App.AppXfkd8mejksk4ancwf4vtyhmkvtzn1jcbs.mca PATH: C:\WINDOWS\system32\backgroundTaskHost.exe
20250710T15:09:59Z STORRENTI LOKI: Info: MODULE: ProcessScan MESSAGE: PE-Sieve reported no anomalies PID: 21016 NAME: backgroundTaskHost.exe OWNER: torrs CMD: "C:\WINDOWS\system32\backgroundTaskHost.exe" -ServerName:App.AppXfkd8mejksk4ancwf4vtyhmkvtzn1jcbs.mca PATH: C:\WINDOWS\system32\backgroundTaskHost.exe
20250710T15:09:59Z STORRENTI LOKI: Info: MODULE: ProcessScan MESSAGE: Scanning Process PID: 19308 NAME: backgroundTaskHost.exe OWNER: torrs CMD: "C:\WINDOWS\system32\backgroundTaskHost.exe" -ServerName:App.AppXpybpk6fj2fe0gb0jan49e6dncngk3pa1.mca PATH: C:\WINDOWS\system32\backgroundTaskHost.exe
20250710T15:09:59Z STORRENTI LOKI: Info: MODULE: ProcessScan MESSAGE: PE-Sieve reported no anomalies PID: 19308 NAME: backgroundTaskHost.exe OWNER: torrs CMD: "C:\WINDOWS\system32\backgroundTaskHost.exe" -ServerName:App.AppXpybpk6fj2fe0gb0jan49e6dncngk3pa1.mca PATH: C:\WINDOWS\system32\backgroundTaskHost.exe
20250710T15:09:59Z STORRENTI LOKI: Info: MODULE: ProcessScan MESSAGE: Scanning Process PID: 3656 NAME: RuntimeBroker.exe OWNER: torrs CMD: C:\Windows\System32\RuntimeBroker.exe -Embedding PATH: C:\Windows\System32\RuntimeBroker.exe
20250710T15:09:59Z STORRENTI LOKI: Info: MODULE: ProcessScan MESSAGE: PE-Sieve reported no anomalies PID: 3656 NAME: RuntimeBroker.exe OWNER: torrs CMD: C:\Windows\System32\RuntimeBroker.exe -Embedding PATH: C:\Windows\System32\RuntimeBroker.exe
20250710T15:10:00Z STORRENTI LOKI: Info: MODULE: ProcessScan MESSAGE: Scanning Process PID: 13020 NAME: backgroundTaskHost.exe OWNER: torrs CMD: "C:\WINDOWS\system32\backgroundTaskHost.exe" -ServerName:App.AppXfkd8mejksk4ancwf4vtyhmkvtzn1jcbs.mca PATH: C:\WINDOWS\system32\backgroundTaskHost.exe
20250710T15:10:00Z STORRENTI LOKI: Info: MODULE: ProcessScan MESSAGE: PE-Sieve reported no anomalies PID: 13020 NAME: backgroundTaskHost.exe OWNER: torrs CMD: "C:\WINDOWS\system32\backgroundTaskHost.exe" -ServerName:App.AppXfkd8mejksk4ancwf4vtyhmkvtzn1jcbs.mca PATH: C:\WINDOWS\system32\backgroundTaskHost.exe
20250710T15:10:00Z STORRENTI LOKI: Info: MODULE: ProcessScan MESSAGE: Scanning Process PID: 17388 NAME: backgroundTaskHost.exe OWNER: torrs CMD: "C:\WINDOWS\system32\backgroundTaskHost.exe" -ServerName:App.AppXfkd8mejksk4ancwf4vtyhmkvtzn1jcbs.mca PATH: C:\WINDOWS\system32\backgroundTaskHost.exe
20250710T15:10:01Z STORRENTI LOKI: Info: MODULE: ProcessScan MESSAGE: PE-Sieve reported no anomalies PID: 17388 NAME: backgroundTaskHost.exe OWNER: torrs CMD: "C:\WINDOWS\system32\backgroundTaskHost.exe" -ServerName:App.AppXfkd8mejksk4ancwf4vtyhmkvtzn1jcbs.mca PATH: C:\WINDOWS\system32\backgroundTaskHost.exe
20250710T15:10:01Z STORRENTI LOKI: Info: MODULE: ProcessScan MESSAGE: Scanning Process PID: 11652 NAME: svchost.exe OWNER: Système CMD: C:\WINDOWS\system32\svchost.exe -k SDRSVC PATH: C:\WINDOWS\system32\svchost.exe
20250710T15:10:01Z STORRENTI LOKI: Info: MODULE: ProcessScan MESSAGE: PE-Sieve reported no anomalies PID: 11652 NAME: svchost.exe OWNER: Système CMD: C:\WINDOWS\system32\svchost.exe -k SDRSVC PATH: C:\WINDOWS\system32\svchost.exe
20250710T15:10:01Z STORRENTI LOKI: Notice: MODULE: ProcessScan MESSAGE: svchost.exe priority is not 8 PID: 11652 NAME: svchost.exe OWNER: Système CMD: C:\WINDOWS\system32\svchost.exe -k SDRSVC PATH: C:\WINDOWS\system32\svchost.exe
20250710T15:10:01Z STORRENTI LOKI: Info: MODULE: ProcessScan MESSAGE: Scanning Process PID: 17880 NAME: svchost.exe OWNER: Système CMD: C:\WINDOWS\System32\svchost.exe -k LocalSystemNetworkRestricted -p -s WdiSystemHost PATH: C:\WINDOWS\System32\svchost.exe
20250710T15:10:01Z STORRENTI LOKI: Info: MODULE: ProcessScan MESSAGE: PE-Sieve reported no anomalies PID: 17880 NAME: svchost.exe OWNER: Système CMD: C:\WINDOWS\System32\svchost.exe -k LocalSystemNetworkRestricted -p -s WdiSystemHost PATH: C:\WINDOWS\System32\svchost.exe
20250710T15:10:02Z STORRENTI LOKI: Info: MODULE: ProcessScan MESSAGE: Scanning Process PID: 9408 NAME: taskhostw.exe OWNER: torrs CMD: C:\WINDOWS\system32\taskhostw.exe PATH: C:\WINDOWS\system32\taskhostw.exe
20250710T15:10:02Z STORRENTI LOKI: Info: MODULE: ProcessScan MESSAGE: PE-Sieve reported no anomalies PID: 9408 NAME: taskhostw.exe OWNER: torrs CMD: C:\WINDOWS\system32\taskhostw.exe PATH: C:\WINDOWS\system32\taskhostw.exe
20250710T15:10:02Z STORRENTI LOKI: Info: MODULE: ProcessScan MESSAGE: Scanning Process PID: 24536 NAME: backgroundTaskHost.exe OWNER: torrs CMD: "C:\WINDOWS\system32\backgroundTaskHost.exe" -ServerName:App.AppXfkd8mejksk4ancwf4vtyhmkvtzn1jcbs.mca PATH: C:\WINDOWS\system32\backgroundTaskHost.exe
20250710T15:10:02Z STORRENTI LOKI: Info: MODULE: ProcessScan MESSAGE: PE-Sieve reported no anomalies PID: 24536 NAME: backgroundTaskHost.exe OWNER: torrs CMD: "C:\WINDOWS\system32\backgroundTaskHost.exe" -ServerName:App.AppXfkd8mejksk4ancwf4vtyhmkvtzn1jcbs.mca PATH: C:\WINDOWS\system32\backgroundTaskHost.exe
20250710T15:10:03Z STORRENTI LOKI: Info: MODULE: ProcessScan MESSAGE: Scanning Process PID: 13936 NAME: dllhost.exe OWNER: torrs CMD: "C:\WINDOWS\system32\DllHost.exe" /Processid:{5250E46F-BB09-D602-5891-F476DC89B700} PATH: C:\WINDOWS\system32\DllHost.exe
20250710T15:10:03Z STORRENTI LOKI: Info: MODULE: ProcessScan MESSAGE: PE-Sieve reported no anomalies PID: 13936 NAME: dllhost.exe OWNER: torrs CMD: "C:\WINDOWS\system32\DllHost.exe" /Processid:{5250E46F-BB09-D602-5891-F476DC89B700} PATH: C:\WINDOWS\system32\DllHost.exe
20250710T15:10:03Z STORRENTI LOKI: Info: MODULE: ProcessScan MESSAGE: Scanning Process PID: 21720 NAME: dllhost.exe OWNER: torrs CMD: "C:\WINDOWS\system32\DllHost.exe" /Processid:{559F1A79-1264-4219-9F15-F919BBBB2CA4} PATH: C:\WINDOWS\system32\DllHost.exe
20250710T15:10:03Z STORRENTI LOKI: Info: MODULE: ProcessScan MESSAGE: PE-Sieve reported no anomalies PID: 21720 NAME: dllhost.exe OWNER: torrs CMD: "C:\WINDOWS\system32\DllHost.exe" /Processid:{559F1A79-1264-4219-9F15-F919BBBB2CA4} PATH: C:\WINDOWS\system32\DllHost.exe
20250710T15:10:03Z STORRENTI LOKI: Info: MODULE: ProcessScan MESSAGE: Scanning Process PID: 25608 NAME: dllhost.exe OWNER: torrs CMD: "C:\WINDOWS\system32\DllHost.exe" /Processid:{E6950302-61F0-4FEB-97DB-855E30D4A991} PATH: C:\WINDOWS\system32\DllHost.exe
20250710T15:10:03Z STORRENTI LOKI: Info: MODULE: ProcessScan MESSAGE: PE-Sieve reported no anomalies PID: 25608 NAME: dllhost.exe OWNER: torrs CMD: "C:\WINDOWS\system32\DllHost.exe" /Processid:{E6950302-61F0-4FEB-97DB-855E30D4A991} PATH: C:\WINDOWS\system32\DllHost.exe
20250710T15:10:03Z STORRENTI LOKI: Info: MODULE: ProcessScan MESSAGE: Scanning Process PID: 13228 NAME: dllhost.exe OWNER: torrs CMD: "C:\WINDOWS\system32\DllHost.exe" /Processid:{CA6CC9F1-867A-481E-951E-A28C5E4F01EA} PATH: C:\WINDOWS\system32\DllHost.exe
20250710T15:10:04Z STORRENTI LOKI: Info: MODULE: ProcessScan MESSAGE: PE-Sieve reported no anomalies PID: 13228 NAME: dllhost.exe OWNER: torrs CMD: "C:\WINDOWS\system32\DllHost.exe" /Processid:{CA6CC9F1-867A-481E-951E-A28C5E4F01EA} PATH: C:\WINDOWS\system32\DllHost.exe
20250710T15:10:04Z STORRENTI LOKI: Info: MODULE: ProcessScan MESSAGE: Scanning Process PID: 12264 NAME: backgroundTaskHost.exe OWNER: torrs CMD: "C:\WINDOWS\system32\backgroundTaskHost.exe" -ServerName:App.AppXfkd8mejksk4ancwf4vtyhmkvtzn1jcbs.mca PATH: C:\WINDOWS\system32\backgroundTaskHost.exe
20250710T15:10:04Z STORRENTI LOKI: Info: MODULE: ProcessScan MESSAGE: PE-Sieve reported no anomalies PID: 12264 NAME: backgroundTaskHost.exe OWNER: torrs CMD: "C:\WINDOWS\system32\backgroundTaskHost.exe" -ServerName:App.AppXfkd8mejksk4ancwf4vtyhmkvtzn1jcbs.mca PATH: C:\WINDOWS\system32\backgroundTaskHost.exe
20250710T15:10:04Z STORRENTI LOKI: Info: MODULE: ProcessScan MESSAGE: Scanning Process PID: 21368 NAME: smartscreen.exe OWNER: unknown CMD: C:\Windows\System32\smartscreen.exe -Embedding PATH: C:\Windows\System32\smartscreen.exe
20250710T15:10:05Z STORRENTI LOKI: Info: MODULE: ProcessScan MESSAGE: Scanning Process PID: 21640 NAME: Acrobat.exe OWNER: torrs CMD: "C:\Program Files\Adobe\Acrobat DC\Acrobat\Acrobat.exe" "C:\Users\torrs\Documents\GitHub\Dossier-Projet\cour\cour formation\SEC102\52 - La levée de doute (2025) - 2ème partie.pdf" PATH: C:\Program Files\Adobe\Acrobat DC\Acrobat\Acrobat.exe
20250710T15:10:05Z STORRENTI LOKI: Info: MODULE: ProcessScan MESSAGE: PE-Sieve reported no anomalies PID: 21640 NAME: Acrobat.exe OWNER: torrs CMD: "C:\Program Files\Adobe\Acrobat DC\Acrobat\Acrobat.exe" "C:\Users\torrs\Documents\GitHub\Dossier-Projet\cour\cour formation\SEC102\52 - La levée de doute (2025) - 2ème partie.pdf" PATH: C:\Program Files\Adobe\Acrobat DC\Acrobat\Acrobat.exe
20250710T15:10:05Z STORRENTI LOKI: Info: MODULE: ProcessScan MESSAGE: Scanning Process PID: 2172 NAME: Acrobat.exe OWNER: torrs CMD: "C:\Program Files\Adobe\Acrobat DC\Acrobat\Acrobat.exe" --type=renderer /prefetch:1  "C:\Users\torrs\Documents\GitHub\Dossier-Projet\cour\cour formation\SEC102\52 - La levée de doute (2025) - 2ème partie.pdf" PATH: C:\Program Files\Adobe\Acrobat DC\Acrobat\Acrobat.exe
20250710T15:10:06Z STORRENTI LOKI: Notice: MODULE: ProcessScan MESSAGE: PE-Sieve reported patched process PID: 2172 NAME: Acrobat.exe OWNER: torrs CMD: "C:\Program Files\Adobe\Acrobat DC\Acrobat\Acrobat.exe" --type=renderer /prefetch:1  "C:\Users\torrs\Documents\GitHub\Dossier-Projet\cour\cour formation\SEC102\52 - La levée de doute (2025) - 2ème partie.pdf" PATH: C:\Program Files\Adobe\Acrobat DC\Acrobat\Acrobat.exe PATCHED: 10
20250710T15:10:06Z STORRENTI LOKI: Info: MODULE: ProcessScan MESSAGE: Scanning Process PID: 26996 NAME: svchost.exe OWNER: unknown CMD: C:\WINDOWS\system32\svchost.exe -k GPSvcGroup PATH: C:\WINDOWS\system32\svchost.exe
20250710T15:10:06Z STORRENTI LOKI: Info: MODULE: ProcessScan MESSAGE: Scanning Process PID: 12556 NAME: AcroCEF.exe OWNER: torrs CMD: "C:\Program Files\Adobe\Acrobat DC\Acrobat\acrocef_1\AcroCEF.exe" --locale=fr_fr --backgroundcolor=3289650 PATH: C:\Program Files\Adobe\Acrobat DC\Acrobat\acrocef_1\AcroCEF.exe
20250710T15:10:07Z STORRENTI LOKI: Info: MODULE: ProcessScan MESSAGE: PE-Sieve reported no anomalies PID: 12556 NAME: AcroCEF.exe OWNER: torrs CMD: "C:\Program Files\Adobe\Acrobat DC\Acrobat\acrocef_1\AcroCEF.exe" --locale=fr_fr --backgroundcolor=3289650 PATH: C:\Program Files\Adobe\Acrobat DC\Acrobat\acrocef_1\AcroCEF.exe
20250710T15:10:07Z STORRENTI LOKI: Info: MODULE: ProcessScan MESSAGE: Scanning Process PID: 2676 NAME: AcroCEF.exe OWNER: torrs CMD: "C:\Program Files\Adobe\Acrobat DC\Acrobat\acrocef_1\AcroCEF.exe" --type=gpu-process --log-severity=disable --user-agent-product="AcrobatServices/25.1.20531 Chrome/105.0.0.0" --lang=en-US --user-data-dir="C:\Users\torrs\AppData\LocalLow\Adobe\AcroCef\DC\Acrobat\UserData" --gpu-preferences=UAAAAAAAAADgACAYAAAAAAAAAAAAAAAAAABgAAAAAAAwAAAAAAAAAAAAAAAAAAAAAAAAAAAAAAAAAAAAAAAAAEgAAAAAAAAASAAAAAAAAAAYAAAAAgAAABAAAAAAAAAAGAAAAAAAAAAQAAAAAAAAAAAAAAAOAAAAEAAAAAAAAAABAAAADgAAAAgAAAAAAAAACAAAAAAAAAA= --log-file="C:\Program Files\Adobe\Acrobat DC\Acrobat\acrocef_1\debug.log" --mojo-platform-channel-handle=1620 --field-trial-handle=1692,i,10265732908912287677,16462732094066725302,131072 --disable-features=BackForwardCache,CalculateNativeWinOcclusion,WinUseBrowserSpellChecker /prefetch:2 PATH: C:\Program Files\Adobe\Acrobat DC\Acrobat\acrocef_1\AcroCEF.exe
20250710T15:10:07Z STORRENTI LOKI: Notice: MODULE: ProcessScan MESSAGE: PE-Sieve reported patched process PID: 2676 NAME: AcroCEF.exe OWNER: torrs CMD: "C:\Program Files\Adobe\Acrobat DC\Acrobat\acrocef_1\AcroCEF.exe" --type=gpu-process --log-severity=disable --user-agent-product="AcrobatServices/25.1.20531 Chrome/105.0.0.0" --lang=en-US --user-data-dir="C:\Users\torrs\AppData\LocalLow\Adobe\AcroCef\DC\Acrobat\UserData" --gpu-preferences=UAAAAAAAAADgACAYAAAAAAAAAAAAAAAAAABgAAAAAAAwAAAAAAAAAAAAAAAAAAAAAAAAAAAAAAAAAAAAAAAAAEgAAAAAAAAASAAAAAAAAAAYAAAAAgAAABAAAAAAAAAAGAAAAAAAAAAQAAAAAAAAAAAAAAAOAAAAEAAAAAAAAAABAAAADgAAAAgAAAAAAAAACAAAAAAAAAA= --log-file="C:\Program Files\Adobe\Acrobat DC\Acrobat\acrocef_1\debug.log" --mojo-platform-channel-handle=1620 --field-trial-handle=1692,i,10265732908912287677,16462732094066725302,131072 --disable-features=BackForwardCache,CalculateNativeWinOcclusion,WinUseBrowserSpellChecker /prefetch:2 PATH: C:\Program Files\Adobe\Acrobat DC\Acrobat\acrocef_1\AcroCEF.exe PATCHED: 1
20250710T15:10:08Z STORRENTI LOKI: Info: MODULE: ProcessScan MESSAGE: Scanning Process PID: 23716 NAME: AcroCEF.exe OWNER: torrs CMD: "C:\Program Files\Adobe\Acrobat DC\Acrobat\acrocef_1\AcroCEF.exe" --type=utility --utility-sub-type=storage.mojom.StorageService --lang=en-US --service-sandbox-type=utility --log-severity=disable --user-agent-product="AcrobatServices/25.1.20531 Chrome/105.0.0.0" --lang=en-US --user-data-dir="C:\Users\torrs\AppData\LocalLow\Adobe\AcroCef\DC\Acrobat\UserData" --log-file="C:\Program Files\Adobe\Acrobat DC\Acrobat\acrocef_1\debug.log" --mojo-platform-channel-handle=2172 --field-trial-handle=1692,i,10265732908912287677,16462732094066725302,131072 --disable-features=BackForwardCache,CalculateNativeWinOcclusion,WinUseBrowserSpellChecker /prefetch:8 PATH: C:\Program Files\Adobe\Acrobat DC\Acrobat\acrocef_1\AcroCEF.exe
20250710T15:10:08Z STORRENTI LOKI: Notice: MODULE: ProcessScan MESSAGE: PE-Sieve reported patched process PID: 23716 NAME: AcroCEF.exe OWNER: torrs CMD: "C:\Program Files\Adobe\Acrobat DC\Acrobat\acrocef_1\AcroCEF.exe" --type=utility --utility-sub-type=storage.mojom.StorageService --lang=en-US --service-sandbox-type=utility --log-severity=disable --user-agent-product="AcrobatServices/25.1.20531 Chrome/105.0.0.0" --lang=en-US --user-data-dir="C:\Users\torrs\AppData\LocalLow\Adobe\AcroCef\DC\Acrobat\UserData" --log-file="C:\Program Files\Adobe\Acrobat DC\Acrobat\acrocef_1\debug.log" --mojo-platform-channel-handle=2172 --field-trial-handle=1692,i,10265732908912287677,16462732094066725302,131072 --disable-features=BackForwardCache,CalculateNativeWinOcclusion,WinUseBrowserSpellChecker /prefetch:8 PATH: C:\Program Files\Adobe\Acrobat DC\Acrobat\acrocef_1\AcroCEF.exe PATCHED: 1
20250710T15:10:08Z STORRENTI LOKI: Info: MODULE: ProcessScan MESSAGE: Scanning Process PID: 23988 NAME: AcroCEF.exe OWNER: torrs CMD: "C:\Program Files\Adobe\Acrobat DC\Acrobat\acrocef_1\AcroCEF.exe" --type=utility --utility-sub-type=network.mojom.NetworkService --lang=en-US --service-sandbox-type=none --log-severity=disable --user-agent-product="AcrobatServices/25.1.20531 Chrome/105.0.0.0" --lang=en-US --user-data-dir="C:\Users\torrs\AppData\LocalLow\Adobe\AcroCef\DC\Acrobat\UserData" --log-file="C:\Program Files\Adobe\Acrobat DC\Acrobat\acrocef_1\debug.log" --mojo-platform-channel-handle=2196 --field-trial-handle=1692,i,10265732908912287677,16462732094066725302,131072 --disable-features=BackForwardCache,CalculateNativeWinOcclusion,WinUseBrowserSpellChecker /prefetch:8 PATH: C:\Program Files\Adobe\Acrobat DC\Acrobat\acrocef_1\AcroCEF.exe
20250710T15:10:09Z STORRENTI LOKI: Info: MODULE: ProcessScan MESSAGE: PE-Sieve reported no anomalies PID: 23988 NAME: AcroCEF.exe OWNER: torrs CMD: "C:\Program Files\Adobe\Acrobat DC\Acrobat\acrocef_1\AcroCEF.exe" --type=utility --utility-sub-type=network.mojom.NetworkService --lang=en-US --service-sandbox-type=none --log-severity=disable --user-agent-product="AcrobatServices/25.1.20531 Chrome/105.0.0.0" --lang=en-US --user-data-dir="C:\Users\torrs\AppData\LocalLow\Adobe\AcroCef\DC\Acrobat\UserData" --log-file="C:\Program Files\Adobe\Acrobat DC\Acrobat\acrocef_1\debug.log" --mojo-platform-channel-handle=2196 --field-trial-handle=1692,i,10265732908912287677,16462732094066725302,131072 --disable-features=BackForwardCache,CalculateNativeWinOcclusion,WinUseBrowserSpellChecker /prefetch:8 PATH: C:\Program Files\Adobe\Acrobat DC\Acrobat\acrocef_1\AcroCEF.exe
20250710T15:10:09Z STORRENTI LOKI: Info: MODULE: ProcessScan MESSAGE: Scanning Process PID: 16864 NAME: AcroCEF.exe OWNER: torrs CMD: "C:\Program Files\Adobe\Acrobat DC\Acrobat\acrocef_1\AcroCEF.exe" --type=renderer --log-severity=disable --user-agent-product="AcrobatServices/25.1.20531 Chrome/105.0.0.0" --user-data-dir="C:\Users\torrs\AppData\LocalLow\Adobe\AcroCef\DC\Acrobat\UserData" --first-renderer-process --log-file="C:\Program Files\Adobe\Acrobat DC\Acrobat\acrocef_1\debug.log" --touch-events=enabled --lang=en-US --device-scale-factor=1.5 --num-raster-threads=4 --enable-main-frame-before-activation --renderer-client-id=5 --launch-time-ticks=37553826995 --mojo-platform-channel-handle=2396 --field-trial-handle=1692,i,10265732908912287677,16462732094066725302,131072 --disable-features=BackForwardCache,CalculateNativeWinOcclusion,WinUseBrowserSpellChecker /prefetch:1 PATH: C:\Program Files\Adobe\Acrobat DC\Acrobat\acrocef_1\AcroCEF.exe
20250710T15:10:09Z STORRENTI LOKI: Notice: MODULE: ProcessScan MESSAGE: PE-Sieve reported patched process PID: 16864 NAME: AcroCEF.exe OWNER: torrs CMD: "C:\Program Files\Adobe\Acrobat DC\Acrobat\acrocef_1\AcroCEF.exe" --type=renderer --log-severity=disable --user-agent-product="AcrobatServices/25.1.20531 Chrome/105.0.0.0" --user-data-dir="C:\Users\torrs\AppData\LocalLow\Adobe\AcroCef\DC\Acrobat\UserData" --first-renderer-process --log-file="C:\Program Files\Adobe\Acrobat DC\Acrobat\acrocef_1\debug.log" --touch-events=enabled --lang=en-US --device-scale-factor=1.5 --num-raster-threads=4 --enable-main-frame-before-activation --renderer-client-id=5 --launch-time-ticks=37553826995 --mojo-platform-channel-handle=2396 --field-trial-handle=1692,i,10265732908912287677,16462732094066725302,131072 --disable-features=BackForwardCache,CalculateNativeWinOcclusion,WinUseBrowserSpellChecker /prefetch:1 PATH: C:\Program Files\Adobe\Acrobat DC\Acrobat\acrocef_1\AcroCEF.exe PATCHED: 1
20250710T15:10:10Z STORRENTI LOKI: Info: MODULE: ProcessScan MESSAGE: Scanning Process PID: 23696 NAME: AcroCEF.exe OWNER: torrs CMD: "C:\Program Files\Adobe\Acrobat DC\Acrobat\acrocef_1\AcroCEF.exe" --type=renderer --log-severity=disable --user-agent-product="AcrobatServices/25.1.20531 Chrome/105.0.0.0" --user-data-dir="C:\Users\torrs\AppData\LocalLow\Adobe\AcroCef\DC\Acrobat\UserData" --log-file="C:\Program Files\Adobe\Acrobat DC\Acrobat\acrocef_1\debug.log" --touch-events=enabled --lang=en-US --device-scale-factor=1.5 --num-raster-threads=4 --enable-main-frame-before-activation --renderer-client-id=6 --launch-time-ticks=37553923388 --mojo-platform-channel-handle=2716 --field-trial-handle=1692,i,10265732908912287677,16462732094066725302,131072 --disable-features=BackForwardCache,CalculateNativeWinOcclusion,WinUseBrowserSpellChecker /prefetch:1 PATH: C:\Program Files\Adobe\Acrobat DC\Acrobat\acrocef_1\AcroCEF.exe
20250710T15:10:10Z STORRENTI LOKI: Notice: MODULE: ProcessScan MESSAGE: PE-Sieve reported patched process PID: 23696 NAME: AcroCEF.exe OWNER: torrs CMD: "C:\Program Files\Adobe\Acrobat DC\Acrobat\acrocef_1\AcroCEF.exe" --type=renderer --log-severity=disable --user-agent-product="AcrobatServices/25.1.20531 Chrome/105.0.0.0" --user-data-dir="C:\Users\torrs\AppData\LocalLow\Adobe\AcroCef\DC\Acrobat\UserData" --log-file="C:\Program Files\Adobe\Acrobat DC\Acrobat\acrocef_1\debug.log" --touch-events=enabled --lang=en-US --device-scale-factor=1.5 --num-raster-threads=4 --enable-main-frame-before-activation --renderer-client-id=6 --launch-time-ticks=37553923388 --mojo-platform-channel-handle=2716 --field-trial-handle=1692,i,10265732908912287677,16462732094066725302,131072 --disable-features=BackForwardCache,CalculateNativeWinOcclusion,WinUseBrowserSpellChecker /prefetch:1 PATH: C:\Program Files\Adobe\Acrobat DC\Acrobat\acrocef_1\AcroCEF.exe PATCHED: 1
20250710T15:10:10Z STORRENTI LOKI: Info: MODULE: ProcessScan MESSAGE: Scanning Process PID: 15700 NAME: AcroCEF.exe OWNER: torrs CMD: "C:\Program Files\Adobe\Acrobat DC\Acrobat\acrocef_1\AcroCEF.exe" --type=renderer --log-severity=disable --user-agent-product="AcrobatServices/25.1.20531 Chrome/105.0.0.0" --user-data-dir="C:\Users\torrs\AppData\LocalLow\Adobe\AcroCef\DC\Acrobat\UserData" --log-file="C:\Program Files\Adobe\Acrobat DC\Acrobat\acrocef_1\debug.log" --touch-events=enabled --lang=en-US --device-scale-factor=1.5 --num-raster-threads=4 --enable-main-frame-before-activation --renderer-client-id=7 --launch-time-ticks=37553934072 --mojo-platform-channel-handle=2736 --field-trial-handle=1692,i,10265732908912287677,16462732094066725302,131072 --disable-features=BackForwardCache,CalculateNativeWinOcclusion,WinUseBrowserSpellChecker /prefetch:1 PATH: C:\Program Files\Adobe\Acrobat DC\Acrobat\acrocef_1\AcroCEF.exe
20250710T15:10:11Z STORRENTI LOKI: Notice: MODULE: ProcessScan MESSAGE: PE-Sieve reported patched process PID: 15700 NAME: AcroCEF.exe OWNER: torrs CMD: "C:\Program Files\Adobe\Acrobat DC\Acrobat\acrocef_1\AcroCEF.exe" --type=renderer --log-severity=disable --user-agent-product="AcrobatServices/25.1.20531 Chrome/105.0.0.0" --user-data-dir="C:\Users\torrs\AppData\LocalLow\Adobe\AcroCef\DC\Acrobat\UserData" --log-file="C:\Program Files\Adobe\Acrobat DC\Acrobat\acrocef_1\debug.log" --touch-events=enabled --lang=en-US --device-scale-factor=1.5 --num-raster-threads=4 --enable-main-frame-before-activation --renderer-client-id=7 --launch-time-ticks=37553934072 --mojo-platform-channel-handle=2736 --field-trial-handle=1692,i,10265732908912287677,16462732094066725302,131072 --disable-features=BackForwardCache,CalculateNativeWinOcclusion,WinUseBrowserSpellChecker /prefetch:1 PATH: C:\Program Files\Adobe\Acrobat DC\Acrobat\acrocef_1\AcroCEF.exe PATCHED: 1
20250710T15:10:11Z STORRENTI LOKI: Info: MODULE: ProcessScan MESSAGE: Scanning Process PID: 19632 NAME: AcroCEF.exe OWNER: torrs CMD: "C:\Program Files\Adobe\Acrobat DC\Acrobat\acrocef_1\AcroCEF.exe" --type=renderer --log-severity=disable --user-agent-product="AcrobatServices/25.1.20531 Chrome/105.0.0.0" --user-data-dir="C:\Users\torrs\AppData\LocalLow\Adobe\AcroCef\DC\Acrobat\UserData" --log-file="C:\Program Files\Adobe\Acrobat DC\Acrobat\acrocef_1\debug.log" --touch-events=enabled --lang=en-US --device-scale-factor=1.5 --num-raster-threads=4 --enable-main-frame-before-activation --renderer-client-id=8 --launch-time-ticks=37553943905 --mojo-platform-channel-handle=2764 --field-trial-handle=1692,i,10265732908912287677,16462732094066725302,131072 --disable-features=BackForwardCache,CalculateNativeWinOcclusion,WinUseBrowserSpellChecker /prefetch:1 PATH: C:\Program Files\Adobe\Acrobat DC\Acrobat\acrocef_1\AcroCEF.exe
20250710T15:10:11Z STORRENTI LOKI: Notice: MODULE: ProcessScan MESSAGE: PE-Sieve reported patched process PID: 19632 NAME: AcroCEF.exe OWNER: torrs CMD: "C:\Program Files\Adobe\Acrobat DC\Acrobat\acrocef_1\AcroCEF.exe" --type=renderer --log-severity=disable --user-agent-product="AcrobatServices/25.1.20531 Chrome/105.0.0.0" --user-data-dir="C:\Users\torrs\AppData\LocalLow\Adobe\AcroCef\DC\Acrobat\UserData" --log-file="C:\Program Files\Adobe\Acrobat DC\Acrobat\acrocef_1\debug.log" --touch-events=enabled --lang=en-US --device-scale-factor=1.5 --num-raster-threads=4 --enable-main-frame-before-activation --renderer-client-id=8 --launch-time-ticks=37553943905 --mojo-platform-channel-handle=2764 --field-trial-handle=1692,i,10265732908912287677,16462732094066725302,131072 --disable-features=BackForwardCache,CalculateNativeWinOcclusion,WinUseBrowserSpellChecker /prefetch:1 PATH: C:\Program Files\Adobe\Acrobat DC\Acrobat\acrocef_1\AcroCEF.exe PATCHED: 1
20250710T15:10:11Z STORRENTI LOKI: Info: MODULE: ProcessScan MESSAGE: Scanning Process PID: 20044 NAME: Adobe Crash Processor.exe OWNER: torrs CMD: "C:\Program Files\Adobe\Acrobat DC\Acrobat\Adobe Crash Processor.exe"  PATH: C:\Program Files\Adobe\Acrobat DC\Acrobat\Adobe Crash Processor.exe
20250710T15:10:12Z STORRENTI LOKI: Info: MODULE: ProcessScan MESSAGE: PE-Sieve reported no anomalies PID: 20044 NAME: Adobe Crash Processor.exe OWNER: torrs CMD: "C:\Program Files\Adobe\Acrobat DC\Acrobat\Adobe Crash Processor.exe"  PATH: C:\Program Files\Adobe\Acrobat DC\Acrobat\Adobe Crash Processor.exe
20250710T15:10:12Z STORRENTI LOKI: Info: MODULE: ProcessScan MESSAGE: Scanning Process PID: 14576 NAME: AcroCEF.exe OWNER: torrs CMD: "C:\Program Files\Adobe\Acrobat DC\Acrobat\acrocef_1\AcroCEF.exe" --type=renderer --log-severity=disable --user-agent-product="AcrobatServices/25.1.20531 Chrome/105.0.0.0" --user-data-dir="C:\Users\torrs\AppData\LocalLow\Adobe\AcroCef\DC\Acrobat\UserData" --log-file="C:\Program Files\Adobe\Acrobat DC\Acrobat\acrocef_1\debug.log" --touch-events=enabled --lang=en-US --device-scale-factor=1.5 --num-raster-threads=4 --enable-main-frame-before-activation --renderer-client-id=9 --launch-time-ticks=37556875609 --mojo-platform-channel-handle=3328 --field-trial-handle=1692,i,10265732908912287677,16462732094066725302,131072 --disable-features=BackForwardCache,CalculateNativeWinOcclusion,WinUseBrowserSpellChecker /prefetch:1 PATH: C:\Program Files\Adobe\Acrobat DC\Acrobat\acrocef_1\AcroCEF.exe
20250710T15:10:12Z STORRENTI LOKI: Notice: MODULE: ProcessScan MESSAGE: PE-Sieve reported patched process PID: 14576 NAME: AcroCEF.exe OWNER: torrs CMD: "C:\Program Files\Adobe\Acrobat DC\Acrobat\acrocef_1\AcroCEF.exe" --type=renderer --log-severity=disable --user-agent-product="AcrobatServices/25.1.20531 Chrome/105.0.0.0" --user-data-dir="C:\Users\torrs\AppData\LocalLow\Adobe\AcroCef\DC\Acrobat\UserData" --log-file="C:\Program Files\Adobe\Acrobat DC\Acrobat\acrocef_1\debug.log" --touch-events=enabled --lang=en-US --device-scale-factor=1.5 --num-raster-threads=4 --enable-main-frame-before-activation --renderer-client-id=9 --launch-time-ticks=37556875609 --mojo-platform-channel-handle=3328 --field-trial-handle=1692,i,10265732908912287677,16462732094066725302,131072 --disable-features=BackForwardCache,CalculateNativeWinOcclusion,WinUseBrowserSpellChecker /prefetch:1 PATH: C:\Program Files\Adobe\Acrobat DC\Acrobat\acrocef_1\AcroCEF.exe PATCHED: 1
20250710T15:10:12Z STORRENTI LOKI: Info: MODULE: ProcessScan MESSAGE: Scanning Process PID: 18848 NAME: backgroundTaskHost.exe OWNER: torrs CMD: "C:\WINDOWS\system32\backgroundTaskHost.exe" -ServerName:App.AppXfkd8mejksk4ancwf4vtyhmkvtzn1jcbs.mca PATH: C:\WINDOWS\system32\backgroundTaskHost.exe
20250710T15:10:13Z STORRENTI LOKI: Info: MODULE: ProcessScan MESSAGE: PE-Sieve reported no anomalies PID: 18848 NAME: backgroundTaskHost.exe OWNER: torrs CMD: "C:\WINDOWS\system32\backgroundTaskHost.exe" -ServerName:App.AppXfkd8mejksk4ancwf4vtyhmkvtzn1jcbs.mca PATH: C:\WINDOWS\system32\backgroundTaskHost.exe
20250710T15:10:13Z STORRENTI LOKI: Info: MODULE: ProcessScan MESSAGE: Scanning Process PID: 3160 NAME: svchost.exe OWNER: unknown CMD: C:\WINDOWS\system32\svchost.exe -k netsvcs -p -s wlidsvc PATH: C:\WINDOWS\system32\svchost.exe
20250710T15:10:13Z STORRENTI LOKI: Info: MODULE: ProcessScan MESSAGE: Scanning Process PID: 620 NAME: powershell.exe OWNER: torrs CMD: "C:\Windows\System32\WindowsPowerShell\v1.0\powershell.exe"  PATH: C:\Windows\System32\WindowsPowerShell\v1.0\powershell.exe
20250710T15:10:14Z STORRENTI LOKI: Notice: MODULE: ProcessScan MESSAGE: PE-Sieve reported patched process PID: 620 NAME: powershell.exe OWNER: torrs CMD: "C:\Windows\System32\WindowsPowerShell\v1.0\powershell.exe"  PATH: C:\Windows\System32\WindowsPowerShell\v1.0\powershell.exe PATCHED: 1
20250710T15:10:14Z STORRENTI LOKI: Info: MODULE: ProcessScan MESSAGE: Scanning Process PID: 1636 NAME: conhost.exe OWNER: torrs CMD: \??\C:\WINDOWS\system32\conhost.exe 0x4 PATH: C:\WINDOWS\system32\conhost.exe
20250710T15:10:14Z STORRENTI LOKI: Info: MODULE: ProcessScan MESSAGE: PE-Sieve reported no anomalies PID: 1636 NAME: conhost.exe OWNER: torrs CMD: \??\C:\WINDOWS\system32\conhost.exe 0x4 PATH: C:\WINDOWS\system32\conhost.exe
20250710T15:10:14Z STORRENTI LOKI: Info: MODULE: ProcessScan MESSAGE: Skipping LOKI Process PID: 19748 NAME: loki.exe OWNER: torrs CMD: "C:\Users\torrs\Documents\GitHub\Dossier-Projet\cour\cour formation\SEC102\loki\loki.exe" -p C:\ PATH: C:\Users\torrs\Documents\GitHub\Dossier-Projet\cour\cour formation\SEC102\loki\loki.exe
20250710T15:10:14Z STORRENTI LOKI: Info: MODULE: ProcessScan MESSAGE: Skipping LOKI Process PID: 25944 NAME: loki.exe OWNER: torrs CMD: "C:\Users\torrs\Documents\GitHub\Dossier-Projet\cour\cour formation\SEC102\loki\loki.exe" -p C:\ PATH: C:\Users\torrs\Documents\GitHub\Dossier-Projet\cour\cour formation\SEC102\loki\loki.exe
20250710T15:10:14Z STORRENTI LOKI: Info: MODULE: ProcessScan MESSAGE: Scanning Process PID: 6276 NAME: WmiPrvSE.exe OWNER: SERVICE RÉSEAU CMD: C:\WINDOWS\system32\wbem\wmiprvse.exe PATH: C:\WINDOWS\system32\wbem\wmiprvse.exe
20250710T15:10:15Z STORRENTI LOKI: Info: MODULE: ProcessScan MESSAGE: PE-Sieve reported no anomalies PID: 6276 NAME: WmiPrvSE.exe OWNER: SERVICE RÉSEAU CMD: C:\WINDOWS\system32\wbem\wmiprvse.exe PATH: C:\WINDOWS\system32\wbem\wmiprvse.exe
20250710T15:10:15Z STORRENTI LOKI: Info: MODULE: FileScan MESSAGE: Scanning Path C:\ ...  
20250710T15:19:22Z STORRENTI LOKI: Info: MODULE: Init MESSAGE: LOKI's work has been interrupted by a human. Returning to Asgard.
